type	dataset_uuid	dataset_source_repo	dataset_source_id	dataset_source_url	dataset_pmid	funding_source	link_status	study_group	record_check	record_note	triage_tier	in_ins	evidence_paper	evidence_sentence
dataset	55c76481-ab8e-52c2-9844-9dd416dd3ada	Dataverse	10.18130/v3/savmvd	https://doi.org/10.18130/v3/savmvd	40360762	R01CA279134	RESOLVES	Dataverse:10.18130/v3/savmvd	record names this award	DataCite record names award R01CA279134	1	no	https://europepmc.org/article/PMC/PMC12354199	MRIs from these studies are available on UVA Dataverse at 10.18130/V3/SAVMVD (ref. 78 ).
dataset	8329d10e-698f-548e-b45d-f6136c523eb9	Dataverse	10.7910/dvn/e5t6jb	https://doi.org/10.7910/dvn/e5t6jb	41124169	R01CA297869	RESOLVES	Dataverse:10.7910/dvn/e5t6jb	record names an author of this paper	DataCite record lists an author of this paper as a submitter	1	no	https://europepmc.org/article/PMC/PMC12543122	The data supporting this study’s findings are available through the Harvard Dataverse repository at https://doi.org/10.7910/DVN/E5T6JB.
dataset	f489a9a0-9ef1-5010-86e4-5bfbb3f867e0	Dataverse	10.7910/dvn/isyqvc	https://doi.org/10.7910/dvn/isyqvc	42556344	R01CA288696	RESOLVES	Dataverse:10.7910/dvn/isyqvc	record names an author of this paper	DataCite record lists an author of this paper as a submitter	1	no	https://europepmc.org/article/PMC/PMC13522764	Datasets used for image and mass spectroscopy (MALDI) analysis are available and deposited in Harvard Dataverse: https://doi.org/10.7910/DVN/ISYQVC and in MetaboLights: MTBLS14754 (also listed in the STAR Methods key resources table ).
dataset	f542efec-1a25-5843-853e-11b069f59e8b	Dataverse	10.7910/dvn/ri83wg	https://doi.org/10.7910/dvn/ri83wg	40565890	R01CA279808	RESOLVES	Dataverse:10.7910/dvn/ri83wg	record names an author of this paper	DataCite record lists an author of this paper as a submitter	1	no	https://europepmc.org/article/PMC/PMC12193820	The data that support the findings of this study are openly available in the Harvard Dataverse at https://doi.org/10.7910/DVN/RI83WG (accessed on 3 June 2025).
dataset	24077b44-3ed0-5b0f-bf17-b8f6998f6f66	Dryad	10.5061/dryad.15dv41p7z	https://doi.org/10.5061/dryad.15dv41p7z	41062692	R01CA285345	RESOLVES	Dryad:10.5061/dryad.15dv41p7z	record cites this paper	DataCite record cites this paper	1	no	https://europepmc.org/article/PMC/PMC12675284	Data associated with predicted KCTD10 interactions are available on Dryad (10.5061/dryad.15dv41p7z).
dataset	c1f97d69-a84f-5200-b859-286b31b7dd93	Dryad	10.5061/dryad.dncjsxm91	https://doi.org/10.5061/dryad.dncjsxm91	40731149	R01CA285336	RESOLVES	Dryad:10.5061/dryad.dncjsxm91	record cites this paper	DataCite record cites this paper	1	no	https://europepmc.org/article/PMC/PMC12373500	They are also publicly available from Dryad (10.5061/dryad.dncjsxm91).
dataset	17b16441-8e62-5568-8a83-8bf39d1663f6	Dryad	10.5061/dryad.fxpnvx15v	https://doi.org/10.5061/dryad.fxpnvx15v	41397376	R01CA289291	RESOLVES	Dryad:10.5061/dryad.fxpnvx15v	record cites this paper	DataCite record cites this paper	1	no	https://europepmc.org/article/PMC/PMC12745674	The data that support the findings of this study will be openly available following an embargo at the following URL/DOI: http://doi.org/10.5061/dryad.fxpnvx15v [ 80 ].
dataset	f868205f-b4a8-50c0-a7fb-1d632d9f0151	EMDB	EMD-47174	https://www.ebi.ac.uk/emdb/EMD-47174	41699285	R01CA280720	RESOLVES	EMDB:EMD-47174	record names an author of this paper	EMDB record lists an author of this paper as a submitter	1	no	https://europepmc.org/article/PMC/PMC13249469	The cryo-EM data generated by this study were deposited to the EM Data Bank under accession code EMD-47174 <https://www.ebi.ac.uk/pdbe/entry/emdb/EMD-47174> .
dataset	2b18d072-1141-5ac1-8003-e429f64bbc4c	EMDB	EMD-47500	https://www.ebi.ac.uk/emdb/EMD-47500	41404609;41673158	R01CA290875	RESOLVES	EMDB:EMD-47500	record cites this paper	EMDB record cites this paper	1	no	https://europepmc.org/article/PMC/PMC13128448	CSN DM -N8~CRL1, 9EFM <https://doi.org/10.2210/pdb9EFM/pdb> , EMD-47976 <http://www.ebi.ac.uk/pdbe/entry/emdb/EMD-47976> , EMD-47500 <http://www.ebi.ac.uk/pdbe/entry/emdb/EMD-47500> and EMD-47502 <http://www.ebi.ac.uk/pdbe/entry/emdb/EMD-47502> ;
dataset	dd56ff34-399b-5316-906a-59a29f734d5e	EMDB	EMD-47502	https://www.ebi.ac.uk/emdb/EMD-47502	41404609;41673158	R01CA290875	RESOLVES	EMDB:EMD-47502	record cites this paper	EMDB record cites this paper	1	no	https://europepmc.org/article/PMC/PMC13128448	CSN DM -N8~CRL1, 9EFM <https://doi.org/10.2210/pdb9EFM/pdb> , EMD-47976 <http://www.ebi.ac.uk/pdbe/entry/emdb/EMD-47976> , EMD-47500 <http://www.ebi.ac.uk/pdbe/entry/emdb/EMD-47500> and EMD-47502 <http://www.ebi.ac.uk/pdbe/entry/emdb/EMD-47502> ;
dataset	58780129-aeba-5237-9d23-52845f5476e5	EMDB	EMD-47532	https://www.ebi.ac.uk/emdb/EMD-47532	41404609;41673158	R01CA290875	RESOLVES	EMDB:EMD-47532	record cites this paper	EMDB record cites this paper	1	no	https://europepmc.org/article/PMC/PMC13128448	The coordinates and cryo-EM maps have been deposited in the PDB and the Electron Microscopy Data Bank with the following accession codes: CSN, 9E5Z <https://doi.org/10.2210/pdb9E5Z/pdb> , EMD-47532 <http://www.ebi.ac.uk/pdbe/entry/emdb/EMD-47532> ;
dataset	e38aa730-362b-5398-8ba7-574f0d15371b	EMDB	EMD-47543	https://www.ebi.ac.uk/emdb/EMD-47543	41404609;41673158	R01CA290875	RESOLVES	EMDB:EMD-47543	record cites this paper	EMDB record cites this paper	1	no	https://europepmc.org/article/PMC/PMC13128448	CSN DM -N8~CRL4A, 9EG8 <https://doi.org/10.2210/pdb9EG8/pdb> , EMD-47986 <http://www.ebi.ac.uk/pdbe/entry/emdb/EMD-47986> , EMD-47543 <http://www.ebi.ac.uk/pdbe/entry/emdb/EMD-47543> and EMD-47699 <http://www.ebi.ac.uk/pdbe/entry/emdb/EMD-47699> ;
dataset	3883d319-b862-5e54-972d-a1bc7fcd786b	EMDB	EMD-47660	https://www.ebi.ac.uk/emdb/EMD-47660	41404609;41673158	R01CA290875	RESOLVES	EMDB:EMD-47660	record cites this paper	EMDB record cites this paper	1	no	https://europepmc.org/article/PMC/PMC13128448	CSN5i-3-CSN-N8~CRL1, 9EFV <https://doi.org/10.2210/pdb9EFV/pdb> , EMD-47981 <http://www.ebi.ac.uk/pdbe/entry/emdb/EMD-47981> , EMD-47729 <http://www.ebi.ac.uk/pdbe/entry/emdb/EMD-47729> and EMD-47767 <http://www.ebi.ac.uk/pdbe/entry/emdb/EMD-47767> ; -CSN5i-3-CSN-N8, 9E77 <https://doi.org/10.2210/p…
dataset	b63d5108-5226-5c0e-a873-02887db4c075	EMDB	EMD-47663	https://www.ebi.ac.uk/emdb/EMD-47663	41404609;41673158	R01CA290875	RESOLVES	EMDB:EMD-47663	record cites this paper	EMDB record cites this paper	1	no	https://europepmc.org/article/PMC/PMC13128448	CSN DM -N8~CRL5, 9EG1 <https://doi.org/10.2210/pdb9EG1/pdb> , EMD-47983 <http://www.ebi.ac.uk/pdbe/entry/emdb/EMD-47983> , EMD-47663 <http://www.ebi.ac.uk/pdbe/entry/emdb/EMD-47663> and EMD-47665 <http://www.ebi.ac.uk/pdbe/entry/emdb/EMD-47665> .
dataset	927239e4-2fc7-51c2-b874-41c9fe6b70b2	EMDB	EMD-47665	https://www.ebi.ac.uk/emdb/EMD-47665	41404609;41673158	R01CA290875	RESOLVES	EMDB:EMD-47665	record cites this paper	EMDB record cites this paper	1	no	https://europepmc.org/article/PMC/PMC13128448	CSN DM -N8~CRL5, 9EG1 <https://doi.org/10.2210/pdb9EG1/pdb> , EMD-47983 <http://www.ebi.ac.uk/pdbe/entry/emdb/EMD-47983> , EMD-47663 <http://www.ebi.ac.uk/pdbe/entry/emdb/EMD-47663> and EMD-47665 <http://www.ebi.ac.uk/pdbe/entry/emdb/EMD-47665> .
dataset	0822ac7d-761c-5660-acab-ea7bcffa795f	EMDB	EMD-47698	https://www.ebi.ac.uk/emdb/EMD-47698	41404609;41673158	R01CA290875	RESOLVES	EMDB:EMD-47698	record cites this paper	EMDB record cites this paper	1	no	https://europepmc.org/article/PMC/PMC13128448	CSN5i-3-CSN, 9E81 <https://doi.org/10.2210/pdb9E81/pdb> , EMD-47698 <http://www.ebi.ac.uk/pdbe/entry/emdb/EMD-47698> ;
dataset	c998ebb0-0bcd-5a8a-8724-7fa2c51bdef9	EMDB	EMD-47699	https://www.ebi.ac.uk/emdb/EMD-47699	41404609;41673158	R01CA290875	RESOLVES	EMDB:EMD-47699	record cites this paper	EMDB record cites this paper	1	no	https://europepmc.org/article/PMC/PMC13128448	CSN DM -N8~CRL4A, 9EG8 <https://doi.org/10.2210/pdb9EG8/pdb> , EMD-47986 <http://www.ebi.ac.uk/pdbe/entry/emdb/EMD-47986> , EMD-47543 <http://www.ebi.ac.uk/pdbe/entry/emdb/EMD-47543> and EMD-47699 <http://www.ebi.ac.uk/pdbe/entry/emdb/EMD-47699> ;
dataset	1552affa-be05-5024-85bf-3b27ecebc485	EMDB	EMD-47701	https://www.ebi.ac.uk/emdb/EMD-47701	41404609;41673158	R01CA290875	RESOLVES	EMDB:EMD-47701	record cites this paper	EMDB record cites this paper	1	no	https://europepmc.org/article/PMC/PMC13128448	CSN DM -N8~CRL2, 9EFQ <https://doi.org/10.2210/pdb9EFQ/pdb> , EMD-47977 <http://www.ebi.ac.uk/pdbe/entry/emdb/EMD-47977> , EMD-47701 <http://www.ebi.ac.uk/pdbe/entry/emdb/EMD-47701> and EMD-47702 <http://www.ebi.ac.uk/pdbe/entry/emdb/EMD-47702> ;
dataset	800c2339-e067-5d6c-897b-d8cdc25d72dd	EMDB	EMD-47702	https://www.ebi.ac.uk/emdb/EMD-47702	41404609;41673158	R01CA290875	RESOLVES	EMDB:EMD-47702	record cites this paper	EMDB record cites this paper	1	no	https://europepmc.org/article/PMC/PMC13128448	CSN DM -N8~CRL2, 9EFQ <https://doi.org/10.2210/pdb9EFQ/pdb> , EMD-47977 <http://www.ebi.ac.uk/pdbe/entry/emdb/EMD-47977> , EMD-47701 <http://www.ebi.ac.uk/pdbe/entry/emdb/EMD-47701> and EMD-47702 <http://www.ebi.ac.uk/pdbe/entry/emdb/EMD-47702> ;
dataset	b685a4cf-dcb7-5303-871d-7e1b3b55b13d	EMDB	EMD-47729	https://www.ebi.ac.uk/emdb/EMD-47729	41404609;41673158	R01CA290875	RESOLVES	EMDB:EMD-47729	record cites this paper	EMDB record cites this paper	1	no	https://europepmc.org/article/PMC/PMC13128448	CSN5i-3-CSN-N8~CRL1, 9EFV <https://doi.org/10.2210/pdb9EFV/pdb> , EMD-47981 <http://www.ebi.ac.uk/pdbe/entry/emdb/EMD-47981> , EMD-47729 <http://www.ebi.ac.uk/pdbe/entry/emdb/EMD-47729> and EMD-47767 <http://www.ebi.ac.uk/pdbe/entry/emdb/EMD-47767> ; -CSN5i-3-CSN-N8, 9E77 <https://doi.org/10.2210/p…
dataset	cae85e6f-8211-5fb0-905c-9761905ebc6e	EMDB	EMD-47767	https://www.ebi.ac.uk/emdb/EMD-47767	41404609;41673158	R01CA290875	RESOLVES	EMDB:EMD-47767	record cites this paper	EMDB record cites this paper	1	no	https://europepmc.org/article/PMC/PMC13128448	CSN5i-3-CSN-N8~CRL1, 9EFV <https://doi.org/10.2210/pdb9EFV/pdb> , EMD-47981 <http://www.ebi.ac.uk/pdbe/entry/emdb/EMD-47981> , EMD-47729 <http://www.ebi.ac.uk/pdbe/entry/emdb/EMD-47729> and EMD-47767 <http://www.ebi.ac.uk/pdbe/entry/emdb/EMD-47767> ; -CSN5i-3-CSN-N8, 9E77 <https://doi.org/10.2210/p…
dataset	aa26c7bf-43bf-51e1-98b7-81ecdc13fef2	EMDB	EMD-47776	https://www.ebi.ac.uk/emdb/EMD-47776	41404609;41673158	R01CA290875	RESOLVES	EMDB:EMD-47776	record cites this paper	EMDB record cites this paper	1	no	https://europepmc.org/article/PMC/PMC13128448	CSN DM -N8~CRL3, 9EGL <https://doi.org/10.2210/pdb9EGL/pdb> , EMD-47990 <http://www.ebi.ac.uk/pdbe/entry/emdb/EMD-47990> , EMD-47776 <http://www.ebi.ac.uk/pdbe/entry/emdb/EMD-47776> and EMD-47985 <http://www.ebi.ac.uk/pdbe/entry/emdb/EMD-47985> ;
dataset	61424430-71d6-598d-96ea-21c268b1a2fa	EMDB	EMD-47932	https://www.ebi.ac.uk/emdb/EMD-47932	40963021	R01CA285366	RESOLVES	EMDB:EMD-47932	record cites this paper	EMDB record cites this paper	1	no	https://europepmc.org/article/PMC/PMC12448111	Cryo-EM density maps were deposited in the Electron Microscopy Data Bank with accession numbers EMD-47932 <http://www.ebi.ac.uk/pdbe/entry/emdb/EMD-47932> (a composite map of mTORC1-RAG-Ragulator-4E-BP1 on the membrane), EMD-47933 <http://www.ebi.ac.uk/pdbe/entry/emdb/EMD-47933> (focused refinement…
dataset	d845ce19-2127-5778-b28a-b3bb3fcfe014	EMDB	EMD-47933	https://www.ebi.ac.uk/emdb/EMD-47933	40963021	R01CA285366	RESOLVES	EMDB:EMD-47933	record cites this paper	EMDB record cites this paper	1	no	https://europepmc.org/article/PMC/PMC12448111	Cryo-EM density maps were deposited in the Electron Microscopy Data Bank with accession numbers EMD-47932 <http://www.ebi.ac.uk/pdbe/entry/emdb/EMD-47932> (a composite map of mTORC1-RAG-Ragulator-4E-BP1 on the membrane), EMD-47933 <http://www.ebi.ac.uk/pdbe/entry/emdb/EMD-47933> (focused refinement…
dataset	167dfa68-7e39-5bce-a030-bb827114f832	EMDB	EMD-47934	https://www.ebi.ac.uk/emdb/EMD-47934	40963021	R01CA285366	RESOLVES	EMDB:EMD-47934	record cites this paper	EMDB record cites this paper	1	no	https://europepmc.org/article/PMC/PMC12448111	Cryo-EM density maps were deposited in the Electron Microscopy Data Bank with accession numbers EMD-47932 <http://www.ebi.ac.uk/pdbe/entry/emdb/EMD-47932> (a composite map of mTORC1-RAG-Ragulator-4E-BP1 on the membrane), EMD-47933 <http://www.ebi.ac.uk/pdbe/entry/emdb/EMD-47933> (focused refinement…
dataset	06e309dc-29fc-5c6f-ac5a-330927cdfbdd	EMDB	EMD-47935	https://www.ebi.ac.uk/emdb/EMD-47935	40963021	R01CA285366	RESOLVES	EMDB:EMD-47935	record cites this paper	EMDB record cites this paper	1	no	https://europepmc.org/article/PMC/PMC12448111	Cryo-EM density maps were deposited in the Electron Microscopy Data Bank with accession numbers EMD-47932 <http://www.ebi.ac.uk/pdbe/entry/emdb/EMD-47932> (a composite map of mTORC1-RAG-Ragulator-4E-BP1 on the membrane), EMD-47933 <http://www.ebi.ac.uk/pdbe/entry/emdb/EMD-47933> (focused refinement…
dataset	1f0a8fc9-2eac-516a-b3ee-0ef5ab6515dc	EMDB	EMD-47936	https://www.ebi.ac.uk/emdb/EMD-47936	40963021	R01CA285366	RESOLVES	EMDB:EMD-47936	record cites this paper	EMDB record cites this paper	1	no	https://europepmc.org/article/PMC/PMC12448111	Cryo-EM density maps were deposited in the Electron Microscopy Data Bank with accession numbers EMD-47932 <http://www.ebi.ac.uk/pdbe/entry/emdb/EMD-47932> (a composite map of mTORC1-RAG-Ragulator-4E-BP1 on the membrane), EMD-47933 <http://www.ebi.ac.uk/pdbe/entry/emdb/EMD-47933> (focused refinement…
dataset	55b6df80-f314-5651-9a22-12fdfc42d915	EMDB	EMD-47937	https://www.ebi.ac.uk/emdb/EMD-47937	40963021	R01CA285366	RESOLVES	EMDB:EMD-47937	record cites this paper	EMDB record cites this paper	1	no	https://europepmc.org/article/PMC/PMC12448111	Cryo-EM density maps were deposited in the Electron Microscopy Data Bank with accession numbers EMD-47932 <http://www.ebi.ac.uk/pdbe/entry/emdb/EMD-47932> (a composite map of mTORC1-RAG-Ragulator-4E-BP1 on the membrane), EMD-47933 <http://www.ebi.ac.uk/pdbe/entry/emdb/EMD-47933> (focused refinement…
dataset	eca5a660-2218-5992-9ce2-fcb11a88b999	EMDB	EMD-47938	https://www.ebi.ac.uk/emdb/EMD-47938	40963021	R01CA285366	RESOLVES	EMDB:EMD-47938	record cites this paper	EMDB record cites this paper	1	no	https://europepmc.org/article/PMC/PMC12448111	Cryo-EM density maps were deposited in the Electron Microscopy Data Bank with accession numbers EMD-47932 <http://www.ebi.ac.uk/pdbe/entry/emdb/EMD-47932> (a composite map of mTORC1-RAG-Ragulator-4E-BP1 on the membrane), EMD-47933 <http://www.ebi.ac.uk/pdbe/entry/emdb/EMD-47933> (focused refinement…
dataset	07bde821-6b15-507b-8b1d-d216e3ce3a25	EMDB	EMD-47939	https://www.ebi.ac.uk/emdb/EMD-47939	40963021	R01CA285366	RESOLVES	EMDB:EMD-47939	record cites this paper	EMDB record cites this paper	1	no	https://europepmc.org/article/PMC/PMC12448111	Cryo-EM density maps were deposited in the Electron Microscopy Data Bank with accession numbers EMD-47932 <http://www.ebi.ac.uk/pdbe/entry/emdb/EMD-47932> (a composite map of mTORC1-RAG-Ragulator-4E-BP1 on the membrane), EMD-47933 <http://www.ebi.ac.uk/pdbe/entry/emdb/EMD-47933> (focused refinement…
dataset	be960cc4-443d-5862-8f59-b274592a02a5	EMDB	EMD-47940	https://www.ebi.ac.uk/emdb/EMD-47940	40963021	R01CA285366	RESOLVES	EMDB:EMD-47940	record cites this paper	EMDB record cites this paper	1	no	https://europepmc.org/article/PMC/PMC12448111	Cryo-EM density maps were deposited in the Electron Microscopy Data Bank with accession numbers EMD-47932 <http://www.ebi.ac.uk/pdbe/entry/emdb/EMD-47932> (a composite map of mTORC1-RAG-Ragulator-4E-BP1 on the membrane), EMD-47933 <http://www.ebi.ac.uk/pdbe/entry/emdb/EMD-47933> (focused refinement…
dataset	1d211684-6029-55f7-81c1-25845ab263b0	EMDB	EMD-47976	https://www.ebi.ac.uk/emdb/EMD-47976	41404609;41673158	R01CA290875	RESOLVES	EMDB:EMD-47976	record cites this paper	EMDB record cites this paper	1	no	https://europepmc.org/article/PMC/PMC13128448	CSN DM -N8~CRL1, 9EFM <https://doi.org/10.2210/pdb9EFM/pdb> , EMD-47976 <http://www.ebi.ac.uk/pdbe/entry/emdb/EMD-47976> , EMD-47500 <http://www.ebi.ac.uk/pdbe/entry/emdb/EMD-47500> and EMD-47502 <http://www.ebi.ac.uk/pdbe/entry/emdb/EMD-47502> ;
dataset	0c1e5425-5a0b-5ad5-bc6e-f8bef10b72da	EMDB	EMD-47977	https://www.ebi.ac.uk/emdb/EMD-47977	41404609;41673158	R01CA290875	RESOLVES	EMDB:EMD-47977	record cites this paper	EMDB record cites this paper	1	no	https://europepmc.org/article/PMC/PMC13128448	CSN DM -N8~CRL2, 9EFQ <https://doi.org/10.2210/pdb9EFQ/pdb> , EMD-47977 <http://www.ebi.ac.uk/pdbe/entry/emdb/EMD-47977> , EMD-47701 <http://www.ebi.ac.uk/pdbe/entry/emdb/EMD-47701> and EMD-47702 <http://www.ebi.ac.uk/pdbe/entry/emdb/EMD-47702> ;
dataset	85832474-5cba-5f29-a240-ea74e120603a	EMDB	EMD-47981	https://www.ebi.ac.uk/emdb/EMD-47981	41404609;41673158	R01CA290875	RESOLVES	EMDB:EMD-47981	record cites this paper	EMDB record cites this paper	1	no	https://europepmc.org/article/PMC/PMC13128448	CSN5i-3-CSN-N8~CRL1, 9EFV <https://doi.org/10.2210/pdb9EFV/pdb> , EMD-47981 <http://www.ebi.ac.uk/pdbe/entry/emdb/EMD-47981> , EMD-47729 <http://www.ebi.ac.uk/pdbe/entry/emdb/EMD-47729> and EMD-47767 <http://www.ebi.ac.uk/pdbe/entry/emdb/EMD-47767> ; -CSN5i-3-CSN-N8, 9E77 <https://doi.org/10.2210/p…
dataset	f1b6b8f2-802a-5f21-ab87-62c9ab9c0ded	EMDB	EMD-47983	https://www.ebi.ac.uk/emdb/EMD-47983	41404609;41673158	R01CA290875	RESOLVES	EMDB:EMD-47983	record cites this paper	EMDB record cites this paper	1	no	https://europepmc.org/article/PMC/PMC13128448	CSN DM -N8~CRL5, 9EG1 <https://doi.org/10.2210/pdb9EG1/pdb> , EMD-47983 <http://www.ebi.ac.uk/pdbe/entry/emdb/EMD-47983> , EMD-47663 <http://www.ebi.ac.uk/pdbe/entry/emdb/EMD-47663> and EMD-47665 <http://www.ebi.ac.uk/pdbe/entry/emdb/EMD-47665> .
dataset	8955a617-3cc1-598f-a9d4-df83efd255dc	EMDB	EMD-47985	https://www.ebi.ac.uk/emdb/EMD-47985	41404609;41673158	R01CA290875	RESOLVES	EMDB:EMD-47985	record cites this paper	EMDB record cites this paper	1	no	https://europepmc.org/article/PMC/PMC13128448	CSN DM -N8~CRL3, 9EGL <https://doi.org/10.2210/pdb9EGL/pdb> , EMD-47990 <http://www.ebi.ac.uk/pdbe/entry/emdb/EMD-47990> , EMD-47776 <http://www.ebi.ac.uk/pdbe/entry/emdb/EMD-47776> and EMD-47985 <http://www.ebi.ac.uk/pdbe/entry/emdb/EMD-47985> ;
dataset	af63b605-8888-51a3-95df-f5496b965b02	EMDB	EMD-47986	https://www.ebi.ac.uk/emdb/EMD-47986	41404609;41673158	R01CA290875	RESOLVES	EMDB:EMD-47986	record cites this paper	EMDB record cites this paper	1	no	https://europepmc.org/article/PMC/PMC13128448	CSN DM -N8~CRL4A, 9EG8 <https://doi.org/10.2210/pdb9EG8/pdb> , EMD-47986 <http://www.ebi.ac.uk/pdbe/entry/emdb/EMD-47986> , EMD-47543 <http://www.ebi.ac.uk/pdbe/entry/emdb/EMD-47543> and EMD-47699 <http://www.ebi.ac.uk/pdbe/entry/emdb/EMD-47699> ;
dataset	3076e071-4c05-55bc-a7fc-020238cab8cc	EMDB	EMD-47990	https://www.ebi.ac.uk/emdb/EMD-47990	41404609;41673158	R01CA290875	RESOLVES	EMDB:EMD-47990	record cites this paper	EMDB record cites this paper	1	no	https://europepmc.org/article/PMC/PMC13128448	CSN DM -N8~CRL3, 9EGL <https://doi.org/10.2210/pdb9EGL/pdb> , EMD-47990 <http://www.ebi.ac.uk/pdbe/entry/emdb/EMD-47990> , EMD-47776 <http://www.ebi.ac.uk/pdbe/entry/emdb/EMD-47776> and EMD-47985 <http://www.ebi.ac.uk/pdbe/entry/emdb/EMD-47985> ;
dataset	4a515c93-7854-586e-a8bd-173787624030	EMDB	EMD-70833	https://www.ebi.ac.uk/emdb/EMD-70833	40715445	R01CA285366	RESOLVES	EMDB:EMD-70833	record cites this paper	EMDB record cites this paper	1	no	https://europepmc.org/article/PMC/PMC12477443	The coordinates and density map for the CASTOR1 complex were deposited to the PDB and Electron Microscopy Data Bank (EMDB) with accession codes 9OTI <https://doi.org/10.2210/pdb9OTI/pdb> and EMD-70833 <http://www.ebi.ac.uk/pdbe/entry/emdb/EMD-70833> , respectively.
dataset	f08242eb-81bd-5b79-948c-41c80eb1082f	EMDB	EMD-71639	https://www.ebi.ac.uk/emdb/EMD-71639	41404609;41673158	R01CA290875	RESOLVES	EMDB:EMD-71639	record cites this paper	EMDB record cites this paper	1	no	https://europepmc.org/article/PMC/PMC13128448	CSN5i-1a-CSN, 9PH4 <https://doi.org/10.2210/pdb9PH4/pdb> , EMD-71639 <http://www.ebi.ac.uk/pdbe/entry/emdb/EMD-71639> ;
dataset	aa71082a-9a57-56dc-acc2-a96bc7579ca1	EMDB	EMD-73285	https://www.ebi.ac.uk/emdb/EMD-73285	41793187	R01CA293084	RESOLVES	EMDB:EMD-73285	record cites this paper	EMDB record cites this paper	1	no	https://europepmc.org/article/PMC/PMC13137804	For VCP hexamer-UTE-156, PDB ID: 9YP6 and EMDB ID: EMD-73285.
dataset	7eeca4aa-ad1a-5e09-be6c-1c8e836ff859	EMDB	EMD-73287	https://www.ebi.ac.uk/emdb/EMD-73287	41793187	R01CA293084	RESOLVES	EMDB:EMD-73287	record cites this paper	EMDB record cites this paper	1	no	https://europepmc.org/article/PMC/PMC13137804	For VCP dodecamer-UTE-156, PDB ID: 9YP8 and EMDB ID: EMD-73287.
dataset	836b8c71-24ae-5090-a851-9ef8594607a9	EMDB	EMD-75391	https://www.ebi.ac.uk/emdb/EMD-75391	41793187	R01CA293084	RESOLVES	EMDB:EMD-75391	record cites this paper	EMDB record cites this paper	1	no	https://europepmc.org/article/PMC/PMC13137804	For VCP hexamer (DMSO control) PDB ID: 10QR and EMDB ID: EMD-75392; for VCP dodecamer (DMSO control) PDB ID: 10QQ and EMDB ID: EMD-75391.
dataset	4b31e600-0331-50f8-a329-6ca617ba77d4	EMDB	EMD-75392	https://www.ebi.ac.uk/emdb/EMD-75392	41793187	R01CA293084	RESOLVES	EMDB:EMD-75392	record cites this paper	EMDB record cites this paper	1	no	https://europepmc.org/article/PMC/PMC13137804	For VCP hexamer (DMSO control) PDB ID: 10QR and EMDB ID: EMD-75392; for VCP dodecamer (DMSO control) PDB ID: 10QQ and EMDB ID: EMD-75391.
dataset	38b64cd8-0258-5a97-a737-d4b761d60d3d	Figshare	10.6084/m9.figshare.26240102	https://doi.org/10.6084/m9.figshare.26240102	39956863	R01CA288696	RESOLVES	Figshare:10.6084/m9.figshare.26240102	record cites this paper	DataCite record cites this paper	1	no	https://europepmc.org/article/PMC/PMC12048354	The datasets generated during and/or analyzed during the current study are available from the corresponding author on reasonable request and via the Figshare (10.6084/m9.figshare.26240102).
dataset	3859c342-0ca4-5913-afc0-f3a17e9784e5	Figshare	10.6084/m9.figshare.26541127.v1	https://doi.org/10.6084/m9.figshare.26541127.v1	40315298	R01CA278976	RESOLVES	Figshare:10.6084/m9.figshare.26541127.v1	record names an author of this paper	DataCite record lists an author of this paper as a submitter	1	no	https://europepmc.org/article/PMC/PMC12646167	Processed data files can be downloaded from the figshare platform (https://figshare.com <https://figshare.com/> ) under 10.6084/m9.figshare.26541127.v1 and explored via an interactive browser at https://immbiosg.github.io/FRCdataExplorer/.
dataset	b77bdec8-7121-58fb-8caa-8f3c3faa616d	Figshare	10.6084/m9.figshare.26835715	https://doi.org/10.6084/m9.figshare.26835715	39252894	R01CA292091	RESOLVES	Figshare:10.6084/m9.figshare.26835715	record names an author of this paper	DataCite record lists an author of this paper as a submitter	1	no	https://europepmc.org/article/PMC/PMC11383512	All relevant anonymized SyntheticMR unprocessed (pre-SyMRI) DICOM files are to be made publicly available after manuscript acceptance at the following DOI: 10.6084/m9.figshare.26835715.
dataset	1f7bc98a-3367-5b23-9c56-617c9a80b2f2	Figshare	10.6084/m9.figshare.27238350	https://doi.org/10.6084/m9.figshare.27238350	39537875	R01CA282699	RESOLVES	Figshare:10.6084/m9.figshare.27238350	record cites this paper	DataCite record cites this paper	1	no	https://europepmc.org/article/PMC/PMC13006131	Raw image data are deposited at the figshare depository (DOI: https://doi.org/10.6084/m9.figshare.27238350).
dataset	dbbe4340-efc9-598a-b6e9-be4a19e13188	Figshare	10.6084/m9.figshare.28703528	https://doi.org/10.6084/m9.figshare.28703528	40297418	R01CA292091	RESOLVES	Figshare:10.6084/m9.figshare.28703528	record names an author of this paper	DataCite record lists an author of this paper as a submitter	1	no	https://europepmc.org/article/PMC/PMC12036405	All relevant anonymized SyntheticMR quantitative maps and contours in NIfTI format are to be made publicly available after manuscript acceptance at the following DOI: 10.6084/m9.figshare.28703528.
dataset	c572778f-6735-5ea7-8c2a-80ccbc3a97ec	Figshare	10.6084/m9.figshare.29433656	https://doi.org/10.6084/m9.figshare.29433656	40715445	R01CA285366	RESOLVES	Figshare:10.6084/m9.figshare.29433656	record cites this paper	DataCite record cites this paper	1	no	https://europepmc.org/article/PMC/PMC12477443	Because the resolution of the of the SESN2 map was only 7.77 Å, we did not deposit it to the EMDB; however, the map and the associated AlphaFold-predicted structure are available from figshare (10.6084/m9.figshare.29433656) 45 .
dataset	951eb79b-8363-56d3-b6df-33b2f0621129	Figshare	10.6084/m9.figshare.29558621	https://doi.org/10.6084/m9.figshare.29558621	41295950	R01CA278976	RESOLVES	Figshare:10.6084/m9.figshare.29558621	record names an author of this paper	DataCite record lists an author of this paper as a submitter	1	no	https://europepmc.org/article/PMC/PMC12651234	Processed data files can be downloaded from the figshare platform (https://figshare.com) at https://doi.org/10.6084/m9.figshare.29558621.
dataset	0df2ab7e-9994-5dea-b6db-529eeaf2caa1	Figshare	10.6084/m9.figshare.30011143.v1	https://doi.org/10.6084/m9.figshare.30011143.v1	41160897	R01CA278832	RESOLVES	Figshare:10.6084/m9.figshare.30011143.v1	record names an author of this paper	DataCite record lists an author of this paper as a submitter	1	no	https://europepmc.org/article/PMC/PMC12571441	ChIP-seq peaks and motifs of TCF4 are assigned to target genes using Cumulative Analysis of Genomic Region Enrichment (CAGRE) v1.0 (https://github.com/jielv/CAGRE) and https://doi.org/10.6084/m9.figshare.30011143.v1.
dataset	a3737336-35c0-55e2-8df1-2119a0d1ec9c	Figshare	10.6084/m9.figshare.30327508.v2	https://doi.org/10.6084/m9.figshare.30327508.v2	41420084	R01CA294033	RESOLVES	Figshare:10.6084/m9.figshare.30327508.v2	record names an author of this paper	DataCite record lists an author of this paper as a submitter	1	no	https://europepmc.org/article/PMC/PMC12808140	URL link for Fig. 4 , Fig. 5 , Fig. 6 raw data: 10.6084/m9.figshare.30327508.v2.
dataset	e328812d-aa55-5a8b-a2c7-ee11a6a92a17	Figshare	10.6084/m9.figshare.31082878	https://doi.org/10.6084/m9.figshare.31082878	42209493	R01CA280279	RESOLVES	Figshare:10.6084/m9.figshare.31082878	record names this award	DataCite record names award R01CA280279	1	no	https://europepmc.org/article/PMC/PMC13388996	Figures, tables and, other raw data for validation is available at (10.6084/m9.figshare.31082878).
dataset	d3c3158b-2193-50d6-be83-d88ca23e2ce0	Figshare	10.6084/m9.figshare.31250995	https://doi.org/10.6084/m9.figshare.31250995	41704007	R01CA282202	RESOLVES	Figshare:10.6084/m9.figshare.31250995	record names an author of this paper	DataCite record lists an author of this paper as a submitter	1	no	https://europepmc.org/article/PMC/PMC13104122	The data that support the findings of this study are openly available in FigShare at https://doi.org/10.6084/m9.figshare.31250995, reference number 31250995.
dataset	8c9f74bd-2baa-5676-9c90-04d963d42a48	Figshare	10.6084/m9.figshare.31758442	https://doi.org/10.6084/m9.figshare.31758442	42197878	R01CA293050	RESOLVES	Figshare:10.6084/m9.figshare.31758442	record names an author of this paper	DataCite record lists an author of this paper as a submitter	1	no	https://europepmc.org/article/PMC/PMC13211296	The original data presented in the study are openly available in Figshare at https://doi.org/10.6084/m9.figshare.31758442.
dataset	3f85e5f7-d2bb-5430-8095-012cb4865380	Figshare	10.6084/m9.figshare.32035128	https://doi.org/10.6084/m9.figshare.32035128	42089785	R01CA283333	RESOLVES	Figshare:10.6084/m9.figshare.32035128	record names an author of this paper	DataCite record lists an author of this paper as a submitter	1	no	https://europepmc.org/article/PMC/PMC13251607	Genome-wide association study meta-analysis summary statistics are available via figshare (https://doi.org/10.6084/m9.figshare.32035128).
dataset	8abadc76-d107-578e-b415-3bec6e04f5dc	GEO	GSE129274	https://www.ncbi.nlm.nih.gov/geo/query/acc.cgi?acc=GSE129274	41037000	R01CA285801	RESOLVES	GEO:GSE129274	record cites this paper	GEO record cites this paper	1	no	https://europepmc.org/article/PMC/PMC12703358	Genomic and clinical data from NCT01834001 have been deposited in dbGaP and GEO at https://www.ncbi.nlm.nih.gov/gap/ and https://www.ncbi.nlm.nih.gov/geo/, respectively, and can be accessed with phs001821.v1.p1 (dbGaP) and GSE129274 (GEO).
dataset	cacf29ba-7a5b-5a30-8f6c-0681aa8592d9	GEO	GSE169156	https://www.ncbi.nlm.nih.gov/geo/query/acc.cgi?acc=GSE169156	40624951	R01CA279520;R01CA290112	RESOLVES	GEO:GSE169156	record cites this paper	GEO record cites this paper	1	no	https://europepmc.org/article/PMC/PMC12790056	The DNAm data, demographic information, and cancer treatment details generated and analyzed in this study are publicly available through the National Center for Biotechnology Information Gene Expression Omnibus under accession numbers GSE169156 <https://www.ncbi.nlm.nih.gov/geo/query/acc.cgi?acc=GS…
dataset	8ddbe9c1-59ba-5677-829b-01416d09e12f	GEO	GSE197674	https://www.ncbi.nlm.nih.gov/geo/query/acc.cgi?acc=GSE197674	40624951	R01CA279520;R01CA290112	RESOLVES	GEO:GSE197678	record cites this paper	GEO record cites this paper	1	no	https://europepmc.org/article/PMC/PMC12790056	The DNAm data, demographic information, and cancer treatment details generated and analyzed in this study are publicly available through the National Center for Biotechnology Information Gene Expression Omnibus under accession numbers GSE169156 <https://www.ncbi.nlm.nih.gov/geo/query/acc.cgi?acc=GS…
dataset	6a5ab3f0-0900-5b29-be04-2d47d4a0d9ed	GEO	GSE198157	https://www.ncbi.nlm.nih.gov/geo/query/acc.cgi?acc=GSE198157	39215099	R01CA292876	RESOLVES	GEO:GSE198157	record cites this paper	GEO record cites this paper	1	no	https://europepmc.org/article/PMC/PMC12206482	Raw and processed RNA-seq and ChIP-seq data were deposited to the National Center for Biotechnology Information Gene Expression Omnibus under accession number GSE198157.
dataset	ca80b357-6a1a-5154-8cb0-b8add0c63a98	GEO	GSE199380	https://www.ncbi.nlm.nih.gov/geo/query/acc.cgi?acc=GSE199380	38098451	R01CA283580	RESOLVES	GEO:GSE199380	record cites this paper	GEO record cites this paper	1	no	https://europepmc.org/article/PMC/PMC11932437	RNA sequencing data of antibody treated AML cell line data is available through GEO accession GSE199380.
dataset	b218259a-309e-5ab1-9716-5b565a1c3e20	GEO	GSE202174	https://www.ncbi.nlm.nih.gov/geo/query/acc.cgi?acc=GSE202174	40912739	R01CA291887	RESOLVES	GEO:GSE202174	record names an author of this paper	GEO record lists an author of this paper as a submitter	1	no	https://europepmc.org/article/PMC/PMC12414246	Data availability free text: The data generated in this study are available within the article and its Supplementary Data files. scRNA-sequencing data generated in this study are publicly available in Gene Expression Omnibus (GEO) at GSE202174.
dataset	30f4e80d-1d99-561f-a2e9-3861d2198323	GEO	GSE205815	https://www.ncbi.nlm.nih.gov/geo/query/acc.cgi?acc=GSE205815	39448571	R01CA278967;R01CA278971	RESOLVES	GEO:GSE205815	record cites this paper	GEO record cites this paper	1	no	https://europepmc.org/article/PMC/PMC11502753	The scRNA-seq data generated in this study have been deposited in the Gene Expression Omnibus database under accession code GSE205815 <https://www.ncbi.nlm.nih.gov/geo/query/acc.cgi?acc=GSE205815> .
dataset	f8c3b8e8-eca7-54ac-b72d-65d97c6e12b7	GEO	GSE208745	https://www.ncbi.nlm.nih.gov/geo/query/acc.cgi?acc=GSE208745	41857039	R01CA278832;R01CA285684	RESOLVES	GEO:GSE208745	record cites this paper	GEO record cites this paper	1	no	https://europepmc.org/article/PMC/PMC13153188	Data generated in this study: Raw and processed data generated in this study have been deposited in the GEO repository (https://www.ncbi.nlm.nih.gov/geo/) under accession number GSE208745.
dataset	db6915b0-4bd1-56fc-9624-be01fd14e081	GEO	GSE210490	https://www.ncbi.nlm.nih.gov/geo/query/acc.cgi?acc=GSE210490	39413198	R01CA287193	RESOLVES	GEO:GSE210490	record cites this paper	GEO record cites this paper	1	no	https://europepmc.org/article/PMC/PMC11482326	RNA-seq data are deposited to GEO under accession number GSE210490.
dataset	44da5ea4-b695-54d6-95c5-35c9dc9d69cc	GEO	GSE210746	https://www.ncbi.nlm.nih.gov/geo/query/acc.cgi?acc=GSE210746	42303814	R01CA290720	RESOLVES	GEO:GSE210746	record cites this paper	GEO record cites this paper	1	no	https://europepmc.org/article/PMC/PMC13297525	RNA-seq and QuantSeq data have been deposited at the NCBI Gene Expression Omnibus (GEO) GSE210746.
dataset	d622fb56-9c19-56a7-8f93-7b9d5f9a5f5a	GEO	GSE214414	https://www.ncbi.nlm.nih.gov/geo/query/acc.cgi?acc=GSE214414	40931837	R01CA278832	RESOLVES	GEO:GSE214414	record cites this paper	GEO record cites this paper	1	no	https://europepmc.org/article/PMC/PMC12669475	Single-cell RNA sequencing (scRNA-seq) data have been deposited in the Gene Expression Omnibus (GEO) under accession number GSE214414.
dataset	347c9a0b-e269-5f59-b978-50b69bce9072	GEO	GSE214804	https://www.ncbi.nlm.nih.gov/geo/query/acc.cgi?acc=GSE214804	40482644	R01CA287075	RESOLVES	GEO:GSE214804	record names an author of this paper	GEO record lists an author of this paper as a submitter	1	no	https://europepmc.org/article/PMC/PMC12281359	Both bulk RNA-seq (GEO: GSE214804; analyzed data available as Data S4 ) and single-EV RNA-seq datasets (GEO: GSE231846; analyzed data available as Data S5 ) were deposited on Gene Expression Omnibus (GEO) database and are available through https://www.ncbi.nlm.nih.gov/geo/.This study did not involv…
dataset	9174ece5-c648-5f8c-8404-b3947f98bc6b	GEO	GSE217195	https://www.ncbi.nlm.nih.gov/geo/query/acc.cgi?acc=GSE217195	38413714	R01CA279595	RESOLVES	GEO:GSE217195	record cites this paper	GEO record cites this paper	1	no	https://europepmc.org/article/PMC/PMC11056319	GSE217195 <https://www.ncbi.nlm.nih.gov/geo/query/acc.cgi?acc=GSE217195> and GSE217396 <https://www.ncbi.nlm.nih.gov/geo/query/acc.cgi?acc=GSE217396> .
dataset	3cb6bba3-c196-5f4c-ba21-4498c94fe929	GEO	GSE217396	https://www.ncbi.nlm.nih.gov/geo/query/acc.cgi?acc=GSE217396	38413714	R01CA279595	RESOLVES	GEO:GSE217396	record cites this paper	GEO record cites this paper	1	no	https://europepmc.org/article/PMC/PMC11056319	GSE217195 <https://www.ncbi.nlm.nih.gov/geo/query/acc.cgi?acc=GSE217195> and GSE217396 <https://www.ncbi.nlm.nih.gov/geo/query/acc.cgi?acc=GSE217396> .
dataset	6eb0c805-4c5c-5b5d-990b-db1d1c215773	GEO	GSE221112	https://www.ncbi.nlm.nih.gov/geo/query/acc.cgi?acc=GSE221112	38265938	R01CA282792	RESOLVES	GEO:GSE221112	record cites this paper	GEO record cites this paper	1	no	https://europepmc.org/article/PMC/PMC10962356	The RNA-sequencing data used in this study has been deposited (GEO: GSE221112 <https://www.ncbi.nlm.nih.gov/geo/query/acc.cgi?acc=GSE221112> ).
dataset	1937dc3e-4837-55c8-8a0b-da279ad6c33a	GEO	GSE222286	https://www.ncbi.nlm.nih.gov/geo/query/acc.cgi?acc=GSE222286	40178905	R01CA290743	RESOLVES	GEO:GSE222286	record cites this paper	GEO record cites this paper	1	no	https://europepmc.org/article/PMC/PMC12126218	Bulk RNA-Seq data have been deposited to the NCBI’s Gene Expression Omnibus database (GEO GSE222286 <https://www.ncbi.nlm.nih.gov/geo/query/acc.cgi?acc=GSE222286> ).
dataset	993d1978-aeeb-50a5-93a9-7ba1813663ca	GEO	GSE226266	https://www.ncbi.nlm.nih.gov/geo/query/acc.cgi?acc=GSE226266	38411616	R01CA278967;R01CA278971	RESOLVES	GEO:GSE226266	record names an author of this paper	GEO record lists an author of this paper as a submitter	1	no	https://europepmc.org/article/PMC/PMC10899090	The mouse scRNA-seq data ( Figs. 3 , 5 , S4 , and S5 ) are publicly available via the Gene Expression Omnibus database (GSE226266).
dataset	a9665570-1943-5c8f-81d2-8f8b99111044	GEO	GSE226556	https://www.ncbi.nlm.nih.gov/geo/query/acc.cgi?acc=GSE226556	38336745	R01CA288392	RESOLVES	GEO:GSE226556	record cites this paper	GEO record cites this paper	1	no	https://europepmc.org/article/PMC/PMC10858246	Raw data of RNA-seq and single-cell RNA-seq have been publicly deposited in Gene Expression Omnibus database under accession number GSE226556 <https://www.ncbi.nlm.nih.gov/geo/query/acc.cgi?acc=GSE226556> .
dataset	60826e4f-25f8-596a-ba88-c05198682215	GEO	GSE226821	https://www.ncbi.nlm.nih.gov/geo/query/acc.cgi?acc=GSE226821	38982045	R01CA285203	RESOLVES	GEO:GSE226821	record names an author of this paper	GEO record lists an author of this paper as a submitter	1	no	https://europepmc.org/article/PMC/PMC11233649	All raw sequencing data generated in this study have been deposited in the NCBI Gene Expression Omnibus (GEO) under accession number GSE226821 <https://www.ncbi.nlm.nih.gov/geo/query/acc.cgi?acc=GSE226821> .
dataset	3301be6c-8827-5196-a957-314b647a7b19	GEO	GSE229487	https://www.ncbi.nlm.nih.gov/geo/query/acc.cgi?acc=GSE229487	39276774	R01CA293908	RESOLVES	GEO:GSE229487	record cites this paper	GEO record cites this paper	1	no	https://europepmc.org/article/PMC/PMC11623344	Mouse bulk and single-cell RNA-sequencing data are available from GEO: GSE229487 and GSE25419, respectively.
dataset	0435f11a-2c86-5dd2-8d70-0bc25fdd95ea	GEO	GSE230602	https://www.ncbi.nlm.nih.gov/geo/query/acc.cgi?acc=GSE230602	38591846	R01CA288820;R01CA292949	RESOLVES	GEO:GSE230602	record cites this paper	GEO record cites this paper	1	no	https://europepmc.org/article/PMC/PMC11285331	All the described bulk RNA-seq data, ChIP-seq data, ATAC-seq, and 5hmC-seal seq have been deposited in the Gene Expression Omnibus (GEO, RRID: SCR_005012) under the accession numbers GSE230602.
dataset	c53232a8-e4e2-564b-8cea-ec3da9417004	GEO	GSE231846	https://www.ncbi.nlm.nih.gov/geo/query/acc.cgi?acc=GSE231846	40482644	R01CA287075	RESOLVES	GEO:GSE231846	record cites this paper	GEO record cites this paper	1	no	https://europepmc.org/article/PMC/PMC12281359	Both bulk RNA-seq (GEO: GSE214804; analyzed data available as Data S4 ) and single-EV RNA-seq datasets (GEO: GSE231846; analyzed data available as Data S5 ) were deposited on Gene Expression Omnibus (GEO) database and are available through https://www.ncbi.nlm.nih.gov/geo/.This study did not involv…
dataset	3367caf2-0ecd-529c-8a8d-dc8cf79567cb	GEO	GSE233148	https://www.ncbi.nlm.nih.gov/geo/query/acc.cgi?acc=GSE233148	38512964	R01CA279997	RESOLVES	GEO:GSE233148	record cites this paper	GEO record cites this paper	1	no	https://europepmc.org/article/PMC/PMC11020935	Our RNA-seq datasets on patient tissues, as well as LeGO-473ox and LeGO-Ctl cells, were deposited into the Gene Expression Omnibus (GEO: GSE233148).
dataset	ac43633f-7bb6-5a80-80c6-05c20cd9abb3	GEO	GSE234727	https://www.ncbi.nlm.nih.gov/geo/query/acc.cgi?acc=GSE234727	38552761	R01CA282251	RESOLVES	GEO:GSE234727	record cites this paper	GEO record cites this paper	1	no	https://europepmc.org/article/PMC/PMC12947970	RNA-seq data reported here have been deposited in the Gene Expression Omnibus (GEO) database (accession no. GSE234727).
dataset	750329ec-7a51-5dd7-85ed-4d68db94bdc3	GEO	GSE234999	https://www.ncbi.nlm.nih.gov/geo/query/acc.cgi?acc=GSE234999	38842581	R01CA282251	RESOLVES	GEO:GSE234999	record names an author of this paper	GEO record lists an author of this paper as a submitter	1	no	https://europepmc.org/article/PMC/PMC13069910	The data generated in this study are publicly available in Gene Expression Omnibus (GEO) at GSE234999.
dataset	32c6efd1-9e2c-5783-858a-216f46f174ea	GEO	GSE235996	https://www.ncbi.nlm.nih.gov/geo/query/acc.cgi?acc=GSE235996	39289340	R01CA282251	RESOLVES	GEO:GSE235996	record cites this paper	GEO record cites this paper	1	no	https://europepmc.org/article/PMC/PMC11408498	RNA-seq data reported here have been deposited in the Gene Expression Omnibus (GEO) database, accession no. GSE235996 <https://www.ncbi.nlm.nih.gov/geo/query/acc.cgi?acc=GSE235996> .
dataset	a8d31d50-d8a9-5eb3-aa5d-484ddd374110	GEO	GSE236257	https://www.ncbi.nlm.nih.gov/geo/query/acc.cgi?acc=GSE236257	38472198	R01CA292507	RESOLVES	GEO:GSE236257	record cites this paper	GEO record cites this paper	1	no	https://europepmc.org/article/PMC/PMC10933491	Datasets generated in this study have been deposited in the Gene Expression Omnibus (GEO) database under accession code “GSE236257 <https://www.ncbi.nlm.nih.gov/geo/query/acc.cgi?acc=GSE236257> ”.
dataset	b83290dd-f94d-55de-afe2-8a7e34aefa9b	GEO	GSE237954	https://www.ncbi.nlm.nih.gov/geo/query/acc.cgi?acc=GSE237954	39930084	R01CA292376	RESOLVES	GEO:GSE237954	record cites this paper	GEO record cites this paper	1	no	https://europepmc.org/article/PMC/PMC11821538	RNA-seq, ATAC-seq, scRNA-seq and scATAC-seq data supporting the findings of the present study have been deposited into the National Center for Biotechnology Information, GEO under series accession no. GSE237954 <https://www.ncbi.xyz/geo/query/acc.cgi?acc=GSE237954> .
dataset	187ab1c2-970d-5bf3-aa13-f8d645d7b75c	GEO	GSE239425	https://www.ncbi.nlm.nih.gov/geo/query/acc.cgi?acc=GSE239425	39812338	R01CA287257	RESOLVES	GEO:GSE239425	record cites this paper	GEO record cites this paper	1	no	https://europepmc.org/article/PMC/PMC12258263	All raw and processed sequencing data generated in this study have been submitted to the NCBI Gene Expression Omnibus under accession number GSE239425.
dataset	0b607be0-0dd9-5181-9a4a-6ec0a777bd83	GEO	GSE239470	https://www.ncbi.nlm.nih.gov/geo/query/acc.cgi?acc=GSE239470	38655899	R01CA278976	RESOLVES	GEO:GSE239470	record cites this paper	GEO record cites this paper	1	no	https://europepmc.org/article/PMC/PMC11294821	The CUT&Tag, ChIP-seq, and RNA-seq data have been deposited in the Gene Expression Omnibus database under accession numbers GSE239470 <https://www.ncbi.nlm.nih.gov/geo/query/acc.cgi?acc=GSE239470> .
dataset	43cd06ff-12ef-52e9-bb66-db4f81c7f6c9	GEO	GSE239842	https://www.ncbi.nlm.nih.gov/geo/query/acc.cgi?acc=GSE239842	40181089	R01CA285209	RESOLVES	GEO:GSE239842	record cites this paper	GEO record cites this paper	1	no	https://europepmc.org/article/PMC/PMC13470645	Microarray, scRNA-seq and scTCR-seq data that support the findings of this study were deposited to the Gene Expression Omnibus under accession codes GSE239842 and GSE240762.
dataset	363b2e88-48d3-517d-8421-9ff5a862954c	GEO	GSE240762	https://www.ncbi.nlm.nih.gov/geo/query/acc.cgi?acc=GSE240762	40181089	R01CA285209	RESOLVES	GEO:GSE240762	record cites this paper	GEO record cites this paper	1	no	https://europepmc.org/article/PMC/PMC13470645	Microarray, scRNA-seq and scTCR-seq data that support the findings of this study were deposited to the Gene Expression Omnibus under accession codes GSE239842 and GSE240762.
dataset	3dbdbc95-141e-5592-be25-4fd91c55974d	GEO	GSE240845	https://www.ncbi.nlm.nih.gov/geo/query/acc.cgi?acc=GSE240845	40359940	R01CA285454	RESOLVES	GEO:GSE240845	record cites this paper	GEO record cites this paper	1	no	https://europepmc.org/article/PMC/PMC12186235	RNA-seq and Hi-C data have been deposited at GEO as (GEO: GSE240845 and GSE247240) and are publicly available from the date of publication. scRNA-seq analyses were based on prior studies, 36 , 49 with software details in the key resources table .
dataset	495bf4c5-1f63-5c78-b4e9-48837c0cadc2	GEO	GSE241347	https://www.ncbi.nlm.nih.gov/geo/query/acc.cgi?acc=GSE241347	39358506	R01CA285299	RESOLVES	GEO:GSE241347	record cites this paper	GEO record cites this paper	1	no	https://europepmc.org/article/PMC/PMC11499264	High-throughput sequencing data can be accessed at the GEO under accession number GSE241347 <https://www.ncbi.nlm.nih.gov/geo/query/acc.cgi?acc=GSE241347> .
dataset	c140cd36-1f30-57a3-ae5a-677359387c13	GEO	GSE242102	https://www.ncbi.nlm.nih.gov/geo/query/acc.cgi?acc=GSE242102	41160897	R01CA278832	RESOLVES	GEO:GSE242102	record cites this paper	GEO record cites this paper	1	no	https://europepmc.org/article/PMC/PMC12571441	RNA-seq data of control, TCF4 knockdown, and TCF4 overexpression in HUVECs have been submitted to the NCBI Gene Expression Omnibus (GEO; https://www.ncbi.nlm.nih.gov/geo) under accession number GSE242102 <https://www.ncbi.nlm.nih.gov/geo/query/acc.cgi?acc=GSE242102> .
dataset	edf16372-6dfb-5b4e-a27d-7da29ee1d56e	GEO	GSE243486	https://www.ncbi.nlm.nih.gov/geo/query/acc.cgi?acc=GSE243486	40274823	R01CA290780	RESOLVES	GEO:GSE243486	record cites this paper	GEO record cites this paper	1	no	https://europepmc.org/article/PMC/PMC12022163	The transcriptomics data generated in this study have been deposited in the Gene Expression Omnibus database under the accession code GSE: 243486 <https://www.ncbi.nlm.nih.gov/geo/query/acc.cgi?acc=GSE243486> .
dataset	96b48af7-a7b6-515f-9366-7a6ac6600c4f	GEO	GSE244164	https://www.ncbi.nlm.nih.gov/geo/query/acc.cgi?acc=GSE244164	38684783	R01CA279795	RESOLVES	GEO:GSE244164	record cites this paper	GEO record cites this paper	1	no	https://europepmc.org/article/PMC/PMC11804830	Raw RNA sequencing data can be accessed at GEO accession ID GSE244164 <https://www.ncbi.nlm.nih.gov/geo/query/acc.cgi?acc=GSE244164> .
dataset	5285c71b-62cb-5a59-a2d0-159fced03fc7	GEO	GSE246038	https://www.ncbi.nlm.nih.gov/geo/query/acc.cgi?acc=GSE246038	39368087	R01CA278852	RESOLVES	GEO:GSE246038	record cites this paper	GEO record cites this paper	1	no	https://europepmc.org/article/PMC/PMC11574783	scRNA-seq data generated in this studies are deposited in the National Institutes of Health Gene Expression Omnibus (GEO) database (GEO: GSE246038, https://www.ncbi.nlm.nih.gov/geo/query/acc.cgi?acc=GSE150743) and are publicly available.
dataset	14aa16ce-e71c-511e-85a0-2aec971e6df5	GEO	GSE246469	https://www.ncbi.nlm.nih.gov/geo/query/acc.cgi?acc=GSE246469	39227600	R01CA278832	RESOLVES	GEO:GSE246469	record cites this paper	GEO record cites this paper	1	no	https://europepmc.org/article/PMC/PMC11372161	The Break-ins data generated in this study have been deposited in NCBI’s Gene Expression Omnibus under GEO series accession number GSE246469 <https://www.ncbi.nlm.nih.gov/geo/query/acc.cgi?acc=GSE246469> .
dataset	13b38bbe-d950-5097-b090-8fd56f89470c	GEO	GSE246931	https://www.ncbi.nlm.nih.gov/geo/query/acc.cgi?acc=GSE246931	40403727	R01CA288596	RESOLVES	GEO:GSE246931	record cites this paper	GEO record cites this paper	1	no	https://europepmc.org/article/PMC/PMC12191925	All high-throughput next generation sequencing CUT&RUN-Rx, RNA-seq and Quant-seq datasets can be accessed from the Gene Expression Omnibus (GEO) database via accession number GSE246931.
dataset	6c39278b-466d-51fd-a594-c3473c9d29e2	GEO	GSE247240	https://www.ncbi.nlm.nih.gov/geo/query/acc.cgi?acc=GSE247240	40359940	R01CA285454	RESOLVES	GEO:GSE247240	record cites this paper	GEO record cites this paper	1	no	https://europepmc.org/article/PMC/PMC12186235	RNA-seq and Hi-C data have been deposited at GEO as (GEO: GSE240845 and GSE247240) and are publicly available from the date of publication. scRNA-seq analyses were based on prior studies, 36 , 49 with software details in the key resources table .
dataset	65962d3d-edff-5371-a940-d4e94b931409	GEO	GSE247300	https://www.ncbi.nlm.nih.gov/geo/query/acc.cgi?acc=GSE247300	39954676	R01CA285299	RESOLVES	GEO:GSE247302	record cites this paper	GEO record cites this paper	1	no	https://europepmc.org/article/PMC/PMC12097264	ChIP-seq | This study | GEO: GSE247300
dataset	3ce4c1c0-70ab-5879-8268-bb0131a86b77	GEO	GSE247301	https://www.ncbi.nlm.nih.gov/geo/query/acc.cgi?acc=GSE247301	39954676	R01CA285299	RESOLVES	GEO:GSE247302	record cites this paper	GEO record cites this paper	1	no	https://europepmc.org/article/PMC/PMC12097264	RNA-seq | This study | GEO: GSE247301
dataset	6c13607c-4e1b-5daa-a918-c105f3d3e775	GEO	GSE247302	https://www.ncbi.nlm.nih.gov/geo/query/acc.cgi?acc=GSE247302	39954676	R01CA285299	RESOLVES	GEO:GSE247302	record cites this paper	GEO record cites this paper	1	no	https://europepmc.org/article/PMC/PMC12097264	RNA-seq and ChIP-seq data generated in this study have been deposited in the gene expression omnibus (GEO) and made accessible under accession number GSE247302.
dataset	c47a31ed-a1ed-5e09-b1d2-db2606ee6593	GEO	GSE247335	https://www.ncbi.nlm.nih.gov/geo/query/acc.cgi?acc=GSE247335	40773679	R01CA285926	RESOLVES	GEO:GSE247335	record cites this paper	GEO record cites this paper	1	no	https://europepmc.org/article/PMC/PMC12395851	The RNA sequencing data generated during this study are available at Gene Expression Omnibus (GEO) with the accession number GSE247335.
dataset	5b1a00e0-f13b-5bf4-b329-ecf27f62b5f8	GEO	GSE248409	https://www.ncbi.nlm.nih.gov/geo/query/acc.cgi?acc=GSE248409	38809694	R01CA287866	RESOLVES	GEO:GSE248409	record names an author of this paper	GEO record lists an author of this paper as a submitter	1	no	https://europepmc.org/article/PMC/PMC11458156	Bulk RNA Sequencing data is available under the GEO accession number (GSE248409).
dataset	d152ea78-6c46-5afc-80fe-f88ea3e4471e	GEO	GSE248424	https://www.ncbi.nlm.nih.gov/geo/query/acc.cgi?acc=GSE248424	38064712	R01CA279364	RESOLVES	GEO:GSE248424	record cites this paper	GEO record cites this paper	1	no	https://europepmc.org/article/PMC/PMC11286238	The data generated in this study are publicly available in Protein Data Bank for structures of co-crystallization of DCK with UDP and EdC (PDB 8OOJ), AraC (PDB 1P5Z), gemcitabine (PDB 2NO0) and dC (PDB 1P60), and Gene Expression Omnibus (GEO) for RNAseq at GSE248424.
dataset	c83358d8-d764-5643-984a-f650d50600e9	GEO	GSE248924	https://www.ncbi.nlm.nih.gov/geo/query/acc.cgi?acc=GSE248924	40773679	R01CA285926	RESOLVES	GEO:GSE248924	record cites this paper	GEO record cites this paper	1	no	https://europepmc.org/article/PMC/PMC12395851	The NanoString data generated during this study are available at GEO with the accession number GSE248924.
dataset	699f2253-07ce-51f7-b995-5f0b729c6eec	GEO	GSE249258	https://www.ncbi.nlm.nih.gov/geo/query/acc.cgi?acc=GSE249258	39029464	R01CA290004	RESOLVES	GEO:GSE249258	record cites this paper	GEO record cites this paper	1	no	https://europepmc.org/article/PMC/PMC11494612	All sequencing raw and processed data (RNA-seq, ATAC-seq and ChIP-seq) have been deposited in the Gene Expression Omnibus (GEO) database and are publicly available under the series GSE249362, except RNA-seq data of cells treated with BRM014 and WA-68-VQ71 are in GEO under accession number GSE249258.
dataset	ea178bb7-dc49-5171-a44d-bd787c9f58d5	GEO	GSE249299	https://www.ncbi.nlm.nih.gov/geo/query/acc.cgi?acc=GSE249299	39019005	R01CA285321;R01CA288849	RESOLVES	GEO:GSE249299	record cites this paper	GEO record cites this paper	1	no	https://europepmc.org/article/PMC/PMC11293321	Bulk-seq data are accessible at GEO under accession number GSE249299 <https://ncbi.nlm.nih.gov/geo/query/acc.cgi?acc=GSE249299> <https://www.ncbi.nlm.nih.gov/geo/query/acc.cgi?acc=GSE249299> .
dataset	b7859724-76b3-57c7-870e-51323fbefeac	GEO	GSE249362	https://www.ncbi.nlm.nih.gov/geo/query/acc.cgi?acc=GSE249362	39029464	R01CA290004	RESOLVES	GEO:GSE249362	record cites this paper	GEO record cites this paper	1	no	https://europepmc.org/article/PMC/PMC11494612	All sequencing raw and processed data (RNA-seq, ATAC-seq and ChIP-seq) have been deposited in the Gene Expression Omnibus (GEO) database and are publicly available under the series GSE249362, except RNA-seq data of cells treated with BRM014 and WA-68-VQ71 are in GEO under accession number GSE249258.
dataset	996ae26f-d31f-538d-b77b-4d1a5075bf96	GEO	GSE250116	https://www.ncbi.nlm.nih.gov/geo/query/acc.cgi?acc=GSE250116	42733452	R01CA274251	RESOLVES	GEO:GSE250116	record names an author of this paper	GEO record lists an author of this paper as a submitter	1	no	https://europepmc.org/article/PMC/PMC13571155	Raw bulk and scRNA-seq data for mouse and human are available at the NCBI Gene Expression Omnibus under the GEO accession number GSE250116.
dataset	bea331ec-0575-5ab7-be4c-6453da349c2a	GEO	GSE250240	https://www.ncbi.nlm.nih.gov/geo/query/acc.cgi?acc=GSE250240	40397713	R01CA278889	RESOLVES	GEO:GSE250240	record cites this paper	GEO record cites this paper	1	no	https://europepmc.org/article/PMC/PMC12697304	The RNA-sequencing data have been deposited in NCBI’s Gene Expression Omnibus (GEO) with the accession number GSE250240.
dataset	eba36953-e440-5036-b1f3-a60394efb3fa	GEO	GSE250637	https://www.ncbi.nlm.nih.gov/geo/query/acc.cgi?acc=GSE250637	39046874	R01CA285926	RESOLVES	GEO:GSE250637	record names an author of this paper	GEO record lists an author of this paper as a submitter	1	no	https://europepmc.org/article/PMC/PMC11404065	Original RNA sequencing files have been deposited and available in: GEO: GSE267312, GSE250637, GSE250638.
dataset	7dc9de7b-8f87-547c-b7c0-9a0ac4e09a50	GEO	GSE250638	https://www.ncbi.nlm.nih.gov/geo/query/acc.cgi?acc=GSE250638	39046874	R01CA285926	RESOLVES	GEO:GSE250638	record names an author of this paper	GEO record lists an author of this paper as a submitter	1	no	https://europepmc.org/article/PMC/PMC11404065	Original RNA sequencing files have been deposited and available in: GEO: GSE267312, GSE250637, GSE250638.
dataset	54219a9d-ab1f-5f25-be58-8b72771faeec	GEO	GSE252376	https://www.ncbi.nlm.nih.gov/geo/query/acc.cgi?acc=GSE252376	39091770;40371470	R01CA284133	RESOLVES	GEO:GSE252376	record names an author of this paper	GEO record lists an author of this paper as a submitter	1	no	https://europepmc.org/article/PMC/PMC11291064	Raw scRNA sequencing data of popliteal lymphatics and saphenous vein cells have been deposited in the Gene Expression Omnibus (GEO) GSE252376.
dataset	f531dfaa-718d-5b6c-a9d9-75ff93aedee7	GEO	GSE253090	https://www.ncbi.nlm.nih.gov/geo/query/acc.cgi?acc=GSE253090	39477954	R01CA279849	RESOLVES	GEO:GSE253090	record cites this paper	GEO record cites this paper	1	no	https://europepmc.org/article/PMC/PMC11526104	The RNA-seq and CUT&RUN data generated in this study have been deposited in the Gene Expression Omnibus (GEO) database under accession code GSE 253090 https://www.ncbi.nlm.nih.gov/bioproject/?term=GSE253090 Deposited data are publicly available.
dataset	cb694900-56fd-556d-a323-b665f382f820	GEO	GSE253465	https://www.ncbi.nlm.nih.gov/geo/query/acc.cgi?acc=GSE253465	38512964	R01CA279997	RESOLVES	GEO:GSE253465	record cites this paper	GEO record cites this paper	1	no	https://europepmc.org/article/PMC/PMC11020935	The RNA-seq data on LeGO-473ox and LeGO-Ctl tumors are accessible through GEO: GSE253465.
dataset	1741a1d7-eab0-51f5-b8e6-e84ee5847d4a	GEO	GSE254191	https://www.ncbi.nlm.nih.gov/geo/query/acc.cgi?acc=GSE254191	39276774	R01CA293908	RESOLVES	GEO:GSE254191	record cites this paper	GEO record cites this paper	1	no	https://europepmc.org/article/PMC/PMC11623344	Mouse Mitochondrial Transfer Single cell RNA-seq data files | This manuscript, deposited in | GEO: GSE254191
dataset	6c7fdcc7-69dd-5b2f-96c5-4f9b2f0d1fd8	GEO	GSE254521	https://www.ncbi.nlm.nih.gov/geo/query/acc.cgi?acc=GSE254521	41131337	R01CA292936	RESOLVES	GEO:GSE254521	record cites this paper	GEO record cites this paper	1	no	https://europepmc.org/article/PMC/PMC12819156	RNA-seq, ChIP-Seq and CUT&RUN have been deposited in GEO database under accession number GSE254521 <http://www.ncbi.nlm.nih.gov/geo/query/acc.cgi?&acc=GSE254521> .
dataset	260b2afa-c317-5e30-b83b-9bfd9e673d2f	GEO	GSE254938	https://www.ncbi.nlm.nih.gov/geo/query/acc.cgi?acc=GSE254938	41134882	R01CA285725	RESOLVES	GEO:GSE254938	record cites this paper	GEO record cites this paper	1	no	https://europepmc.org/article/PMC/PMC12551714	The RNA-seq data generated and analyzed for this study have been deposited in the Gene Expression Omnibus database under accession number GSE254938 <https://www.ncbi.nlm.nih.gov/geo/query/acc.cgi?acc=GSE254938> (www.ncbi.nlm.nih.gov/geo/query/acc.cgi?acc=GSE254938 <http://www.ncbi.nlm.nih.gov/geo/q…
dataset	69987f8c-731e-5f8b-801d-b0657343fa38	GEO	GSE255083	https://www.ncbi.nlm.nih.gov/geo/query/acc.cgi?acc=GSE255083	39774694	R01CA283463	RESOLVES	GEO:GSE255083	record cites this paper	GEO record cites this paper	1	no	https://europepmc.org/article/PMC/PMC11707192	The DNA methylation and gene expression data have been deposited in the Gene Expression Omnibus (GEO) database with accession code: GSE255083 <https://www.ncbi.nlm.nih.gov/geo/query/acc.cgi?acc=GSE255083> , GSE255105 <https://www.ncbi.nlm.nih.gov/geo/query/acc.cgi?acc=GSE255105> , and GSE273176 <ht…
dataset	356afc09-bb6f-5bb0-bccc-0d5b6a344ad2	GEO	GSE255105	https://www.ncbi.nlm.nih.gov/geo/query/acc.cgi?acc=GSE255105	39774694	R01CA283463	RESOLVES	GEO:GSE255105	record cites this paper	GEO record cites this paper	1	no	https://europepmc.org/article/PMC/PMC11707192	The DNA methylation and gene expression data have been deposited in the Gene Expression Omnibus (GEO) database with accession code: GSE255083 <https://www.ncbi.nlm.nih.gov/geo/query/acc.cgi?acc=GSE255083> , GSE255105 <https://www.ncbi.nlm.nih.gov/geo/query/acc.cgi?acc=GSE255105> , and GSE273176 <ht…
dataset	a20920b2-8c75-5795-a8c3-70acfa1434f0	GEO	GSE255230	https://www.ncbi.nlm.nih.gov/geo/query/acc.cgi?acc=GSE255230	38745085	R01CA278212	RESOLVES	GEO:GSE255230	record cites this paper	GEO record cites this paper	1	no	https://europepmc.org/article/PMC/PMC11500459	Sequence data (scRNA-seq and ATAC-seq) have been deposited in the Gene Expression Omnibus under accession codes GSE255373 and GSE255230.
dataset	693579f1-d1dc-5376-aaf2-420f9f4f3012	GEO	GSE255373	https://www.ncbi.nlm.nih.gov/geo/query/acc.cgi?acc=GSE255373	38745085	R01CA278212	RESOLVES	GEO:GSE255373	record cites this paper	GEO record cites this paper	1	no	https://europepmc.org/article/PMC/PMC11500459	Sequence data (scRNA-seq and ATAC-seq) have been deposited in the Gene Expression Omnibus under accession codes GSE255373 and GSE255230.
dataset	815d4280-8a0a-5d18-9a41-f4e2ad8a3cf1	GEO	GSE255506	https://www.ncbi.nlm.nih.gov/geo/query/acc.cgi?acc=GSE255506	41785860	R01CA283904	RESOLVES	GEO:GSE318279	record cites this paper	GEO record cites this paper	1	no	https://europepmc.org/article/PMC/PMC12981346	CUT&RUN | This paper | GSE255506
dataset	d163afe5-7e4b-5f5a-aa9c-119deff5c086	GEO	GSE255830	https://www.ncbi.nlm.nih.gov/geo/query/acc.cgi?acc=GSE255830	38584166	R01CA285544	RESOLVES	GEO:GSE255830	record cites this paper	GEO record cites this paper	1	no	https://europepmc.org/article/PMC/PMC11031401	Single-cell RNA sequencing data are deposited in the Gene Expression Omnibus under accession number GSE255830 <https://www.ncbi.nlm.nih.gov/geo/query/acc.cgi?acc=GSE255830> .
dataset	f6ee9c0a-8b90-5a75-be39-14deedee4ee6	GEO	GSE255914	https://www.ncbi.nlm.nih.gov/geo/query/acc.cgi?acc=GSE255914	40240142	R01CA289259	RESOLVES	GEO:GSE255914	record cites this paper	GEO record cites this paper	1	no	https://europepmc.org/article/PMC/PMC12128879	Raw and processed sequencing data are available at the GEO (superseries GSE255914).
dataset	df5c4c74-bc7f-5ef9-8b53-a9f17131dccd	GEO	GSE256326	https://www.ncbi.nlm.nih.gov/geo/query/acc.cgi?acc=GSE256326	41290625	R01CA285454	RESOLVES	GEO:GSE256326	record cites this paper	GEO record cites this paper	1	no	https://europepmc.org/article/PMC/PMC12647744	All processed sequencing data (scRNA-seq and bulk RNA-seq) generated in this study have been deposited in the NCBI Gene Expression Omnibus (GEO) under accession code GSE256326 <https://www.ncbi.nlm.nih.gov/geo/query/acc.cgi?acc=GSE256326> .
dataset	f4c70259-df30-536a-9ab7-785e575dc3a2	GEO	GSE261180	https://www.ncbi.nlm.nih.gov/geo/query/acc.cgi?acc=GSE261180	40555735	R01CA288849	RESOLVES	GEO:GSE261180	record names an author of this paper	GEO record lists an author of this paper as a submitter	1	no	https://europepmc.org/article/PMC/PMC12310526	Sequencing data are deposited in NCBI GEO (GSE261180 <https://www.ncbi.nlm.nih.gov/geo/query/acc.cgi?acc=GSE261180> and GSE261181 <https://www.ncbi.nlm.nih.gov/geo/query/acc.cgi?acc=GSE261181> ).
dataset	40fdcdb4-9f78-577d-ba3a-2571cfd66225	GEO	GSE261181	https://www.ncbi.nlm.nih.gov/geo/query/acc.cgi?acc=GSE261181	40555735	R01CA288849	RESOLVES	GEO:GSE261181	record names an author of this paper	GEO record lists an author of this paper as a submitter	1	no	https://europepmc.org/article/PMC/PMC12310526	Sequencing data are deposited in NCBI GEO (GSE261180 <https://www.ncbi.nlm.nih.gov/geo/query/acc.cgi?acc=GSE261180> and GSE261181 <https://www.ncbi.nlm.nih.gov/geo/query/acc.cgi?acc=GSE261181> ).
dataset	9978c93a-8754-5e34-84d3-10144dfb8225	GEO	GSE261250	https://www.ncbi.nlm.nih.gov/geo/query/acc.cgi?acc=GSE261250	40374625	R01CA279849	RESOLVES	GEO:GSE261250	record cites this paper	GEO record cites this paper	1	no	https://europepmc.org/article/PMC/PMC12081725	The bulk RNA-seq and ATAC-seq data have been deposited in the Gene Expression Omnibus (GEO) database under accession codes: GSE261250 <https://www.ncbi.nlm.nih.gov/geo/query/acc.cgi?acc=GSE261250> .
dataset	a29bfe8e-0dd5-5869-b8a5-0b6b45959b26	GEO	GSE261412	https://www.ncbi.nlm.nih.gov/geo/query/acc.cgi?acc=GSE261412	42014869	R01CA278832	RESOLVES	GEO:GSE261412	record cites this paper	GEO record cites this paper	1	no	https://europepmc.org/article/PMC/PMC13218939	•Raw and analysed ChIP-seq for H2A.Z, H3K27ac and H3K4me3 in mouse brown adipocytes: GSE261412 <http://www.ncbi.nlm.nih.gov/geo/query/acc.cgi?acc=GSE261412>
dataset	9d8878f5-236d-59d0-ae74-d8212f47882a	GEO	GSE261413	https://www.ncbi.nlm.nih.gov/geo/query/acc.cgi?acc=GSE261413	42014869	R01CA278832	RESOLVES	GEO:GSE261413	record cites this paper	GEO record cites this paper	1	no	https://europepmc.org/article/PMC/PMC13218939	•Raw and analysed RNA-seq in mouse brown adipocytes: GSE261413 <http://www.ncbi.nlm.nih.gov/geo/query/acc.cgi?acc=GSE261413>
dataset	d616d3b9-5554-5262-be7d-22bc16d7d469	GEO	GSE261416	https://www.ncbi.nlm.nih.gov/geo/query/acc.cgi?acc=GSE261416	42014869	R01CA278832	RESOLVES	GEO:GSE261416	record cites this paper	GEO record cites this paper	1	no	https://europepmc.org/article/PMC/PMC13218939	•Raw and analysed Micro-C in mouse brown adipocytes: GSE261416 <http://www.ncbi.nlm.nih.gov/geo/query/acc.cgi?acc=GSE261416>
dataset	c374148f-45de-5e77-bd8f-d2d94e1fbc10	GEO	GSE261681	https://www.ncbi.nlm.nih.gov/geo/query/acc.cgi?acc=GSE261681	41392987	R01CA291963	RESOLVES	GEO:GSE261681	record cites this paper	GEO record cites this paper	1	no	https://europepmc.org/article/PMC/PMC12700541	ChIP-Seq, DNAse-Seq, AQuA-HiChIP data are available through the GEO database (accession GSE261681 <https://www.ncbi.nlm.nih.gov/geo/query/acc.cgi?acc=GSE261681> ).
dataset	e816ced9-a9ee-5d05-abfc-54a737d69192	GEO	GSE261798	https://www.ncbi.nlm.nih.gov/geo/query/acc.cgi?acc=GSE261798	39893171	R01CA286160	RESOLVES	GEO:GSE261822	record names an author of this paper	GEO record lists an author of this paper as a submitter	1	no	https://europepmc.org/article/PMC/PMC11787332	The RNA-seq (GSE261798 <https://www.ncbi.nlm.nih.gov/geo/query/acc.cgi?acc=GSE261798> ) and scRNA-seq (GSE254285 <https://www.ncbi.nlm.nih.gov/geo/query/acc.cgi?acc=GSE254285> for mouse cells and GSE276130 <https://www.ncbi.nlm.nih.gov/geo/query/acc.cgi?acc=GSE276130> for human cells) data generate…
dataset	a311550d-5348-582f-975c-20660aa60a3d	GEO	GSE261801	https://www.ncbi.nlm.nih.gov/geo/query/acc.cgi?acc=GSE261801	39413792	R01CA280720	RESOLVES	GEO:GSE261801	record names an author of this paper	GEO record lists an author of this paper as a submitter	1	no	https://europepmc.org/article/PMC/PMC11560529	ChIP-seq, ATAC-seq, and SLAM-seq data have been deposited to NCBI under GEO: GSE261803, GSE261801, GSE273817, and GSE273816.
dataset	79d04793-335d-553b-b3eb-2ae06afebae9	GEO	GSE261803	https://www.ncbi.nlm.nih.gov/geo/query/acc.cgi?acc=GSE261803	39413792	R01CA280720	RESOLVES	GEO:GSE261803	record names an author of this paper	GEO record lists an author of this paper as a submitter	1	no	https://europepmc.org/article/PMC/PMC11560529	ChIP-seq, ATAC-seq, and SLAM-seq data have been deposited to NCBI under GEO: GSE261803, GSE261801, GSE273817, and GSE273816.
dataset	050d2b96-3ccd-57bd-bded-f02d70ef8f9c	GEO	GSE262267	https://www.ncbi.nlm.nih.gov/geo/query/acc.cgi?acc=GSE262267	38806707	R01CA276470	RESOLVES	GEO:GSE262267	record cites this paper	GEO record cites this paper	1	no	https://europepmc.org/article/PMC/PMC11374317	The single cell RNA-sequencing data have been deposited at the NCBI Gene Expression Omnibus (GEO) under the GEO accession number GSE262267 and at the Sequence Read Archive (SRA) under SRA accession number PRJNA1003452.
dataset	c6519649-6a7c-5162-8812-4e4d92544cf7	GEO	GSE264410	https://www.ncbi.nlm.nih.gov/geo/query/acc.cgi?acc=GSE264410	40938954	R01CA290808	RESOLVES	GEO:GSE264410	record cites this paper	GEO record cites this paper	1	no	https://europepmc.org/article/PMC/PMC12700322	Single cell RNA-seq and ATAC-seq data are deposited at the GEO under accession number GSE264410, and bulk RNA-seq and ATAC-seq data are under GSE283601.
dataset	971a11ed-f210-5e80-9d4c-2653ee3accaa	GEO	GSE266314	https://www.ncbi.nlm.nih.gov/geo/query/acc.cgi?acc=GSE266314	42733053	R01CA288696	RESOLVES	GEO:GSE266314	record names an author of this paper	GEO record lists an author of this paper as a submitter	1	no	https://europepmc.org/article/PMC/PMC13572411	The sequencing datasets generated in this study have been deposited in the Gene Expression Omnibus (GEO) under accession number GSE266314 <https://www.ncbi.nlm.nih.gov/geo/query/acc.cgi?acc=GSE266314> .
dataset	093d707c-41dc-5063-b014-17f4fb5a09eb	GEO	GSE266362	https://www.ncbi.nlm.nih.gov/geo/query/acc.cgi?acc=GSE266362	38787791	R01CA282501	RESOLVES	GEO:GSE266362	record names an author of this paper	GEO record lists an author of this paper as a submitter	1	no	https://europepmc.org/article/PMC/PMC11245154	The raw and processed sequencing data are deposited in the NCBI Gene Expression Omnibus (GEO) database (GEO GSE266362).
dataset	10b0c6e9-de24-5f59-9f81-d649301b140d	GEO	GSE266446	https://www.ncbi.nlm.nih.gov/geo/query/acc.cgi?acc=GSE266446	40234680	R01CA285321	RESOLVES	GEO:GSE266446	record cites this paper	GEO record cites this paper	1	no	https://europepmc.org/article/PMC/PMC12303731	The data generated from bulk RNA-seq of this study is publicly accessible in Gene Expression Omnibus under accession GSE266446 [https://www.ncbi.nlm.nih.gov/geo/query/acc.cgi?acc=GSE266446 <https://urldefense.com/v3/__https:/www.ncbi.nlm.nih.gov/geo/query/acc.cgi?acc=GSE266446__;!!IBzWLUs!WHKaBnelY…
dataset	db565bbd-a0c8-5481-bb3e-17c9499b8914	GEO	GSE266556	https://www.ncbi.nlm.nih.gov/geo/query/acc.cgi?acc=GSE266556	39266749	R01CA290792	RESOLVES	GEO:GSE266556	record cites this paper	GEO record cites this paper	1	no	https://europepmc.org/article/PMC/PMC11466694	The Seq-Scope mouse colon data is publicly available in the Gene Expression Omnibus with the identifier GSE266556.
dataset	c52f3f38-e92c-56c8-bf00-d7a9a6af9742	GEO	GSE267312	https://www.ncbi.nlm.nih.gov/geo/query/acc.cgi?acc=GSE267312	39046874	R01CA285926	RESOLVES	GEO:GSE267312	record names an author of this paper	GEO record lists an author of this paper as a submitter	1	no	https://europepmc.org/article/PMC/PMC11404065	Original RNA sequencing files have been deposited and available in: GEO: GSE267312, GSE250637, GSE250638.
dataset	f4917048-b78f-5cbc-a5ab-3365dffc291e	GEO	GSE267321	https://www.ncbi.nlm.nih.gov/geo/query/acc.cgi?acc=GSE267321	39385035	R01CA279452	RESOLVES	GEO:GSE267321	record names an author of this paper	GEO record lists an author of this paper as a submitter	1	no	https://europepmc.org/article/PMC/PMC11560846	Data generated in this study are available in the article and its supplementary files. scRNA-seq raw and processed data reported in this article are available upon request and have been deposited to the NCBI Gene Expression Omnibus (GEO) under the accession number GSE267321 <https://www.ncbi.nlm.ni…
dataset	db4453be-6245-52a1-add1-0b718a5087ab	GEO	GSE267583	https://www.ncbi.nlm.nih.gov/geo/query/acc.cgi?acc=GSE267583	39106452	R01CA282098	RESOLVES	GEO:GSE267583	record names an author of this paper	GEO record lists an author of this paper as a submitter	1	no	https://europepmc.org/article/PMC/PMC11474167	The data generated in this study are publicly available in Gene Expression Omnibus at GSE267583.
dataset	285a3828-4a30-5279-bd7a-311e872c7e78	GEO	GSE267821	https://www.ncbi.nlm.nih.gov/geo/query/acc.cgi?acc=GSE267821	38937625	R01CA280482	RESOLVES	GEO:GSE267821	record names an author of this paper	GEO record lists an author of this paper as a submitter	1	no	https://europepmc.org/article/PMC/PMC11291893	To access the RNA-seq data, visit the website https://www.ncbi.nlm.nih.gov/geo/query/acc.cgi?acc=GSE267821 and use the token “[removed]”.
dataset	08d89e2c-ca3c-519d-aa69-95800877bab1	GEO	GSE267841	https://www.ncbi.nlm.nih.gov/geo/query/acc.cgi?acc=GSE267841	40858813	R01CA278852	RESOLVES	GEO:GSE267841	record cites this paper	GEO record cites this paper	1	no	https://europepmc.org/article/PMC/PMC12560258	Accession # GSE267841.
dataset	5ba40dc1-add3-518d-ac96-fc54fb153a83	GEO	GSE268956	https://www.ncbi.nlm.nih.gov/geo/query/acc.cgi?acc=GSE268956	39365378	R01CA286090	RESOLVES	GEO:GSE268956	record names an author of this paper	GEO record lists an author of this paper as a submitter	1	no	https://europepmc.org/article/PMC/PMC11695186	The single cell multi-omics and CUT&RUN datasets are accessible via the NCIB’s Gene Expression Omnibus (GEO) through GEO accession numbers GSE268957 and GSE268956.
dataset	9d7f23a7-2351-5b9d-9d3e-4ea1702b4125	GEO	GSE268957	https://www.ncbi.nlm.nih.gov/geo/query/acc.cgi?acc=GSE268957	39365378	R01CA286090	RESOLVES	GEO:GSE268957	record names an author of this paper	GEO record lists an author of this paper as a submitter	1	no	https://europepmc.org/article/PMC/PMC11695186	The single cell multi-omics and CUT&RUN datasets are accessible via the NCIB’s Gene Expression Omnibus (GEO) through GEO accession numbers GSE268957 and GSE268956.
dataset	3e7d32f4-4fe4-542d-8811-7495f4b6ea2d	GEO	GSE268978	https://www.ncbi.nlm.nih.gov/geo/query/acc.cgi?acc=GSE268978	39561122	R01CA286090	RESOLVES	GEO:GSE268978	record cites this paper	GEO record cites this paper	1	no	https://europepmc.org/article/PMC/PMC11575820	RNA-seq data for this study are available under the GEO accession number GSE268979 (https://www.ncbi.nlm.nih.gov/geo/query/acc.cgi?acc=GSE268979) and ATAC-seq data for this study are available under the GEO accession number GSE268978 (https://www.ncbi.nlm.nih.gov/geo/query/acc.cgi?acc=GSE268978).
dataset	f7a0de18-bb3a-5076-a680-802958ac5f72	GEO	GSE268979	https://www.ncbi.nlm.nih.gov/geo/query/acc.cgi?acc=GSE268979	39561122	R01CA286090	RESOLVES	GEO:GSE268979	record cites this paper	GEO record cites this paper	1	no	https://europepmc.org/article/PMC/PMC11575820	RNA-seq data for this study are available under the GEO accession number GSE268979 (https://www.ncbi.nlm.nih.gov/geo/query/acc.cgi?acc=GSE268979) and ATAC-seq data for this study are available under the GEO accession number GSE268978 (https://www.ncbi.nlm.nih.gov/geo/query/acc.cgi?acc=GSE268978).
dataset	47ada017-11b8-59e1-bfb7-1c592cfab2f6	GEO	GSE269267	https://www.ncbi.nlm.nih.gov/geo/query/acc.cgi?acc=GSE269267	40316533	R01CA290597	RESOLVES	GEO:GSE269267	record cites this paper	GEO record cites this paper	1	no	https://europepmc.org/article/PMC/PMC12048515	The RibOxi-seq data generated in this study have been deposited in the GEO database under accession code GSE269267 <https://www.ncbi.nlm.nih.gov/geo/query/acc.cgi?acc=GSE269267> [https://www.ncbi.nlm.nih.gov/geo/query/acc.cgi?acc=GSE269267].
dataset	db276f60-517d-5966-b405-c440b9faedb7	GEO	GSE269528	https://www.ncbi.nlm.nih.gov/geo/query/acc.cgi?acc=GSE269528	40579434	R01CA283214	RESOLVES	GEO:GSE269528	record cites this paper	GEO record cites this paper	1	no	https://europepmc.org/article/PMC/PMC12205058	RNA sequencing data can be accessed from NCBI database, GEO accession no.: GSE269528 <https://www.ncbi.xyz/geo/query/acc.cgi?acc=GSE269528> .
dataset	94920fe1-66b3-51fb-9f59-447a36f952b5	GEO	GSE269803	https://www.ncbi.nlm.nih.gov/geo/query/acc.cgi?acc=GSE269803	40592341	R01CA294364	RESOLVES	GEO:GSE269803	record cites this paper	GEO record cites this paper	1	no	https://europepmc.org/article/PMC/PMC12259027	Raw and processed single cell transcriptomics data and RNA-sequencing data are available through GEO: GSE269803 (scRNAseq) and GEO: GSE269804 (RNA-seq).
dataset	8a7ae1c1-d081-5da0-9fd5-3bba45d71ce1	GEO	GSE269804	https://www.ncbi.nlm.nih.gov/geo/query/acc.cgi?acc=GSE269804	40592341	R01CA294364	RESOLVES	GEO:GSE269804	record cites this paper	GEO record cites this paper	1	no	https://europepmc.org/article/PMC/PMC12259027	Raw and processed single cell transcriptomics data and RNA-sequencing data are available through GEO: GSE269803 (scRNAseq) and GEO: GSE269804 (RNA-seq).
dataset	92e782ac-aaeb-554a-ad9a-7655edde4c34	GEO	GSE270579	https://www.ncbi.nlm.nih.gov/geo/query/acc.cgi?acc=GSE270579	40453140	R01CA285513	RESOLVES	GEO:GSE270579	record cites this paper	GEO record cites this paper	1	no	https://europepmc.org/article/PMC/PMC12067888	RNA sequencing and chromatin immunoprecipitation sequencing data from Acly conditional knockout leukemias have been deposited in the National Center for Biotechnology Information Gene Expression Omnibus (GEO) repository (accession numbers GSE270579 <https://ncbi.nlm.nih.gov/geo/query/acc.cgi?acc=GS…
dataset	9c84fd01-4b51-514b-a2bc-a665b2e11430	GEO	GSE270580	https://www.ncbi.nlm.nih.gov/geo/query/acc.cgi?acc=GSE270580	40453140	R01CA285513	RESOLVES	GEO:GSE270580	record cites this paper	GEO record cites this paper	1	no	https://europepmc.org/article/PMC/PMC12067888	RNA sequencing and chromatin immunoprecipitation sequencing data from Acly conditional knockout leukemias have been deposited in the National Center for Biotechnology Information Gene Expression Omnibus (GEO) repository (accession numbers GSE270579 <https://ncbi.nlm.nih.gov/geo/query/acc.cgi?acc=GS…
dataset	e47fbae2-04b8-5257-bffb-d03ffc9b2d6a	GEO	GSE270674	https://www.ncbi.nlm.nih.gov/geo/query/acc.cgi?acc=GSE270674	39193365	R01CA279323	RESOLVES	GEO:GSE270674	record cites this paper	GEO record cites this paper	1	no	https://europepmc.org/article/PMC/PMC11347336	The names of the repository/repositories and accession number(s) can be found below: https://www.ncbi.nlm.nih.gov/geo/, GSE270674 <https://www.ncbi.nlm.nih.gov/geo/query/acc.cgi?acc=GSE270674> .
dataset	7b5d571b-cb9f-5c4f-b1ff-ce25c69d04ec	GEO	GSE270943	https://www.ncbi.nlm.nih.gov/geo/query/acc.cgi?acc=GSE270943	40601740	R01CA282251	RESOLVES	GEO:GSE270943	record cites this paper	GEO record cites this paper	1	no	https://europepmc.org/article/PMC/PMC12219486	Data and materials availability: The data reported in this paper have been deposited in the Gene Expression Omnibus (GEO) database (https://ncbi.nlm.nih.gov/geo; accession no. GSE270943 <https://www.ncbi.nlm.nih.gov/geo/query/acc.cgi?acc=GSE270943> ).
dataset	2f02fc6f-188a-5f6c-9fae-e92b561e1180	GEO	GSE271371	https://www.ncbi.nlm.nih.gov/geo/query/acc.cgi?acc=GSE271371	39055715	R01CA282074	RESOLVES	GEO:GSE271371	record cites this paper	GEO record cites this paper	1	no	https://europepmc.org/article/PMC/PMC11269233	The TCR sequencing data are deposited in GEO database with GEO Submission (GSE271371).
dataset	df042024-b196-5d15-a2a7-4ea77e2bccd4	GEO	GSE271531	https://www.ncbi.nlm.nih.gov/geo/query/acc.cgi?acc=GSE271531	40333757	R01CA290808	RESOLVES	GEO:GSE271531	record cites this paper	GEO record cites this paper	1	no	https://europepmc.org/article/PMC/PMC12088444	The scRNA-seq and bulk ATAC-seq data are deposited at the GEO under Accession No. GSE287604 <http://www.ncbi.nlm.nih.gov/geo/query/acc.cgi?acc=GSE287604> ( 41 ) and GSE271531 <http://www.ncbi.nlm.nih.gov/geo/query/acc.cgi?acc=GSE271531> ( 42 ), respectively.
dataset	49064bed-dacb-5379-8b8b-1476818e97d7	GEO	GSE271579	https://www.ncbi.nlm.nih.gov/geo/query/acc.cgi?acc=GSE271579	40857406	R01CA285780	RESOLVES	GEO:GSE271579	record names an author of this paper	GEO record lists an author of this paper as a submitter	1	no	https://europepmc.org/article/PMC/PMC12406728	Gene expression data generated in this study are publicly available in National Center for Biotechnology Information (NCBI) Gene Expression Omnibus (GEO) at GSE271579 <https://www.ncbi.nlm.nih.gov/geo/query/acc.cgi?acc=GSE271579> , GSE271580 <https://www.ncbi.nlm.nih.gov/geo/query/acc.cgi?acc=GSE27…
dataset	aa0cfd4c-2e04-5b2f-9128-19ea72223b90	GEO	GSE271580	https://www.ncbi.nlm.nih.gov/geo/query/acc.cgi?acc=GSE271580	40857406	R01CA285780	RESOLVES	GEO:GSE271580	record names an author of this paper	GEO record lists an author of this paper as a submitter	1	no	https://europepmc.org/article/PMC/PMC12406728	Gene expression data generated in this study are publicly available in National Center for Biotechnology Information (NCBI) Gene Expression Omnibus (GEO) at GSE271579 <https://www.ncbi.nlm.nih.gov/geo/query/acc.cgi?acc=GSE271579> , GSE271580 <https://www.ncbi.nlm.nih.gov/geo/query/acc.cgi?acc=GSE27…
dataset	68a19497-e701-5f40-88c6-849fe9151678	GEO	GSE271738	https://www.ncbi.nlm.nih.gov/geo/query/acc.cgi?acc=GSE271738	40857406	R01CA285780	RESOLVES	GEO:GSE271738	record names an author of this paper	GEO record lists an author of this paper as a submitter	1	no	https://europepmc.org/article/PMC/PMC12406728	Gene expression data generated in this study are publicly available in National Center for Biotechnology Information (NCBI) Gene Expression Omnibus (GEO) at GSE271579 <https://www.ncbi.nlm.nih.gov/geo/query/acc.cgi?acc=GSE271579> , GSE271580 <https://www.ncbi.nlm.nih.gov/geo/query/acc.cgi?acc=GSE27…
dataset	b803f9d8-635f-5e63-b992-e91eeb3f2a3e	GEO	GSE271739	https://www.ncbi.nlm.nih.gov/geo/query/acc.cgi?acc=GSE271739	40857406	R01CA285780	RESOLVES	GEO:GSE271739	record names an author of this paper	GEO record lists an author of this paper as a submitter	1	no	https://europepmc.org/article/PMC/PMC12406728	Gene expression data generated in this study are publicly available in National Center for Biotechnology Information (NCBI) Gene Expression Omnibus (GEO) at GSE271579 <https://www.ncbi.nlm.nih.gov/geo/query/acc.cgi?acc=GSE271579> , GSE271580 <https://www.ncbi.nlm.nih.gov/geo/query/acc.cgi?acc=GSE27…
dataset	2b6a1333-afb2-5da9-98e9-78e1f87eae13	GEO	GSE271740	https://www.ncbi.nlm.nih.gov/geo/query/acc.cgi?acc=GSE271740	40857406	R01CA285780	RESOLVES	GEO:GSE271740	record names an author of this paper	GEO record lists an author of this paper as a submitter	1	no	https://europepmc.org/article/PMC/PMC12406728	Gene expression data generated in this study are publicly available in National Center for Biotechnology Information (NCBI) Gene Expression Omnibus (GEO) at GSE271579 <https://www.ncbi.nlm.nih.gov/geo/query/acc.cgi?acc=GSE271579> , GSE271580 <https://www.ncbi.nlm.nih.gov/geo/query/acc.cgi?acc=GSE27…
dataset	ddf4376b-1eb8-56fb-91f4-35932e29b8fb	GEO	GSE271742	https://www.ncbi.nlm.nih.gov/geo/query/acc.cgi?acc=GSE271742	40857406	R01CA285780	RESOLVES	GEO:GSE271742	record names an author of this paper	GEO record lists an author of this paper as a submitter	1	no	https://europepmc.org/article/PMC/PMC12406728	Gene expression data generated in this study are publicly available in National Center for Biotechnology Information (NCBI) Gene Expression Omnibus (GEO) at GSE271579 <https://www.ncbi.nlm.nih.gov/geo/query/acc.cgi?acc=GSE271579> , GSE271580 <https://www.ncbi.nlm.nih.gov/geo/query/acc.cgi?acc=GSE27…
dataset	5f4b64db-70c1-5f99-9808-548de57e23ee	GEO	GSE272319	https://www.ncbi.nlm.nih.gov/geo/query/acc.cgi?acc=GSE272319	39594744	R01CA286780	RESOLVES	GEO:GSE272319	record cites this paper	GEO record cites this paper	1	no	https://europepmc.org/article/PMC/PMC11592282	The RNA-seq data generated in this study are available in the GEO database with accession number GSE272319.
dataset	604bbf28-e87c-58dd-ab04-b81fd6d44f81	GEO	GSE272348	https://www.ncbi.nlm.nih.gov/geo/query/acc.cgi?acc=GSE272348	39455893	R01CA285544	RESOLVES	GEO:GSE272348	record cites this paper	GEO record cites this paper	1	no	https://europepmc.org/article/PMC/PMC12042221	Processed bulk RNA sequencing and single-cell RNA/TCR/BCR sequencing data have been deposited in the National Center for Biotechnology Information Gene Expression Omnibus database under accession code GSE272348.
dataset	a734e8c1-599a-567d-9eee-351b4c399acb	GEO	GSE272692	https://www.ncbi.nlm.nih.gov/geo/query/acc.cgi?acc=GSE272692	39352757;40060410	R01CA285607	RESOLVES	GEO:GSE272692	record cites this paper	GEO record cites this paper	1	no	https://europepmc.org/article/PMC/PMC11563673	GSE272692 <https://www.ncbi.nlm.nih.gov/geo/query/acc.cgi?acc=GSE272692> [4T1RR versus 4T1Par]).
dataset	443aace1-2f28-515e-9649-49fd53c24c6d	GEO	GSE272802	https://www.ncbi.nlm.nih.gov/geo/query/acc.cgi?acc=GSE272802	40360905	R01CA278889	RESOLVES	GEO:GSE272802	record cites this paper	GEO record cites this paper	1	no	https://europepmc.org/article/PMC/PMC12276840	CUT&RUN-seq data supporting this study’s findings have been deposited in the Gene Expression Omnibus (GEO) under accession code GSE272802. scRNA-seq data generated in this study have been deposited in the GEO under accession code GSE273102.
dataset	79cc3703-7451-5dad-9fab-27ad9fef1b17	GEO	GSE272955	https://www.ncbi.nlm.nih.gov/geo/query/acc.cgi?acc=GSE272955	39352757	R01CA285607	RESOLVES	GEO:GSE272955	record cites this paper	GEO record cites this paper	1	no	https://europepmc.org/article/PMC/PMC11563673	The RNA-Seq data have been deposited in the NBCI’s Gene Expression Omnibus database (GEO GSE272955 <https://www.ncbi.nlm.nih.gov/geo/query/acc.cgi?acc=GSE272955> [NRP2 hi versus NRP2 lo ];
dataset	c8361b87-feb5-58f9-a99c-f63c607eb4eb	GEO	GSE273102	https://www.ncbi.nlm.nih.gov/geo/query/acc.cgi?acc=GSE273102	40360905	R01CA278889	RESOLVES	GEO:GSE273102	record cites this paper	GEO record cites this paper	1	no	https://europepmc.org/article/PMC/PMC12276840	CUT&RUN-seq data supporting this study’s findings have been deposited in the Gene Expression Omnibus (GEO) under accession code GSE272802. scRNA-seq data generated in this study have been deposited in the GEO under accession code GSE273102.
dataset	921560d5-1330-5af3-be77-0cfee8fdbfbd	GEO	GSE273176	https://www.ncbi.nlm.nih.gov/geo/query/acc.cgi?acc=GSE273176	39774694	R01CA283463	RESOLVES	GEO:GSE273176	record cites this paper	GEO record cites this paper	1	no	https://europepmc.org/article/PMC/PMC11707192	The DNA methylation and gene expression data have been deposited in the Gene Expression Omnibus (GEO) database with accession code: GSE255083 <https://www.ncbi.nlm.nih.gov/geo/query/acc.cgi?acc=GSE255083> , GSE255105 <https://www.ncbi.nlm.nih.gov/geo/query/acc.cgi?acc=GSE255105> , and GSE273176 <ht…
dataset	9e25e34f-89ff-5ef8-bc04-f64abd303af5	GEO	GSE273349	https://www.ncbi.nlm.nih.gov/geo/query/acc.cgi?acc=GSE273349	39907037	R01CA288145	RESOLVES	GEO:GSE273349	record cites this paper	GEO record cites this paper	1	no	https://europepmc.org/article/PMC/PMC12322148	Raw neuroblastoma RNA-seq data have been deposited in the GEO under accession no. GSE273349 <https://www.ncbi.nlm.nih.gov/geo/query/acc.cgi?acc=GSE273349> .
dataset	f7ba26af-788d-52dc-8ba5-6ad860f86899	GEO	GSE273440	https://www.ncbi.nlm.nih.gov/geo/query/acc.cgi?acc=GSE273440	41791379	R01CA259372	RESOLVES	GEO:GSE275307	record cites this paper	GEO record cites this paper	1	no	https://europepmc.org/article/PMC/PMC13123407	Single-nuclei/cell RNA-seq, bulk RNA-seq, ATAC-seq, and array-based DNA methylation datasets described in this study have been deposited and are publicly available in EGA or GEO under the accession codes EGAS50000001457, GSE273440, GSE275306, GSE318234, GSE312950.
dataset	29b97dea-ea87-5328-bdeb-0c03a6b7f2cc	GEO	GSE273473	https://www.ncbi.nlm.nih.gov/geo/query/acc.cgi?acc=GSE273473	42162436	R01CA290678	RESOLVES	GEO:GSE273473	record cites this paper	GEO record cites this paper	1	no	https://europepmc.org/article/PMC/PMC13391416	GEO accession codes for bulk RNA-seq, mRRBS, ATAC-seq, m 6 A sequencing, ChIP-seq, PRO-seq, scRNA-seq and CUT&RUN are GSE326291 <http://www.ncbi.nlm.nih.gov/geo/query/acc.cgi?acc=GSE326291> , GSE326292 <http://www.ncbi.nlm.nih.gov/geo/query/acc.cgi?acc=GSE326292> , GSE326293 <http://www.ncbi.nlm.ni…
dataset	c76de1eb-f6de-5c85-aec1-b5f255a525f4	GEO	GSE273474	https://www.ncbi.nlm.nih.gov/geo/query/acc.cgi?acc=GSE273474	42162436	R01CA290678	RESOLVES	GEO:GSE273474	record cites this paper	GEO record cites this paper	1	no	https://europepmc.org/article/PMC/PMC13391416	GEO accession codes for bulk RNA-seq, mRRBS, ATAC-seq, m 6 A sequencing, ChIP-seq, PRO-seq, scRNA-seq and CUT&RUN are GSE326291 <http://www.ncbi.nlm.nih.gov/geo/query/acc.cgi?acc=GSE326291> , GSE326292 <http://www.ncbi.nlm.nih.gov/geo/query/acc.cgi?acc=GSE326292> , GSE326293 <http://www.ncbi.nlm.ni…
dataset	d5832e9d-c2dd-56b2-85b9-dc4e6c1cf545	GEO	GSE273626	https://www.ncbi.nlm.nih.gov/geo/query/acc.cgi?acc=GSE273626	39713466;40633623	R01CA292507	RESOLVES	GEO:GSE273626	record cites this paper	GEO record cites this paper	1	no	https://europepmc.org/article/PMC/PMC11661112	Raw and processed sequencing data are available in the Sequence Read Archive (SRA) at the NCBI Center with the accession number PRJNA1142083 and Gene Expression Omnibus (GEO) with the accession number GSE273626.
dataset	200017e5-c4eb-5f27-af7b-9c16fd750df3	GEO	GSE273816	https://www.ncbi.nlm.nih.gov/geo/query/acc.cgi?acc=GSE273816	39413792	R01CA280720	RESOLVES	GEO:GSE273816	record names an author of this paper	GEO record lists an author of this paper as a submitter	1	no	https://europepmc.org/article/PMC/PMC11560529	ChIP-seq, ATAC-seq, and SLAM-seq data have been deposited to NCBI under GEO: GSE261803, GSE261801, GSE273817, and GSE273816.
dataset	b2ced6d8-4171-5f64-8f46-3b4a04d38f00	GEO	GSE273817	https://www.ncbi.nlm.nih.gov/geo/query/acc.cgi?acc=GSE273817	39413792	R01CA280720	RESOLVES	GEO:GSE273817	record names an author of this paper	GEO record lists an author of this paper as a submitter	1	no	https://europepmc.org/article/PMC/PMC11560529	ChIP-seq, ATAC-seq, and SLAM-seq data have been deposited to NCBI under GEO: GSE261803, GSE261801, GSE273817, and GSE273816.
dataset	e72456b0-ce86-5c76-9809-721373b6f49c	GEO	GSE273982	https://www.ncbi.nlm.nih.gov/geo/query/acc.cgi?acc=GSE273982	40629079	R01CA288849	RESOLVES	GEO:GSE273982	record cites this paper	GEO record cites this paper	1	no	https://europepmc.org/article/PMC/PMC12375500	The RNAseq data have been deposited in NCBI’s Gene Expression Omnibus [ 59 ] and are accessible through GEO Series accession number GSE273982 <https://www.ncbi.nlm.nih.gov/geo/query/acc.cgi?acc=GSE273982> at.
dataset	c093abac-e350-5ebc-9151-2bcecd0ff7fa	GEO	GSE274541	https://www.ncbi.nlm.nih.gov/geo/query/acc.cgi?acc=GSE274541	40712565	R01CA287866	RESOLVES	GEO:GSE274541	record cites this paper	GEO record cites this paper	1	no	https://europepmc.org/article/PMC/PMC12506828	NanoString data have been deposited at NCBI Gene Expression Omnibus under GSE274541 <https://www.ncbi.nlm.nih.gov/geo/query/acc.cgi?acc=GSE274541> and are publicly available.
dataset	007df695-977d-5547-8095-e222988a8e0d	GEO	GSE274590	https://www.ncbi.nlm.nih.gov/geo/query/acc.cgi?acc=GSE274590	40316533	R01CA290597	RESOLVES	GEO:GSE274590	record cites this paper	GEO record cites this paper	1	no	https://europepmc.org/article/PMC/PMC12048515	The RNA sequencing data for the 4T1 and D3H2 cells generated in this study have been deposited in the GEO database under accession code GSE274590 <https://www.ncbi.nlm.nih.gov/geo/query/acc.cgi?acc=GSE274590> [https://www.ncbi.nlm.nih.gov/geo/query/acc.cgi?acc=GSE274590].
dataset	08ab0ce3-c7b3-5485-986a-c3f784ef758d	GEO	GSE274646	https://www.ncbi.nlm.nih.gov/geo/query/acc.cgi?acc=GSE274646	40629079	R01CA288849	RESOLVES	GEO:GSE274646	record cites this paper	GEO record cites this paper	1	no	https://europepmc.org/article/PMC/PMC12375500	The eCLIP data have been deposited in NCBI’s Gene Expression Omnibus [ 59 ] and are accessible through GEO Series accession number GSE274646 <https://www.ncbi.nlm.nih.gov/geo/query/acc.cgi?&acc=GSE274646> at.
dataset	d2642083-02ad-5f66-851c-11b2fccd4fdd	GEO	GSE274750	https://www.ncbi.nlm.nih.gov/geo/query/acc.cgi?acc=GSE274750	39524206	R01CA285580	RESOLVES	GEO:GSE274750	record names an author of this paper	GEO record lists an author of this paper as a submitter	1	no	https://europepmc.org/article/PMC/PMC11550205	The RNA sequencing data from the MYC;PMEPA1 murine model have been deposited at GEO with accession number GSE274750.
dataset	7001cc24-f603-5cb8-8c0f-bb4440d78a5c	GEO	GSE274815	https://www.ncbi.nlm.nih.gov/geo/query/acc.cgi?acc=GSE274815	40316533	R01CA290597	RESOLVES	GEO:GSE274815	record cites this paper	GEO record cites this paper	1	no	https://europepmc.org/article/PMC/PMC12048515	The RNA sequencing data for the paired primary breast tumors and matched lymph node metastases generated in this study have been deposited in the GEO database under accession code GSE274815 <https://www.ncbi.nlm.nih.gov/geo/query/acc.cgi?acc=GSE274815> [https://www.ncbi.nlm.nih.gov/geo/query/acc.cg…
dataset	1d3afbc7-acc3-5155-bd13-64a9cf63e5cb	GEO	GSE274848	https://www.ncbi.nlm.nih.gov/geo/query/acc.cgi?acc=GSE274848	39283742	R01CA285331	RESOLVES	GEO:GSE274848	record cites this paper	GEO record cites this paper	1	no	https://europepmc.org/article/PMC/PMC11666410	Transcriptome data are available on NCBI GEO (accession #GSE274848).
dataset	9bec81e6-596e-556b-b333-ab6a8ecc9788	GEO	GSE274972	https://www.ncbi.nlm.nih.gov/geo/query/acc.cgi?acc=GSE274972	39152923	R01CA282251	RESOLVES	GEO:GSE274972	record names an author of this paper	GEO record lists an author of this paper as a submitter	1	no	https://europepmc.org/article/PMC/PMC11582517	Additionally, the RNA-seq data have been deposited in the Gene Expression Omnibus (GEO) database (accession no. GSE274972 <https://www.ncbi.nlm.nih.gov/geo/query/acc.cgi?acc=GSE274972> ).
dataset	779c001d-1c2c-593c-83b1-13c5886efa70	GEO	GSE274989	https://www.ncbi.nlm.nih.gov/geo/query/acc.cgi?acc=GSE274989	39731910	R01CA278976	RESOLVES	GEO:GSE274992	record cites this paper	GEO record cites this paper	1	no	https://europepmc.org/article/PMC/PMC11735314	Gene expression data | Gene Expression Omnibus (GEO) | GEO: GSE274992, GSE274989, GSE274990, GSE274991
dataset	85064657-788d-5f22-a1a0-ff70f2ff668f	GEO	GSE274990	https://www.ncbi.nlm.nih.gov/geo/query/acc.cgi?acc=GSE274990	39731910	R01CA278976	RESOLVES	GEO:GSE274992	record cites this paper	GEO record cites this paper	1	no	https://europepmc.org/article/PMC/PMC11735314	Gene expression data | Gene Expression Omnibus (GEO) | GEO: GSE274992, GSE274989, GSE274990, GSE274991
dataset	29f1c79a-c1be-5f56-8fb8-158957b8e265	GEO	GSE274991	https://www.ncbi.nlm.nih.gov/geo/query/acc.cgi?acc=GSE274991	39731910	R01CA278976	RESOLVES	GEO:GSE274992	record cites this paper	GEO record cites this paper	1	no	https://europepmc.org/article/PMC/PMC11735314	Gene expression data | Gene Expression Omnibus (GEO) | GEO: GSE274992, GSE274989, GSE274990, GSE274991
dataset	00ef1065-4822-5df9-98e6-269810265a1d	GEO	GSE274992	https://www.ncbi.nlm.nih.gov/geo/query/acc.cgi?acc=GSE274992	39731910	R01CA278976	RESOLVES	GEO:GSE274992	record cites this paper	GEO record cites this paper	1	no	https://europepmc.org/article/PMC/PMC11735314	Gene expression data | Gene Expression Omnibus (GEO) | GEO: GSE274992, GSE274989, GSE274990, GSE274991
dataset	519d2ace-6882-5072-8c22-0467f31a337b	GEO	GSE275045	https://www.ncbi.nlm.nih.gov/geo/query/acc.cgi?acc=GSE275045	42020715	R01CA290808	RESOLVES	GEO:GSE275045	record cites this paper	GEO record cites this paper	1	no	https://europepmc.org/article/PMC/PMC13314966	The GEO IDs for each of the experiments are as follows: Super Series Accession: GSE275045 and GSE275046 (RNA-seq data).
dataset	95371d71-2fb8-5ffe-8e4d-d4807fe72921	GEO	GSE275046	https://www.ncbi.nlm.nih.gov/geo/query/acc.cgi?acc=GSE275046	42020715	R01CA290808	RESOLVES	GEO:GSE275046	record cites this paper	GEO record cites this paper	1	no	https://europepmc.org/article/PMC/PMC13314966	The GEO IDs for each of the experiments are as follows: Super Series Accession: GSE275045 and GSE275046 (RNA-seq data).
dataset	b305500e-3735-53ef-a1b6-09c64dda8611	GEO	GSE275306	https://www.ncbi.nlm.nih.gov/geo/query/acc.cgi?acc=GSE275306	41791379	R01CA259372	RESOLVES	GEO:GSE275307	record cites this paper	GEO record cites this paper	1	no	https://europepmc.org/article/PMC/PMC13123407	Single-nuclei/cell RNA-seq, bulk RNA-seq, ATAC-seq, and array-based DNA methylation datasets described in this study have been deposited and are publicly available in EGA or GEO under the accession codes EGAS50000001457, GSE273440, GSE275306, GSE318234, GSE312950.
dataset	98c02f1c-baa6-59cf-89cf-830ebe222a29	GEO	GSE276020	https://www.ncbi.nlm.nih.gov/geo/query/acc.cgi?acc=GSE276020	41990746	R01CA290678	RESOLVES	GEO:GSE276020	record cites this paper	GEO record cites this paper	1	no	https://europepmc.org/article/PMC/PMC13396705	The RNA-seq , ATAC-seq , DNA methylation array , and WGBS data that were generated in this study have been deposited at GEO (GEO: GSE276024 <https://www.ncbi.nlm.nih.gov/geo/query/acc.cgi?acc=GSE276024> , GSE276020 <https://www.ncbi.nlm.nih.gov/geo/query/acc.cgi?acc=GSE276020> , GSE276025 <https://…
dataset	dfa47597-ab14-5a48-a5f8-f7c4cfcf3081	GEO	GSE276024	https://www.ncbi.nlm.nih.gov/geo/query/acc.cgi?acc=GSE276024	41990746	R01CA290678	RESOLVES	GEO:GSE276024	record cites this paper	GEO record cites this paper	1	no	https://europepmc.org/article/PMC/PMC13396705	The RNA-seq , ATAC-seq , DNA methylation array , and WGBS data that were generated in this study have been deposited at GEO (GEO: GSE276024 <https://www.ncbi.nlm.nih.gov/geo/query/acc.cgi?acc=GSE276024> , GSE276020 <https://www.ncbi.nlm.nih.gov/geo/query/acc.cgi?acc=GSE276020> , GSE276025 <https://…
dataset	ce8879a2-3553-5aea-a449-fb42c74901f8	GEO	GSE276025	https://www.ncbi.nlm.nih.gov/geo/query/acc.cgi?acc=GSE276025	41990746	R01CA290678	RESOLVES	GEO:GSE276025	record cites this paper	GEO record cites this paper	1	no	https://europepmc.org/article/PMC/PMC13396705	The RNA-seq , ATAC-seq , DNA methylation array , and WGBS data that were generated in this study have been deposited at GEO (GEO: GSE276024 <https://www.ncbi.nlm.nih.gov/geo/query/acc.cgi?acc=GSE276024> , GSE276020 <https://www.ncbi.nlm.nih.gov/geo/query/acc.cgi?acc=GSE276020> , GSE276025 <https://…
dataset	5d88398d-df5e-5129-af63-87acd3e24f55	GEO	GSE276069	https://www.ncbi.nlm.nih.gov/geo/query/acc.cgi?acc=GSE276069	42423307	R01CA293675	RESOLVES	GEO:GSE276069	record cites this paper	GEO record cites this paper	1	no	https://europepmc.org/article/PMC/PMC13347266	Sequence data related to this manuscript have been deposited at GSE276069 <https://www.ncbi.nlm.nih.gov/geo/query/acc.cgi?acc=GSE276069> (https://www.ncbi.nlm.nih.gov/geo/query/acc.cgi?acc=GSE276069).
dataset	ba59e9ef-1f50-5fff-91fa-308626d17537	GEO	GSE276130	https://www.ncbi.nlm.nih.gov/geo/query/acc.cgi?acc=GSE276130	39893171	R01CA286160	RESOLVES	GEO:GSE276130	record names an author of this paper	GEO record lists an author of this paper as a submitter	1	no	https://europepmc.org/article/PMC/PMC11787332	The RNA-seq (GSE261798 <https://www.ncbi.nlm.nih.gov/geo/query/acc.cgi?acc=GSE261798> ) and scRNA-seq (GSE254285 <https://www.ncbi.nlm.nih.gov/geo/query/acc.cgi?acc=GSE254285> for mouse cells and GSE276130 <https://www.ncbi.nlm.nih.gov/geo/query/acc.cgi?acc=GSE276130> for human cells) data generate…
dataset	962ac6e0-7a26-5c27-9887-df536512fd52	GEO	GSE276387	https://www.ncbi.nlm.nih.gov/geo/query/acc.cgi?acc=GSE276387	39413736	R01CA285856	RESOLVES	GEO:GSE276387	record cites this paper	GEO record cites this paper	1	no	https://europepmc.org/article/PMC/PMC11513837	Raw data of deidentified RNA-seq are available in the NCBI Gene Expression Omnibus (GSE276387).
dataset	fcad0e77-880a-5684-b429-9bc48862bc80	GEO	GSE276657	https://www.ncbi.nlm.nih.gov/geo/query/acc.cgi?acc=GSE276657	39345388;41107486	R01CA300848	RESOLVES	GEO:GSE276657	record cites this paper	GEO record cites this paper	1	no	https://europepmc.org/article/PMC/PMC12700819	Sequencing data are available from the National Center for Biotechnology Information Gene Expression Omnibus under accession number GSE276657 <https://www.ncbi.nlm.nih.gov/geo/query/acc.cgi?acc=GSE276657> .
dataset	befa9a90-42a1-58ed-b8fc-a616d224dce8	GEO	GSE277590	https://www.ncbi.nlm.nih.gov/geo/query/acc.cgi?acc=GSE277590	41542764	R01CA294563	RESOLVES	GEO:GSE277595	record cites this paper	GEO record cites this paper	1	no	https://europepmc.org/article/PMC/PMC12807474	The raw and processed data have been deposited in the NCBI Gene Expression Omnibus (GEO) database (GEO GSE277595), comprising 3 subseries datasets: GSE277590 (scRNA-Seq for patient samples), GSE277591 (C4-2 cell bulk RNA-Seq), and GSE277593 (Myc-CaP cell bulk RNA-Seq).
dataset	38ee61dc-65a9-5f06-854c-178a2f58e127	GEO	GSE277591	https://www.ncbi.nlm.nih.gov/geo/query/acc.cgi?acc=GSE277591	41542764	R01CA294563	RESOLVES	GEO:GSE277595	record names an author of this paper	GEO record lists an author of this paper as a submitter	1	no	https://europepmc.org/article/PMC/PMC12807474	The raw and processed data have been deposited in the NCBI Gene Expression Omnibus (GEO) database (GEO GSE277595), comprising 3 subseries datasets: GSE277590 (scRNA-Seq for patient samples), GSE277591 (C4-2 cell bulk RNA-Seq), and GSE277593 (Myc-CaP cell bulk RNA-Seq).
dataset	755b5731-efa4-55fe-a8a2-ee1e79c84e60	GEO	GSE277593	https://www.ncbi.nlm.nih.gov/geo/query/acc.cgi?acc=GSE277593	41542764	R01CA294563	RESOLVES	GEO:GSE277595	record names an author of this paper	GEO record lists an author of this paper as a submitter	1	no	https://europepmc.org/article/PMC/PMC12807474	The raw and processed data have been deposited in the NCBI Gene Expression Omnibus (GEO) database (GEO GSE277595), comprising 3 subseries datasets: GSE277590 (scRNA-Seq for patient samples), GSE277591 (C4-2 cell bulk RNA-Seq), and GSE277593 (Myc-CaP cell bulk RNA-Seq).
dataset	6d41696c-b5a6-5c65-ac28-b74fb2a8ddfc	GEO	GSE277595	https://www.ncbi.nlm.nih.gov/geo/query/acc.cgi?acc=GSE277595	41542764	R01CA294563	RESOLVES	GEO:GSE277595	record names an author of this paper	GEO record lists an author of this paper as a submitter	1	no	https://europepmc.org/article/PMC/PMC12807474	The raw and processed data have been deposited in the NCBI Gene Expression Omnibus (GEO) database (GEO GSE277595), comprising 3 subseries datasets: GSE277590 (scRNA-Seq for patient samples), GSE277591 (C4-2 cell bulk RNA-Seq), and GSE277593 (Myc-CaP cell bulk RNA-Seq).
dataset	208fc831-2d34-55bc-9acf-bc3449c4f16f	GEO	GSE277934	https://www.ncbi.nlm.nih.gov/geo/query/acc.cgi?acc=GSE277934	41554734	R01CA278832;R01CA285684	RESOLVES	GEO:GSE277934	record cites this paper	GEO record cites this paper	1	no	https://europepmc.org/article/PMC/PMC12923543	Raw and processed data generated in this study, including dRNA-seq using the SQK-RNA002 and SQK-RNA004 kits, as well as direct cDNA sequencing of VCaP cells, have been deposited in the Gene Expression Omnibus (GEO) under the accession number GSE277934 <https://www.ncbi.nlm.nih.gov/geo/query/acc.cgi…
dataset	fbd79437-c8a4-59a4-9744-1b8a67ac10c6	GEO	GSE278336	https://www.ncbi.nlm.nih.gov/geo/query/acc.cgi?acc=GSE278336	41673027	R01CA289574	RESOLVES	GEO:GSE278336	record cites this paper	GEO record cites this paper	1	no	https://europepmc.org/article/PMC/PMC13004945	All sequencing data generated in this study related to CRISPRI fitness screen and PER1 enhancer screen, as well as associated counts files and custom alignment references, have been deposited in the Gene Expression Omnibus database under accession code GSE278336 <https://www.ncbi.nlm.nih.gov/geo/qu…
dataset	ecf753df-5b3b-5cb9-8668-1dc84635cfe8	GEO	GSE278426	https://www.ncbi.nlm.nih.gov/geo/query/acc.cgi?acc=GSE278426	41349542	R01CA285786	RESOLVES	GEO:GSE278426	record cites this paper	GEO record cites this paper	1	no	https://europepmc.org/article/PMC/PMC12700342	Single cell RNA sequencing (GSE278435), bulk RNA sequencing (GSE278429, GSE278430, GSE303056), spatial transcriptomics profiling (GSE278436), and CUT & RUN-seq (GSE278426) data reported in this paper have been deposited at Gene Expression Omnibus (GEO) and are publicly available.
dataset	7f5e9f6c-9d73-58c3-b294-18404841c654	GEO	GSE278429	https://www.ncbi.nlm.nih.gov/geo/query/acc.cgi?acc=GSE278429	41349542	R01CA285786	RESOLVES	GEO:GSE278429	record cites this paper	GEO record cites this paper	1	no	https://europepmc.org/article/PMC/PMC12700342	Single cell RNA sequencing (GSE278435), bulk RNA sequencing (GSE278429, GSE278430, GSE303056), spatial transcriptomics profiling (GSE278436), and CUT & RUN-seq (GSE278426) data reported in this paper have been deposited at Gene Expression Omnibus (GEO) and are publicly available.
dataset	fd80961f-15c5-5ea4-baa0-356f6918af3c	GEO	GSE278430	https://www.ncbi.nlm.nih.gov/geo/query/acc.cgi?acc=GSE278430	41349542	R01CA285786	RESOLVES	GEO:GSE278430	record cites this paper	GEO record cites this paper	1	no	https://europepmc.org/article/PMC/PMC12700342	Single cell RNA sequencing (GSE278435), bulk RNA sequencing (GSE278429, GSE278430, GSE303056), spatial transcriptomics profiling (GSE278436), and CUT & RUN-seq (GSE278426) data reported in this paper have been deposited at Gene Expression Omnibus (GEO) and are publicly available.
dataset	1062f5d5-3caf-5f83-8580-d868f09097b1	GEO	GSE278435	https://www.ncbi.nlm.nih.gov/geo/query/acc.cgi?acc=GSE278435	41349542;41993506	R01CA285786	RESOLVES	GEO:GSE278435	record cites this paper	GEO record cites this paper	1	no	https://europepmc.org/article/PMC/PMC12700342	Single cell RNA sequencing (GSE278435), bulk RNA sequencing (GSE278429, GSE278430, GSE303056), spatial transcriptomics profiling (GSE278436), and CUT & RUN-seq (GSE278426) data reported in this paper have been deposited at Gene Expression Omnibus (GEO) and are publicly available.
dataset	1a6443a0-ab7d-540c-8b84-070b45bd6ba9	GEO	GSE278436	https://www.ncbi.nlm.nih.gov/geo/query/acc.cgi?acc=GSE278436	41349542	R01CA285786	RESOLVES	GEO:GSE278436	record cites this paper	GEO record cites this paper	1	no	https://europepmc.org/article/PMC/PMC12700342	Single cell RNA sequencing (GSE278435), bulk RNA sequencing (GSE278429, GSE278430, GSE303056), spatial transcriptomics profiling (GSE278436), and CUT & RUN-seq (GSE278426) data reported in this paper have been deposited at Gene Expression Omnibus (GEO) and are publicly available.
dataset	f6c1e732-0e42-59d4-a429-a897b8165dcf	GEO	GSE278582	https://www.ncbi.nlm.nih.gov/geo/query/acc.cgi?acc=GSE278582	41699285	R01CA280720	RESOLVES	GEO:GSE278582	record cites this paper	GEO record cites this paper	1	no	https://europepmc.org/article/PMC/PMC13249469	The sequencing data discussed in this publication were to deposited the NCBI GEO 127 under accession number GSE278582 <https://www.ncbi.nlm.nih.gov/geo/query/acc.cgi?acc=GSE278582> .
dataset	5d40f8c9-2ba3-5155-bc93-339e24de24fe	GEO	GSE278871	https://www.ncbi.nlm.nih.gov/geo/query/acc.cgi?acc=GSE278871	39895630	R01CA293602	RESOLVES	GEO:GSE278871	record cites this paper	GEO record cites this paper	1	no	https://europepmc.org/article/PMC/PMC11785931	As above, metadata are available in the NCBI GEO database (access numbers: scRNA-seq: GSE279070 and ATAC-seq: GSE278871); the remaining data are provided in the Supporting Data Values file.
dataset	134bdc83-5f68-50b3-afc2-e6163cd7e100	GEO	GSE279070	https://www.ncbi.nlm.nih.gov/geo/query/acc.cgi?acc=GSE279070	39895630	R01CA293602	RESOLVES	GEO:GSE279070	record cites this paper	GEO record cites this paper	1	no	https://europepmc.org/article/PMC/PMC11785931	As above, metadata are available in the NCBI GEO database (access numbers: scRNA-seq: GSE279070 and ATAC-seq: GSE278871); the remaining data are provided in the Supporting Data Values file.
dataset	a496eeda-5db8-5c42-ac16-8b0cd72b2ed4	GEO	GSE279485	https://www.ncbi.nlm.nih.gov/geo/query/acc.cgi?acc=GSE279485	41760660	R01CA292936	RESOLVES	GEO:GSE279485	record cites this paper	GEO record cites this paper	1	no	https://europepmc.org/article/PMC/PMC13066563	New scRNA-seq, bulk RNA-seq, and CUT&RUN sequencing data generated in this study were deposited into the Gene Expression Omnibus (GEO) under accession numbers GSE279485 <https://www.ncbi.nlm.nih.gov/geo/query/acc.cgi?acc=GSE279485> , GSE287290 <https://www.ncbi.nlm.nih.gov/geo/query/acc.cgi?acc=GSE…
dataset	fc1b674a-b0db-5487-bd18-ee6a7033be44	GEO	GSE279810	https://www.ncbi.nlm.nih.gov/geo/query/acc.cgi?acc=GSE279810	40155813	R01CA278756	RESOLVES	GEO:GSE279810	record cites this paper	GEO record cites this paper	1	no	https://europepmc.org/article/PMC/PMC11954365	All data relevant to the study are included in the article, uploaded as online supplemental information, or deposited in the National Center for Biotechnology Information GEO (accession no. GSE279810 <https://www.ncbi.nlm.nih.gov/geo/query/acc.cgi?acc=GSE279810> ).
dataset	7216e453-59c7-5a6b-b10e-07a4a65b5a55	GEO	GSE280335	https://www.ncbi.nlm.nih.gov/geo/query/acc.cgi?acc=GSE280335	39600120	R01CA285980	RESOLVES	GEO:GSE280335	record cites this paper	GEO record cites this paper	1	no	https://europepmc.org/article/PMC/PMC11636586	All 450K data used in this study are available in TCGA Data Portal (https://tcga-data.nci.nih.gov) and GEO (https://www.ncbi.nlm.nih.gov/geo/) with accession numbers of GSE56596 <https://www.ncbi.nlm.nih.gov/geo/query/acc.cgi?acc=GSE56596> and GSE87571 <https://www.ncbi.nlm.nih.gov/geo/query/acc.cg…
dataset	51ec74e3-9a9c-5b11-a49b-fa27730a36ce	GEO	GSE280448	https://www.ncbi.nlm.nih.gov/geo/query/acc.cgi?acc=GSE280448	41364533	R01CA279391	RESOLVES	GEO:GSE280448	record cites this paper	GEO record cites this paper	1	no	https://europepmc.org/article/PMC/PMC12892918	Raw data, processed data, and metadata from the bulk RNA-Seq (GSE280449), scRNA-Seq (GSE280450), and PRO-Seq (GSE280448) experiments have been deposited in the NCBI’s Gene Expression Omnibus (GEO) database.
dataset	5b721403-78f9-5dfa-a8f4-763979d4a185	GEO	GSE280449	https://www.ncbi.nlm.nih.gov/geo/query/acc.cgi?acc=GSE280449	41364533	R01CA279391	RESOLVES	GEO:GSE280449	record cites this paper	GEO record cites this paper	1	no	https://europepmc.org/article/PMC/PMC12892918	Raw data, processed data, and metadata from the bulk RNA-Seq (GSE280449), scRNA-Seq (GSE280450), and PRO-Seq (GSE280448) experiments have been deposited in the NCBI’s Gene Expression Omnibus (GEO) database.
dataset	7f76cb86-290e-5512-a4f3-6ce3320a9542	GEO	GSE280450	https://www.ncbi.nlm.nih.gov/geo/query/acc.cgi?acc=GSE280450	41364533	R01CA279391	RESOLVES	GEO:GSE280450	record cites this paper	GEO record cites this paper	1	no	https://europepmc.org/article/PMC/PMC12892918	Raw data, processed data, and metadata from the bulk RNA-Seq (GSE280449), scRNA-Seq (GSE280450), and PRO-Seq (GSE280448) experiments have been deposited in the NCBI’s Gene Expression Omnibus (GEO) database.
dataset	ff279120-bc42-51f6-8cc1-a451717a8e47	GEO	GSE280512	https://www.ncbi.nlm.nih.gov/geo/query/acc.cgi?acc=GSE280512	39948411	R01CA283580	RESOLVES	GEO:GSE280512	record cites this paper	GEO record cites this paper	1	no	https://europepmc.org/article/PMC/PMC11914105	The raw RNA-seq data and RPPA data are deposited to GEO with accession number: GSE280512 <https://www.ncbi.nlm.nih.gov/geo/query/acc.cgi?acc=GSE280512> .
dataset	5fbb837b-6c1e-52ec-a1aa-76b940878ee9	GEO	GSE280947	https://www.ncbi.nlm.nih.gov/geo/query/acc.cgi?acc=GSE280947	41760660	R01CA292936	RESOLVES	GEO:GSE280947	record cites this paper	GEO record cites this paper	1	no	https://europepmc.org/article/PMC/PMC13066563	New scRNA-seq, bulk RNA-seq, and CUT&RUN sequencing data generated in this study were deposited into the Gene Expression Omnibus (GEO) under accession numbers GSE279485 <https://www.ncbi.nlm.nih.gov/geo/query/acc.cgi?acc=GSE279485> , GSE287290 <https://www.ncbi.nlm.nih.gov/geo/query/acc.cgi?acc=GSE…
dataset	42fd75a2-96dc-529e-981e-ae1f3f5ec6d6	GEO	GSE281296	https://www.ncbi.nlm.nih.gov/geo/query/acc.cgi?acc=GSE281296	40709833	R01CA280999;R01CA285345;R01CA286864;R01CA294563	RESOLVES	GEO:GSE281296	record cites this paper	GEO record cites this paper	1	no	https://europepmc.org/article/PMC/PMC12580793	ChIP-seq, ATAC-seq, and RNA-seq data generated by this study are deposited in GEO (RRID: SCR_005012) with accession numbers GSE281297 <https://www.ncbi.nlm.nih.gov/geo/query/acc.cgi?acc=GSE281297> , GSE281296 <https://www.ncbi.nlm.nih.gov/geo/query/acc.cgi?acc=GSE281296> , and GSE281298 <https://ww…
dataset	383bd73d-d96d-5bff-8798-b28757d5e3ac	GEO	GSE281297	https://www.ncbi.nlm.nih.gov/geo/query/acc.cgi?acc=GSE281297	40709833	R01CA280999;R01CA285345;R01CA286864;R01CA294563	RESOLVES	GEO:GSE281297	record cites this paper	GEO record cites this paper	1	no	https://europepmc.org/article/PMC/PMC12580793	ChIP-seq, ATAC-seq, and RNA-seq data generated by this study are deposited in GEO (RRID: SCR_005012) with accession numbers GSE281297 <https://www.ncbi.nlm.nih.gov/geo/query/acc.cgi?acc=GSE281297> , GSE281296 <https://www.ncbi.nlm.nih.gov/geo/query/acc.cgi?acc=GSE281296> , and GSE281298 <https://ww…
dataset	60ceb5d2-8f35-587e-aa71-18b701ef35a5	GEO	GSE281298	https://www.ncbi.nlm.nih.gov/geo/query/acc.cgi?acc=GSE281298	40709833	R01CA280999;R01CA285345;R01CA286864;R01CA294563	RESOLVES	GEO:GSE281298	record cites this paper	GEO record cites this paper	1	no	https://europepmc.org/article/PMC/PMC12580793	ChIP-seq, ATAC-seq, and RNA-seq data generated by this study are deposited in GEO (RRID: SCR_005012) with accession numbers GSE281297 <https://www.ncbi.nlm.nih.gov/geo/query/acc.cgi?acc=GSE281297> , GSE281296 <https://www.ncbi.nlm.nih.gov/geo/query/acc.cgi?acc=GSE281296> , and GSE281298 <https://ww…
dataset	b7bc6fd7-82a7-5bad-835e-44f26d5ae883	GEO	GSE281561	https://www.ncbi.nlm.nih.gov/geo/query/acc.cgi?acc=GSE281561	41537349	R01CA282701	RESOLVES	GEO:GSE281561	record cites this paper	GEO record cites this paper	1	no	https://europepmc.org/article/PMC/PMC13231128	All raw RNA-Seq data generated in this study have been deposited in the NCBI Gene Expression Omnibus (GEO, https://www.ncbi.nlm.nih.gov/geo/) under accession number GSE281561 <https://www.ncbi.nlm.nih.gov/geo/query/acc.cgi?acc=GSE281561> .
dataset	926bbcab-f0ad-5b62-aa4e-0e4003df1716	GEO	GSE281630	https://www.ncbi.nlm.nih.gov/geo/query/acc.cgi?acc=GSE281630	41004595	R01CA278967;R01CA278971	RESOLVES	GEO:GSE281630	record cites this paper	GEO record cites this paper	1	no	https://europepmc.org/article/PMC/PMC12467062	In addition, CUT&RUN and scRNA-seq raw data would be available through the Gene Expression Omnibus (CUT&RUN data: GSE282804; scRNA-seq data: GSE281630).
dataset	5536ae6a-f7ff-56d3-b463-20dfcb382606	GEO	GSE282216	https://www.ncbi.nlm.nih.gov/geo/query/acc.cgi?acc=GSE282216	39600120	R01CA285980	RESOLVES	GEO:GSE282216	record cites this paper	GEO record cites this paper	1	no	https://europepmc.org/article/PMC/PMC11636586	All 450K data used in this study are available in TCGA Data Portal (https://tcga-data.nci.nih.gov) and GEO (https://www.ncbi.nlm.nih.gov/geo/) with accession numbers of GSE56596 <https://www.ncbi.nlm.nih.gov/geo/query/acc.cgi?acc=GSE56596> and GSE87571 <https://www.ncbi.nlm.nih.gov/geo/query/acc.cg…
dataset	139a85cf-5825-5cbc-8d54-2d0ca6f4fdd3	GEO	GSE282804	https://www.ncbi.nlm.nih.gov/geo/query/acc.cgi?acc=GSE282804	41004595	R01CA278967;R01CA278971	RESOLVES	GEO:GSE282804	record cites this paper	GEO record cites this paper	1	no	https://europepmc.org/article/PMC/PMC12467062	In addition, CUT&RUN and scRNA-seq raw data would be available through the Gene Expression Omnibus (CUT&RUN data: GSE282804; scRNA-seq data: GSE281630).
dataset	8d6fd097-0faa-5327-884d-e90c5b7d6748	GEO	GSE282979	https://www.ncbi.nlm.nih.gov/geo/query/acc.cgi?acc=GSE282979	41081432	R01CA283080	RESOLVES	GEO:GSE282979	record cites this paper	GEO record cites this paper	1	no	https://europepmc.org/article/PMC/PMC12582536	The transcriptomic data generated in this study are publicly available in Gene Expression Omnibus (GEO) at GSE282979.
dataset	74fcdc64-e98a-591a-9ffe-5adc94aacd00	GEO	GSE283198	https://www.ncbi.nlm.nih.gov/geo/query/acc.cgi?acc=GSE283198	40815670	R01CA286615	RESOLVES	GEO:GSE283198	record cites this paper	GEO record cites this paper	1	no	https://europepmc.org/article/PMC/PMC13034498	Mouse scRNAseq data for CD45 + cells sorted from PDAC tumors have been deposited in the Gene Expression Omnibus Repository (GEO GSE283198).
dataset	9f873098-4611-5c7c-8e67-60e42b16512a	GEO	GSE283206	https://www.ncbi.nlm.nih.gov/geo/query/acc.cgi?acc=GSE283206	40815670	R01CA286615	RESOLVES	GEO:GSE283206	record cites this paper	GEO record cites this paper	1	no	https://europepmc.org/article/PMC/PMC13034498	The Human PDAC scRNAseq data from clinical trial (NCT04536077 <https://clinicaltrials.gov/ct2/show/NCT04536077> ) has been deposited in GEO (GSE283206) and the Sequence Read Archive (SRA PRJNA1186214).
dataset	bd0469d3-cf8e-5961-b70d-ed893f2b3e1a	GEO	GSE283245	https://www.ncbi.nlm.nih.gov/geo/query/acc.cgi?acc=GSE283245	40846739	R01CA285882	RESOLVES	GEO:GSE283245	record names an author of this paper	GEO record lists an author of this paper as a submitter	1	no	https://europepmc.org/article/PMC/PMC12373826	Gene expression data used in the study were deposited in the GEO database: accession number GSE283245.
dataset	514eb29f-8491-5e96-ab64-0f03b3ace447	GEO	GSE283317	https://www.ncbi.nlm.nih.gov/geo/query/acc.cgi?acc=GSE283317	40037355	R01CA282733	RESOLVES	GEO:GSE283317	record cites this paper	GEO record cites this paper	1	no	https://europepmc.org/article/PMC/PMC12009005	Sequencing data | This study | GEO (accession numbers: GSE283317)
dataset	1f1df6a9-af5d-5ecd-918b-4365a28521b3	GEO	GSE283503	https://www.ncbi.nlm.nih.gov/geo/query/acc.cgi?acc=GSE283503	39937118	R01CA279849	RESOLVES	GEO:GSE283503	record cites this paper	GEO record cites this paper	1	no	https://europepmc.org/article/PMC/PMC12048275	RNA sequencing data is publicly available in Gene Expression Omnibus (GEO) at GSE283503 and GSE283613.
dataset	250dc7fd-760d-5dce-9cbf-e6864dac0279	GEO	GSE283601	https://www.ncbi.nlm.nih.gov/geo/query/acc.cgi?acc=GSE283601	40938954	R01CA290808	RESOLVES	GEO:GSE283601	record cites this paper	GEO record cites this paper	1	no	https://europepmc.org/article/PMC/PMC12700322	Single cell RNA-seq and ATAC-seq data are deposited at the GEO under accession number GSE264410, and bulk RNA-seq and ATAC-seq data are under GSE283601.
dataset	75164856-9b8c-5603-b102-599acf50a610	GEO	GSE283613	https://www.ncbi.nlm.nih.gov/geo/query/acc.cgi?acc=GSE283613	39937118	R01CA279849	RESOLVES	GEO:GSE283613	record cites this paper	GEO record cites this paper	1	no	https://europepmc.org/article/PMC/PMC12048275	RNA sequencing data is publicly available in Gene Expression Omnibus (GEO) at GSE283503 and GSE283613.
dataset	bec55883-fdf3-5169-9ac6-97e33f3d468f	GEO	GSE284054	https://www.ncbi.nlm.nih.gov/geo/query/acc.cgi?acc=GSE284054	40857406	R01CA285780	RESOLVES	GEO:GSE284054	record names an author of this paper	GEO record lists an author of this paper as a submitter	1	no	https://europepmc.org/article/PMC/PMC12406728	Gene expression data generated in this study are publicly available in National Center for Biotechnology Information (NCBI) Gene Expression Omnibus (GEO) at GSE271579 <https://www.ncbi.nlm.nih.gov/geo/query/acc.cgi?acc=GSE271579> , GSE271580 <https://www.ncbi.nlm.nih.gov/geo/query/acc.cgi?acc=GSE27…
dataset	7e6d7375-fd78-59d6-b8e7-a3cff4a0a9db	GEO	GSE284235	https://www.ncbi.nlm.nih.gov/geo/query/acc.cgi?acc=GSE284235	41290681	R01CA289703	RESOLVES	GEO:GSE284235	record cites this paper	GEO record cites this paper	1	no	https://europepmc.org/article/PMC/PMC12748961	The raw sequencing data generated in this study have been deposited in the GEO database under accession code GSE284235 <https://www.ncbi.nlm.nih.gov/geo/query/acc.cgi?acc=gse284235> .
dataset	eb57f6e3-b571-5e6f-bdc1-258ad4dc2dce	GEO	GSE284356	https://www.ncbi.nlm.nih.gov/geo/query/acc.cgi?acc=GSE284356	40530506	R01CA282501	RESOLVES	GEO:GSE284356	record cites this paper	GEO record cites this paper	1	no	https://europepmc.org/article/PMC/PMC12258700	scRNA-seq data generated for this study is available from the Gene Expression Omnibus database under accession code GSE284356.
dataset	5a79f10b-46c5-5f70-b01e-412b2d97d91b	GEO	GSE284991	https://www.ncbi.nlm.nih.gov/geo/query/acc.cgi?acc=GSE284991	41090361	R01CA282815	RESOLVES	GEO:GSE284991	record names an author of this paper	GEO record lists an author of this paper as a submitter	1	no	https://europepmc.org/article/PMC/PMC12520678	RNA-seq data have been deposited the NCBI’s Gene Expression Omnibus database (GEO GSE284991).
dataset	668dee5b-2c78-5bd6-a774-0b8766e975aa	GEO	GSE285377	https://www.ncbi.nlm.nih.gov/geo/query/acc.cgi?acc=GSE285377	41556969	R01CA293366	RESOLVES	GEO:GSE285377	record names an author of this paper	GEO record lists an author of this paper as a submitter	1	no	https://europepmc.org/article/PMC/PMC12981551	The variants analyzed in this study are available in the GEO repository (GSE285377).
dataset	66461e45-d227-528f-adfc-fd42caa261b4	GEO	GSE285638	https://www.ncbi.nlm.nih.gov/geo/query/acc.cgi?acc=GSE285638	40557871	R01CA285515	RESOLVES	GEO:GSE285638	record cites this paper	GEO record cites this paper	1	no	https://europepmc.org/article/PMC/PMC12188298	The raw and processed RNA-seq data are deposited in Gene Expression Omnibus (GEO; https://www.ncbi.nlm.nih.gov/geo/) with the accession number GSE285638 <https://www.ncbi.nlm.nih.gov/geo/query/acc.cgi?acc=GSE285638> .
dataset	7548b0cd-c1d3-5517-8d25-dea726e9c2e1	GEO	GSE286179	https://www.ncbi.nlm.nih.gov/geo/query/acc.cgi?acc=GSE286179	40678238;41896311	R01CA278832;R01CA285684	RESOLVES	GEO:GSE286179	record cites this paper	GEO record cites this paper	1	no	https://europepmc.org/article/PMC/PMC13086523	The short-read RNA-seq, long-read RNA-seq and ChIRP-seq data that support the findings of this study have been deposited in the Gene Expression Omnibus under accession codes GSE286179, GSE286318, GSE286319, GSE286320 and GSE286432.
dataset	7a4bbe0c-23e1-5800-b037-9f2875f34b54	GEO	GSE286264	https://www.ncbi.nlm.nih.gov/geo/query/acc.cgi?acc=GSE286264	42207977	R01CA290780	RESOLVES	GEO:GSE286264	record cites this paper	GEO record cites this paper	1	no	https://europepmc.org/article/PMC/PMC13429029	Accession numbers for mouse healthy pancreas: GSM5011580 <https://www.ncbi.nlm.nih.gov/geo/query/acc.cgi?acc=GSM5011580> and GSM5011581 <https://www.ncbi.nlm.nih.gov/geo/query/acc.cgi?acc=GSM5011581> ; for KC PanIN: GSM8329614 <https://www.ncbi.nlm.nih.gov/geo/query/acc.cgi?acc=GSM8329614> , GSM832…
dataset	07c83f4f-7721-5f6d-a8d0-f681c12a75c1	GEO	GSE286318	https://www.ncbi.nlm.nih.gov/geo/query/acc.cgi?acc=GSE286318	40678238;41896311	R01CA278832;R01CA285684	RESOLVES	GEO:GSE286318	record cites this paper	GEO record cites this paper	1	no	https://europepmc.org/article/PMC/PMC13086523	The short-read RNA-seq, long-read RNA-seq and ChIRP-seq data that support the findings of this study have been deposited in the Gene Expression Omnibus under accession codes GSE286179, GSE286318, GSE286319, GSE286320 and GSE286432.
dataset	765643a6-2e72-56c7-8151-ea957074e660	GEO	GSE286319	https://www.ncbi.nlm.nih.gov/geo/query/acc.cgi?acc=GSE286319	40678238;41896311	R01CA278832;R01CA285684	RESOLVES	GEO:GSE286319	record cites this paper	GEO record cites this paper	1	no	https://europepmc.org/article/PMC/PMC13086523	The short-read RNA-seq, long-read RNA-seq and ChIRP-seq data that support the findings of this study have been deposited in the Gene Expression Omnibus under accession codes GSE286179, GSE286318, GSE286319, GSE286320 and GSE286432.
dataset	fe623534-0169-5c68-8690-d30091984d55	GEO	GSE286320	https://www.ncbi.nlm.nih.gov/geo/query/acc.cgi?acc=GSE286320	40678238;41896311	R01CA278832;R01CA285684	RESOLVES	GEO:GSE286320	record cites this paper	GEO record cites this paper	1	no	https://europepmc.org/article/PMC/PMC13086523	The short-read RNA-seq, long-read RNA-seq and ChIRP-seq data that support the findings of this study have been deposited in the Gene Expression Omnibus under accession codes GSE286179, GSE286318, GSE286319, GSE286320 and GSE286432.
dataset	3a0f35a6-c90d-5927-b174-69f77b330334	GEO	GSE286432	https://www.ncbi.nlm.nih.gov/geo/query/acc.cgi?acc=GSE286432	41896311	R01CA278832;R01CA285684	RESOLVES	GEO:GSE286432	record cites this paper	GEO record cites this paper	1	no	https://europepmc.org/article/PMC/PMC13086523	The short-read RNA-seq, long-read RNA-seq and ChIRP-seq data that support the findings of this study have been deposited in the Gene Expression Omnibus under accession codes GSE286179, GSE286318, GSE286319, GSE286320 and GSE286432.
dataset	66a27d31-48ac-5b9a-8004-acf0bbec2e9d	GEO	GSE286801	https://www.ncbi.nlm.nih.gov/geo/query/acc.cgi?acc=GSE286801	40199322	R01CA287786	RESOLVES	GEO:GSE286801	record cites this paper	GEO record cites this paper	1	no	https://europepmc.org/article/PMC/PMC12063771	All sequencing datasets generated as part of this study are publicly available in NCBI GEO under accession #GEO: GSE286801.
dataset	22bf62f3-ded9-5b11-875c-3223400f23e7	GEO	GSE287290	https://www.ncbi.nlm.nih.gov/geo/query/acc.cgi?acc=GSE287290	41760660	R01CA292936	RESOLVES	GEO:GSE287290	record cites this paper	GEO record cites this paper	1	no	https://europepmc.org/article/PMC/PMC13066563	New scRNA-seq, bulk RNA-seq, and CUT&RUN sequencing data generated in this study were deposited into the Gene Expression Omnibus (GEO) under accession numbers GSE279485 <https://www.ncbi.nlm.nih.gov/geo/query/acc.cgi?acc=GSE279485> , GSE287290 <https://www.ncbi.nlm.nih.gov/geo/query/acc.cgi?acc=GSE…
dataset	9db2e54a-84ce-5bce-9140-de7243269791	GEO	GSE287604	https://www.ncbi.nlm.nih.gov/geo/query/acc.cgi?acc=GSE287604	40333757	R01CA290808	RESOLVES	GEO:GSE287604	record cites this paper	GEO record cites this paper	1	no	https://europepmc.org/article/PMC/PMC12088444	The scRNA-seq and bulk ATAC-seq data are deposited at the GEO under Accession No. GSE287604 <http://www.ncbi.nlm.nih.gov/geo/query/acc.cgi?acc=GSE287604> ( 41 ) and GSE271531 <http://www.ncbi.nlm.nih.gov/geo/query/acc.cgi?acc=GSE271531> ( 42 ), respectively.
dataset	df7115a9-c99e-5ad5-8ef7-3d0116ae2b59	GEO	GSE287760	https://www.ncbi.nlm.nih.gov/geo/query/acc.cgi?acc=GSE287760	41270152	R01CA279993	RESOLVES	GEO:GSE287760	record cites this paper	GEO record cites this paper	1	no	https://europepmc.org/article/PMC/PMC12758111	RNA sequencing data have been deposited to NCBI’s Gene Expression Omnibus and are accessible through GEO Series accession number GSE287760.
dataset	42ab6ced-17dd-592a-87ef-0f4a222e1aca	GEO	GSE288388	https://www.ncbi.nlm.nih.gov/geo/query/acc.cgi?acc=GSE288388	39937118	R01CA279849	RESOLVES	GEO:GSE288388	record cites this paper	GEO record cites this paper	1	no	https://europepmc.org/article/PMC/PMC12048275	Spatial transcriptomic data is publicly available in GEO at GSE288388.
dataset	52eed93b-42be-59c8-9d70-0a69e14a0df2	GEO	GSE288678	https://www.ncbi.nlm.nih.gov/geo/query/acc.cgi?acc=GSE288678	40263357	R01CA285372	RESOLVES	GEO:GSE288678	record cites this paper	GEO record cites this paper	1	no	https://europepmc.org/article/PMC/PMC12015357	The RNA Sequencing datasets derived from MSCs in this study are available from the Gene Expression Omnibus at GSE288678 <https://www.ncbi.nlm.nih.gov/geo/query/acc.cgi?acc=GSE288678> .
dataset	ae45f974-d8a5-50bd-8724-5fc1547d88e0	GEO	GSE288830	https://www.ncbi.nlm.nih.gov/geo/query/acc.cgi?acc=GSE288830	41032745	R01CA290780	RESOLVES	GEO:GSE288830	record cites this paper	GEO record cites this paper	1	no	https://europepmc.org/article/PMC/PMC12809115	The complete R script used for analysis and visualization is publicly available on GitHub (https://github.com/PascaDiMagliano-Lab/), and scRNA-seq datasets generated in this study are publicly available at NCBI Gene Expression Omnibus accession number GSE288830 <https://www.ncbi.nlm.nih.gov/geo/que…
dataset	096f682f-9621-5874-bf73-6bd6da510e29	GEO	GSE289049	https://www.ncbi.nlm.nih.gov/geo/query/acc.cgi?acc=GSE289049	40060545;41337486	R01CA278967;R01CA278971	RESOLVES	GEO:GSE289049	record cites this paper	GEO record cites this paper	1	no	https://europepmc.org/article/PMC/PMC12704714	scRNA-seq and Xenium In Situ data are available via the GEO database (GSE289049 <https://www.ncbi.nlm.nih.gov/geo/query/acc.cgi?acc=GSE289049> and GSE304762 <https://www.ncbi.nlm.nih.gov/geo/query/acc.cgi?acc=GSE304762> ) ( 68 , 69 ).
dataset	213a28aa-fbed-5945-9876-edd3a5a9a0cc	GEO	GSE289050	https://www.ncbi.nlm.nih.gov/geo/query/acc.cgi?acc=GSE289050	40682778	R01CA290597	RESOLVES	GEO:GSE289050	record cites this paper	GEO record cites this paper	1	no	https://europepmc.org/article/PMC/PMC12809107	RNA sequencing of A-498 and A-704 cells treated with mTORi, NMDi, and splicing inhibitor | This Study | GEO: GSE289050 <https://www.ncbi.nlm.nih.gov/geo/query/acc.cgi?acc=GSE289050>
dataset	1de9798a-c95f-5e8a-80e4-ebae32ee2970	GEO	GSE289295	https://www.ncbi.nlm.nih.gov/geo/query/acc.cgi?acc=GSE289295	40133548	R01CA286492	RESOLVES	GEO:GSE289295	record cites this paper	GEO record cites this paper	1	no	https://europepmc.org/article/PMC/PMC12116240	All data and uncropped scans for all western blots are included in the Source Data files, RNAseq data have been deposited in GEO under accession number GSE289295.
dataset	57b5c123-b054-5672-9849-fc4075feac88	GEO	GSE289368	https://www.ncbi.nlm.nih.gov/geo/query/acc.cgi?acc=GSE289368	40179881	R01CA279813	RESOLVES	GEO:GSE289368	record cites this paper	GEO record cites this paper	1	no	https://europepmc.org/article/PMC/PMC12085297	Raw and processed sequencing data for this study can be accessed in the NCBI Gene Expression Omnibus (GEO) database under the accession number GSE289368.
dataset	dbeed402-86c1-545f-9650-e871193a1940	GEO	GSE289491	https://www.ncbi.nlm.nih.gov/geo/query/acc.cgi?acc=GSE289491	41469373	R01CA282810;R01CA286615	RESOLVES	GEO:GSE289491	record cites this paper	GEO record cites this paper	1	no	https://europepmc.org/article/PMC/PMC12848019	The scRNA-seq datasets analyzed in this study are available through the NCBI Gene Expression Omnibus (GEO) under the accession codes GSE289491 <https://www.ncbi.nlm.nih.gov/geo/query/acc.cgi?acc=GSE289491> (samples derived from mice) and GSE230295 <https://www.ncbi.nlm.nih.gov/geo/query/acc.cgi?acc…
dataset	197805b8-5e7b-5536-a382-efd817248a29	GEO	GSE289555	https://www.ncbi.nlm.nih.gov/geo/query/acc.cgi?acc=GSE289555	40060410;41105760	R01CA285607	RESOLVES	GEO:GSE289555	record names an author of this paper	GEO record lists an author of this paper as a submitter	1	no	https://europepmc.org/article/PMC/PMC11888214	The RNA-seq data have been deposited in the NBCI GEO database as GSE272692 (4T1 vs 4T1-RR), GSE289555 (MDA-MB-468 vs MDA-MB-468-RR), and GSE290005 (circular RNA in MDA-MB-468-RR vs HNRNPL knockdown).
dataset	82ad3e64-a169-5d77-a2a4-defe26a9a579	GEO	GSE289670	https://www.ncbi.nlm.nih.gov/geo/query/acc.cgi?acc=GSE289670	40376796	R01CA279378	RESOLVES	GEO:GSE289670	record cites this paper	GEO record cites this paper	1	no	https://europepmc.org/article/PMC/PMC12353786	The RNA-seq data from this study have been deposited to the GEO database (https://www.ncbi.nlm.nih.gov/geo/) and assigned the identifier GSE289670.
dataset	d02b8b49-8acb-57dd-b26a-4cd3187e469d	GEO	GSE289849	https://www.ncbi.nlm.nih.gov/geo/query/acc.cgi?acc=GSE289849	40166161;41351880	R01CA290681;R01CA292503	RESOLVES	GEO:GSE289849	record cites this paper	GEO record cites this paper	1	no	https://europepmc.org/article/PMC/PMC11957141	Raw sequence and processed data is available at Gene Expression Omnibus (GSE289849, GSE289851, GSE289855 and GSE289857).
dataset	08f42332-58ea-5682-bb33-9a827c46ed9d	GEO	GSE289851	https://www.ncbi.nlm.nih.gov/geo/query/acc.cgi?acc=GSE289851	40166161;41351880	R01CA290681;R01CA292503	RESOLVES	GEO:GSE289851	record cites this paper	GEO record cites this paper	1	no	https://europepmc.org/article/PMC/PMC11957141	Raw sequence and processed data is available at Gene Expression Omnibus (GSE289849, GSE289851, GSE289855 and GSE289857).
dataset	2cdda8b3-fe4b-5307-876c-906189208478	GEO	GSE289855	https://www.ncbi.nlm.nih.gov/geo/query/acc.cgi?acc=GSE289855	40166161;41351880	R01CA290681;R01CA292503	RESOLVES	GEO:GSE289855	record cites this paper	GEO record cites this paper	1	no	https://europepmc.org/article/PMC/PMC11957141	Raw sequence and processed data is available at Gene Expression Omnibus (GSE289849, GSE289851, GSE289855 and GSE289857).
dataset	6e37aa7a-a705-565d-9fc7-964c3f3ae73c	GEO	GSE289857	https://www.ncbi.nlm.nih.gov/geo/query/acc.cgi?acc=GSE289857	40166161;41351880	R01CA290681;R01CA292503	RESOLVES	GEO:GSE289857	record cites this paper	GEO record cites this paper	1	no	https://europepmc.org/article/PMC/PMC11957141	Raw sequence and processed data is available at Gene Expression Omnibus (GSE289849, GSE289851, GSE289855 and GSE289857).
dataset	cc29e376-a16a-550c-9cf2-f53f257e3693	GEO	GSE290005	https://www.ncbi.nlm.nih.gov/geo/query/acc.cgi?acc=GSE290005	40060410;41105760	R01CA285607	RESOLVES	GEO:GSE290005	record cites this paper	GEO record cites this paper	1	no	https://europepmc.org/article/PMC/PMC12533556	Data and materials availability: The RNA-seq data have been deposited in the NBCI GEO database as GSE272692 <https://www.ncbi.nlm.nih.gov/geo/query/acc.cgi?acc=GSE272692> (4T1 versus 4T1-RR), GSE289555 <https://www.ncbi.nlm.nih.gov/geo/query/acc.cgi?acc=GSE289555> (MDA-MB-468 versus MDA-MB-468-RR),…
dataset	f6f86b8e-d2f8-5338-862f-dd6787618dd1	GEO	GSE290502	https://www.ncbi.nlm.nih.gov/geo/query/acc.cgi?acc=GSE290502	40644578	R01CA279171	RESOLVES	GEO:GSE290502	record names an author of this paper	GEO record lists an author of this paper as a submitter	1	no	https://europepmc.org/article/PMC/PMC12281470	Transcriptomic data has deposited to Gene Expression Omnibus (GSE290502 and GSE290503).
dataset	71614fa8-0d4e-52a2-87f4-2baeae69b8b2	GEO	GSE290503	https://www.ncbi.nlm.nih.gov/geo/query/acc.cgi?acc=GSE290503	40644578	R01CA279171	RESOLVES	GEO:GSE290503	record names an author of this paper	GEO record lists an author of this paper as a submitter	1	no	https://europepmc.org/article/PMC/PMC12281470	Transcriptomic data has deposited to Gene Expression Omnibus (GSE290502 and GSE290503).
dataset	e694a3fa-6583-559e-bb73-ea1ccdb1b91d	GEO	GSE291041	https://www.ncbi.nlm.nih.gov/geo/query/acc.cgi?acc=GSE291041	41032751	R01CA285272	RESOLVES	GEO:GSE291041	record names an author of this paper	GEO record lists an author of this paper as a submitter	1	no	https://europepmc.org/article/PMC/PMC12758594	All cellular indexing of transcriptomes and epitopes sequencing, single-cell assay for transposase-accessible chromatin sequencing, and RNA sequencing data have been deposited in the Gene Expression Omnibus database (accession number GSE291041).
dataset	c62d4259-4f8e-55e8-b565-49b96f1f32b0	GEO	GSE291118	https://www.ncbi.nlm.nih.gov/geo/query/acc.cgi?acc=GSE291118	40712568	R01CA272433	RESOLVES	GEO:GSE291121	record cites this paper	GEO record cites this paper	1	no	https://europepmc.org/article/PMC/PMC12313264	Raw and processed sequencing data for bulk RNA-seq, single cell RNA-seq, and NanoString PanCancer Immune Profiling samples are publicly available at GEO under SuperSeries accession GSE291121 (GSE291118 for bulk RNA-seq, GSE291120 for scRNA-seq, and GSE301021 for NanoString PanCancer Immune Profilin…
dataset	7d229686-7bc7-5481-a42b-fce726978ce0	GEO	GSE291120	https://www.ncbi.nlm.nih.gov/geo/query/acc.cgi?acc=GSE291120	40712568	R01CA272433	RESOLVES	GEO:GSE291121	record cites this paper	GEO record cites this paper	1	no	https://europepmc.org/article/PMC/PMC12313264	Raw and processed sequencing data for bulk RNA-seq, single cell RNA-seq, and NanoString PanCancer Immune Profiling samples are publicly available at GEO under SuperSeries accession GSE291121 (GSE291118 for bulk RNA-seq, GSE291120 for scRNA-seq, and GSE301021 for NanoString PanCancer Immune Profilin…
dataset	3b98c4cb-75eb-58bb-95c8-75caf9101b00	GEO	GSE291121	https://www.ncbi.nlm.nih.gov/geo/query/acc.cgi?acc=GSE291121	40712568	R01CA272433	RESOLVES	GEO:GSE291121	record cites this paper	GEO record cites this paper	1	no	https://europepmc.org/article/PMC/PMC12313264	Raw and processed sequencing data for bulk RNA-seq, single cell RNA-seq, and NanoString PanCancer Immune Profiling samples are publicly available at GEO under SuperSeries accession GSE291121 (GSE291118 for bulk RNA-seq, GSE291120 for scRNA-seq, and GSE301021 for NanoString PanCancer Immune Profilin…
dataset	8615cfa7-93d3-573b-8ac8-7524f9863fbd	GEO	GSE291403	https://www.ncbi.nlm.nih.gov/geo/query/acc.cgi?acc=GSE291403	41134634	R01CA282251	RESOLVES	GEO:GSE291403	record cites this paper	GEO record cites this paper	1	no	https://europepmc.org/article/PMC/PMC12582283	The data reported in this paper have been deposited in the Gene Expression Omnibus (GEO) database, https://www.ncbi.nlm.nih.gov/geo (Accession No. GSE291403 <https://www.ncbi.nlm.nih.gov/geo/query/acc.cgi?acc=GSE291403> ) ( 86 ).
dataset	598e8215-8574-5d67-884a-2b65185fa0f9	GEO	GSE291658	https://www.ncbi.nlm.nih.gov/geo/query/acc.cgi?acc=GSE291658	40435263	R01CA279997	RESOLVES	GEO:GSE291658	record cites this paper	GEO record cites this paper	1	no	https://europepmc.org/article/PMC/PMC12118637	The data for this study have been deposited in the database GEO (GSE291658), MassIVE (MSV000096493), and ProteomeXchange (PXD058152).
dataset	be809a87-ba34-5381-a291-dbd5bd1d87d4	GEO	GSE292273	https://www.ncbi.nlm.nih.gov/geo/query/acc.cgi?acc=GSE292273	41529070	R01CA290402	RESOLVES	GEO:GSE292273	record cites this paper	GEO record cites this paper	1	no	https://europepmc.org/article/PMC/PMC13136877	All raw data and metadata from RNA-seq and ChIP-seq were deposited in the NCBI Gene Expression Omnibus Data repository (GSE292273, RRID: SCR_005012).
dataset	f6129b47-8fea-5d40-92e4-8c686e670c45	GEO	GSE292579	https://www.ncbi.nlm.nih.gov/geo/query/acc.cgi?acc=GSE292579	40404827	R01CA289624	RESOLVES	GEO:GSE292579	record cites this paper	GEO record cites this paper	1	no	https://europepmc.org/article/PMC/PMC12337130	The raw RNA sequencing data for BJAB cells expressing vBcl-2 WT (labelled as ‘W’), vBcl-2 E14A (labelled as ‘E’) and empty vector (labelled as ‘V’) have been deposited at NCBI GEO database under accession number GSE292579.
dataset	50af2049-0dc2-5241-aaf2-7c9d71f52eef	GEO	GSE292612	https://www.ncbi.nlm.nih.gov/geo/query/acc.cgi?acc=GSE292612	41193657	R01CA290875	RESOLVES	GEO:GSE292612	record names an author of this paper	GEO record lists an author of this paper as a submitter	1	no	https://europepmc.org/article/PMC/PMC12695660	Raw NGS data are deposited in the Gene Expression Omnibus (GEO): sgPTGES3 ATAC-seq (GSE180034 <https://www.ncbi.nlm.nih.gov/geo/query/acc.cgi?acc=GSE180034> ), sgPTGES3 mRNA-seq (GSE180035 <https://www.ncbi.nlm.nih.gov/geo/query/acc.cgi?acc=GSE180035> ), sgPTGES3 ChIP-seq (GSE292612 <https://www.nc…
dataset	7ac0948f-1b97-5653-a5f3-923f0caadbaa	GEO	GSE293273	https://www.ncbi.nlm.nih.gov/geo/query/acc.cgi?acc=GSE293273	42094063	R01CA280482	RESOLVES	GEO:GSE293273	record names an author of this paper	GEO record lists an author of this paper as a submitter	1	no	https://europepmc.org/article/PMC/PMC13142634	NCIH2170 single-cell multiomics data and ONT long-read sequencing data are available on Gene Expression Omnibus (GEO accession numbers GSE293273 and GSE293274).
dataset	e41ca685-20c2-574f-aab4-f730d3e05724	GEO	GSE293274	https://www.ncbi.nlm.nih.gov/geo/query/acc.cgi?acc=GSE293274	42094063	R01CA280482	RESOLVES	GEO:GSE293274	record names an author of this paper	GEO record lists an author of this paper as a submitter	1	no	https://europepmc.org/article/PMC/PMC13142634	NCIH2170 single-cell multiomics data and ONT long-read sequencing data are available on Gene Expression Omnibus (GEO accession numbers GSE293273 and GSE293274).
dataset	3c33e6dc-6be1-536d-91ed-d746ad5a3e78	GEO	GSE293275	https://www.ncbi.nlm.nih.gov/geo/query/acc.cgi?acc=GSE293275	42070691	R01CA286615	RESOLVES	GEO:GSE293275	record cites this paper	GEO record cites this paper	1	no	https://europepmc.org/article/PMC/PMC13286625	Bulk and single cell RNAseq data is deposited in GEO with accession numbers GSE293275, GSE293275, GSE297798 and GSE297618.
dataset	ea8da174-50af-5a87-b01a-9d78acc3f923	GEO	GSE293756	https://www.ncbi.nlm.nih.gov/geo/query/acc.cgi?acc=GSE293756	41086055	R01CA282437	RESOLVES	GEO:GSE293756	record cites this paper	GEO record cites this paper	1	no	https://europepmc.org/article/PMC/PMC12703357	The accession numbers for the RNA-seq data are Gene Expression Omnibus Submission GSE181961 and GSE293756.
dataset	040bcce1-46b4-5809-a603-56154a485022	GEO	GSE294086	https://www.ncbi.nlm.nih.gov/geo/query/acc.cgi?acc=GSE294086	41290702	R01CA278832	RESOLVES	GEO:GSE294086	record cites this paper	GEO record cites this paper	1	no	https://europepmc.org/article/PMC/PMC12748898	The single-cell RNA sequencing data generated in this study have been deposited in the GEO database under accession code GSE294086 <https://www.ncbi.nlm.nih.gov/geo/query/acc.cgi?acc=GSE294086> .
dataset	22fc17af-f47e-5e5c-aa7d-c63e5e5728ac	GEO	GSE294390	https://www.ncbi.nlm.nih.gov/geo/query/acc.cgi?acc=GSE294390	41844631	R01CA278756	RESOLVES	GEO:GSE294390	record cites this paper	GEO record cites this paper	1	no	https://europepmc.org/article/PMC/PMC13223224	The scRNA-seq data generated in this study were deposited at the Gene Expression Omnibus (RRID:SCR_005012) under accession number GSE294390 (GSM8903735, GSM8903736, GSM8903737, GSM8903738).
dataset	a32fb83e-3d9b-5be2-a5cf-758867e027b7	GEO	GSE294469	https://www.ncbi.nlm.nih.gov/geo/query/acc.cgi?acc=GSE294469	41290702	R01CA278832	RESOLVES	GEO:GSE294469	record cites this paper	GEO record cites this paper	1	no	https://europepmc.org/article/PMC/PMC12748898	The MERFISH data generated in this study have been deposited in the GEO database under accession number GSE294469 <https://www.ncbi.nlm.nih.gov/geo/query/acc.cgi?acc=GSE294469> .
dataset	e498767d-24f6-5f76-a534-8e01575a2787	GEO	GSE294695	https://www.ncbi.nlm.nih.gov/geo/query/acc.cgi?acc=GSE294695	42030954	R01CA278976	RESOLVES	GEO:GSE294695	record cites this paper	GEO record cites this paper	1	no	https://europepmc.org/article/PMC/PMC13182424	ATAC-seq of murine LN FRC (Notch2 ΔFRC and Notch2 fl/fl ) | This paper | GSE294695
dataset	7f4838c9-c7ec-522d-a14b-1cd1dcfd353b	GEO	GSE294697	https://www.ncbi.nlm.nih.gov/geo/query/acc.cgi?acc=GSE294697	42030954	R01CA278976	RESOLVES	GEO:GSE294697	record cites this paper	GEO record cites this paper	1	no	https://europepmc.org/article/PMC/PMC13182424	scRNA seq of murine LN FRC (Notch2 ΔFRC and Notch2 fl/fl ) | This paper | GSE294697
dataset	12401ce6-7e31-5eee-ba46-26cd40092aaf	GEO	GSE294698	https://www.ncbi.nlm.nih.gov/geo/query/acc.cgi?acc=GSE294698	42030954	R01CA278976	RESOLVES	GEO:GSE294698	record cites this paper	GEO record cites this paper	1	no	https://europepmc.org/article/PMC/PMC13182424	scRNA seq of murine LN immune cells (Notch2 ΔFRC and Notch2 fl/fl ) | This paper | GSE294698
dataset	b983fa5f-5f00-590b-9330-c83509a90e83	GEO	GSE294709	https://www.ncbi.nlm.nih.gov/geo/query/acc.cgi?acc=GSE294709	40373806	R01CA293675	RESOLVES	GEO:GSE294709	record cites this paper	GEO record cites this paper	1	no	https://europepmc.org/article/PMC/PMC12990098	The RNA-seq data generated in this study have been deposited into the GEO (accession number GSE294709).
dataset	5eaad7c0-f406-5515-8abd-f14929fa7816	GEO	GSE294730	https://www.ncbi.nlm.nih.gov/geo/query/acc.cgi?acc=GSE294730	42297823	R01CA279698	RESOLVES	GEO:GSE294730	record cites this paper	GEO record cites this paper	1	no	https://europepmc.org/article/PMC/PMC13408662	The Tuba-seq data generated in this study have been deposited in the NCBI Gene Expression Omnibus (GEO) database under accession code: GSE294730 <https://www.ncbi.nlm.nih.gov/geo/query/acc.cgi?acc=GSE294730> (https://www.ncbi.nlm.nih.gov/geo/query/acc.cgi?acc=GSE294730).
dataset	5e0d965e-b010-5288-9b42-bc2810cb00c5	GEO	GSE294749	https://www.ncbi.nlm.nih.gov/geo/query/acc.cgi?acc=GSE294749	41661076	R01CA286651	RESOLVES	GEO:GSE294749	record cites this paper	GEO record cites this paper	1	no	https://europepmc.org/article/PMC/PMC13102267	The single-cell RNA sequencing data (raw and processed data) have been submitted to the Gene Expression Omnibus (GEO, RRID:SCR_005012) under accession number GSE294749.
dataset	512496dc-1d50-54c1-841b-8d2ecd5719ff	GEO	GSE294807	https://www.ncbi.nlm.nih.gov/geo/query/acc.cgi?acc=GSE294807	40356899	R01CA279452	RESOLVES	GEO:GSE294807	record cites this paper	GEO record cites this paper	1	no	https://europepmc.org/article/PMC/PMC12066534	The original contributions presented in this article are deposited in the GEO repository, accession number GSE294807.
dataset	74224496-9873-5c4e-9fdd-4a4a9d3153df	GEO	GSE294981	https://www.ncbi.nlm.nih.gov/geo/query/acc.cgi?acc=GSE294981	41309558	R01CA282437	RESOLVES	GEO:GSE294981	record cites this paper	GEO record cites this paper	1	no	https://europepmc.org/article/PMC/PMC12660833	The accession numbers for the RNA-seq and ATAC-seq data are GEO Submissions GSE263757, GSE270995, GSE270997, and GSE294981.
dataset	dad8290e-94fd-5f39-8df8-0b122e23cdba	GEO	GSE295002	https://www.ncbi.nlm.nih.gov/geo/query/acc.cgi?acc=GSE295002	41294372	R01CA285304	RESOLVES	GEO:GSE295002	record cites this paper	GEO record cites this paper	1	no	https://europepmc.org/article/PMC/PMC12880737	RNA-seq data (reads in fastq files and log2 counts-per-million matrices) for H1299 cells treated with DLG-41 and DLG-41nc have been deposited in the Gene Expression Omnibus (GEO) under the accession code GSE295002.
dataset	ee629eba-e613-5ccf-b229-7ce54514c427	GEO	GSE295137	https://www.ncbi.nlm.nih.gov/geo/query/acc.cgi?acc=GSE295137	42641597	R01CA292466	RESOLVES	GEO:GSE295137	record names an author of this paper	GEO record lists an author of this paper as a submitter	1	no	https://europepmc.org/article/PMC/PMC13589500	The raw scRNA-seq data have been deposited in the NCBI GEO database and are accessible through the following GEO SuperSeries accession numbers: CAR T cells at 5 days after CAR T infusion (GEO: GSE295137) and endogenous CD45 + immune cells at 21 days after CAR T infusion (GEO: GSE295138).
dataset	8f157619-47a5-5a85-a5f6-48ca47b990fb	GEO	GSE295138	https://www.ncbi.nlm.nih.gov/geo/query/acc.cgi?acc=GSE295138	42641597	R01CA292466	RESOLVES	GEO:GSE295138	record names an author of this paper	GEO record lists an author of this paper as a submitter	1	no	https://europepmc.org/article/PMC/PMC13589500	The raw scRNA-seq data have been deposited in the NCBI GEO database and are accessible through the following GEO SuperSeries accession numbers: CAR T cells at 5 days after CAR T infusion (GEO: GSE295137) and endogenous CD45 + immune cells at 21 days after CAR T infusion (GEO: GSE295138).
dataset	70f3cf3c-a07f-5f2b-9c6c-a7b580ce3a13	GEO	GSE295255	https://www.ncbi.nlm.nih.gov/geo/query/acc.cgi?acc=GSE295255	41401035	R01CA286043	RESOLVES	GEO:GSE295255	record cites this paper	GEO record cites this paper	1	no	https://europepmc.org/article/PMC/PMC12904713	The RNA-seq data have been deposited in NCBI’s GEO (GSE295255 <https://www.ncbi.nlm.nih.gov/geo/query/acc.cgi?acc=GSE295255> ) and are publicly available.
dataset	fbbad844-1116-51c8-a75c-3850d365a388	GEO	GSE295262	https://www.ncbi.nlm.nih.gov/geo/query/acc.cgi?acc=GSE295262	41062692	R01CA285345	RESOLVES	GEO:GSE295262	record cites this paper	GEO record cites this paper	1	no	https://europepmc.org/article/PMC/PMC12675284	The CUT&RUN data generated in this study have been deposited in the Gene Expression Omnibus (GEO) under accession GSE295262 <http://www.ncbi.nlm.nih.gov/geo/query/acc.cgi?acc=GSE295262> .
dataset	cd7483ac-7b8a-529c-858b-e3df05c10d52	GEO	GSE295347	https://www.ncbi.nlm.nih.gov/geo/query/acc.cgi?acc=GSE295347	41241675	R01CA290004	RESOLVES	GEO:GSE295347	record cites this paper	GEO record cites this paper	1	no	https://europepmc.org/article/PMC/PMC12619835	All genomic datasets are available at the GEO database under accession codes GSE295347 <https://www.ncbi.nlm.nih.gov/geo/query/acc.cgi?acc=GSE295347> (SLAM-seq), GSE295348 <https://www.ncbi.nlm.nih.gov/geo/query/acc.cgi?acc=GSE295348> (CRISPR screens), GSE295349 <https://www.ncbi.nlm.nih.gov/geo/qu…
dataset	31d52dae-7266-547b-bdec-ae5a3a972184	GEO	GSE295348	https://www.ncbi.nlm.nih.gov/geo/query/acc.cgi?acc=GSE295348	41241675	R01CA290004	RESOLVES	GEO:GSE295348	record cites this paper	GEO record cites this paper	1	no	https://europepmc.org/article/PMC/PMC12619835	All genomic datasets are available at the GEO database under accession codes GSE295347 <https://www.ncbi.nlm.nih.gov/geo/query/acc.cgi?acc=GSE295347> (SLAM-seq), GSE295348 <https://www.ncbi.nlm.nih.gov/geo/query/acc.cgi?acc=GSE295348> (CRISPR screens), GSE295349 <https://www.ncbi.nlm.nih.gov/geo/qu…
dataset	397e8ddc-4ce3-5031-a51c-1f523ca2b5c3	GEO	GSE295349	https://www.ncbi.nlm.nih.gov/geo/query/acc.cgi?acc=GSE295349	41241675	R01CA290004	RESOLVES	GEO:GSE295349	record cites this paper	GEO record cites this paper	1	no	https://europepmc.org/article/PMC/PMC12619835	All genomic datasets are available at the GEO database under accession codes GSE295347 <https://www.ncbi.nlm.nih.gov/geo/query/acc.cgi?acc=GSE295347> (SLAM-seq), GSE295348 <https://www.ncbi.nlm.nih.gov/geo/query/acc.cgi?acc=GSE295348> (CRISPR screens), GSE295349 <https://www.ncbi.nlm.nih.gov/geo/qu…
dataset	3a88d81f-572c-55be-966a-e8900bbeb5d3	GEO	GSE295354	https://www.ncbi.nlm.nih.gov/geo/query/acc.cgi?acc=GSE295354	41241675	R01CA290004	RESOLVES	GEO:GSE295354	record cites this paper	GEO record cites this paper	1	no	https://europepmc.org/article/PMC/PMC12619835	All genomic datasets are available at the GEO database under accession codes GSE295347 <https://www.ncbi.nlm.nih.gov/geo/query/acc.cgi?acc=GSE295347> (SLAM-seq), GSE295348 <https://www.ncbi.nlm.nih.gov/geo/query/acc.cgi?acc=GSE295348> (CRISPR screens), GSE295349 <https://www.ncbi.nlm.nih.gov/geo/qu…
dataset	e2f9a9cd-7677-5c77-a725-1225630eae34	GEO	GSE295371	https://www.ncbi.nlm.nih.gov/geo/query/acc.cgi?acc=GSE295371	40353839	R01CA294689	RESOLVES	GEO:GSE295371	record cites this paper	GEO record cites this paper	1	no	https://europepmc.org/article/PMC/PMC12353624	The transcriptomics data generated in this study are publicly available in GEO at GSE295371.
dataset	a2e69962-2c9b-5562-aa8d-2917d6d29d5f	GEO	GSE295685	https://www.ncbi.nlm.nih.gov/geo/query/acc.cgi?acc=GSE295685	40882030	R01CA293718	RESOLVES	GEO:GSE295685	record names an author of this paper	GEO record lists an author of this paper as a submitter	1	no	https://europepmc.org/article/PMC/PMC12521918	Next-generation sequencing results from RNA-seq and ChIP-seq experiments are available in Gene Expression Omnibus (GSE295685 for RNA-seq data;
dataset	487a15ea-e840-50f7-b997-87ab7e001195	GEO	GSE296123	https://www.ncbi.nlm.nih.gov/geo/query/acc.cgi?acc=GSE296123	41342184	R01CA286160	RESOLVES	GEO:GSE296123	record names an author of this paper	GEO record lists an author of this paper as a submitter	1	no	https://europepmc.org/article/PMC/PMC13136820	The RNA-seq data (GSE296123) generated in this study are available at the Gene Expression Omnibus (GEO) repository of the National Center for Biotechnology Information (https:// www.ncbi.nlm.nih.gov/geo/query/acc.cgi?&acc=GSE296123; reviewer token: [removed]).
dataset	07273754-18d0-5681-99a8-4b1b1da7f0f1	GEO	GSE296151	https://www.ncbi.nlm.nih.gov/geo/query/acc.cgi?acc=GSE296151	40581663	R01CA288145	RESOLVES	GEO:GSE296151	record names an author of this paper	GEO record lists an author of this paper as a submitter	1	no	https://europepmc.org/article/PMC/PMC12205505	Raw sequencing data have been deposited at the Gene Expression Omnibus (GEO) (GSE296151 <https://www.ncbi.nlm.nih.gov/geo/query/acc.cgi?acc=GSE296151> ).
dataset	0d99feda-690a-55e4-9f09-29ec69f338a3	GEO	GSE296178	https://www.ncbi.nlm.nih.gov/geo/query/acc.cgi?acc=GSE296178	41768226	R01CA286147	RESOLVES	GEO:GSE296178	record cites this paper	GEO record cites this paper	1	no	https://europepmc.org/article/PMC/PMC12945349	All newly generated data used in this paper are deposited at GSE296178.
dataset	ef4d912c-3a35-5c0c-ba2c-27344cd3d813	GEO	GSE296239	https://www.ncbi.nlm.nih.gov/geo/query/acc.cgi?acc=GSE296239	41206865	R01CA285607	RESOLVES	GEO:GSE296239	record cites this paper	GEO record cites this paper	1	no	https://europepmc.org/article/PMC/PMC12746528	The RNA-seq data on CAL-51 p27 + and p27 − cells have been uploaded to GEO (GEO: GSE296239).
dataset	fbca4b3f-d522-5d56-a4a0-081015351569	GEO	GSE296610	https://www.ncbi.nlm.nih.gov/geo/query/acc.cgi?acc=GSE296610	41309546	R01CA293380	RESOLVES	GEO:GSE296610	record cites this paper	GEO record cites this paper	1	no	https://europepmc.org/article/PMC/PMC12783670	All ChIP-seq and RNA-seq data will be available at GEO under accession number GSE296610.
dataset	02c68ce5-ecb5-5476-8511-3c9b8f3a1033	GEO	GSE296738	https://www.ncbi.nlm.nih.gov/geo/query/acc.cgi?acc=GSE296738	41035406	R01CA285400	RESOLVES	GEO:GSE296738	record cites this paper	GEO record cites this paper	1	no	https://europepmc.org/article/PMC/PMC13040167	The raw RNA-seq data are available through the Gene Expression Omnibus (GEO) database under the accession number GSE296738.
dataset	fd4de8fb-53ef-587d-a101-9cbe815f3f61	GEO	GSE296754	https://www.ncbi.nlm.nih.gov/geo/query/acc.cgi?acc=GSE296754	41654815	R01CA286615	RESOLVES	GEO:GSE296754	record cites this paper	GEO record cites this paper	1	no	https://europepmc.org/article/PMC/PMC12977780	The RNA-seq data generated in this study have been deposited in the Gene Expression Omnibus (GEO) under accession number GSE296754.
dataset	2de9ee5f-f3e3-5342-95ae-8127c16c2b67	GEO	GSE296858	https://www.ncbi.nlm.nih.gov/geo/query/acc.cgi?acc=GSE296858	41252201	R01CA278832;R01CA285684	RESOLVES	GEO:GSE296858	record cites this paper	GEO record cites this paper	1	no	https://europepmc.org/article/PMC/PMC12807473	The next-generation sequencing data that support the findings of this study have been deposited in the Gene Expression Omnibus (GEO) under accession code of GSE296858.
dataset	f53ee70e-cbe8-58ed-902c-d0a22f797365	GEO	GSE296966	https://www.ncbi.nlm.nih.gov/geo/query/acc.cgi?acc=GSE296966	41216931	R01CA279108	RESOLVES	GEO:GSE296966	record cites this paper	GEO record cites this paper	1	no	https://europepmc.org/article/PMC/PMC12679916	Raw and processed RNA-seq data was deposited in the Gene Expression Omnibus (GSE296966).
dataset	5ff4f9b9-a60f-564a-9c10-fa0b0612fd00	GEO	GSE297038	https://www.ncbi.nlm.nih.gov/geo/query/acc.cgi?acc=GSE297038	41860764	R01CA279293	RESOLVES	GEO:GSE297038	record cites this paper	GEO record cites this paper	1	no	https://europepmc.org/article/PMC/PMC13007708	RNA-seq data generated in this study are available in the GEO database under the accession numbers GSE297038 (Chemoradiation Reprograms Tumor Cells and Immune Microenvironment In Cervical Cancer [bulk RNA-seq]) and GSE297041 (Chemoradiation Reprograms Tumor Cells and Immune Microenvironment In Cerv…
dataset	2cf088d7-e585-5f95-8886-f8ffb7f9faba	GEO	GSE297041	https://www.ncbi.nlm.nih.gov/geo/query/acc.cgi?acc=GSE297041	41860764	R01CA279293	RESOLVES	GEO:GSE297041	record cites this paper	GEO record cites this paper	1	no	https://europepmc.org/article/PMC/PMC13007708	RNA-seq data generated in this study are available in the GEO database under the accession numbers GSE297038 (Chemoradiation Reprograms Tumor Cells and Immune Microenvironment In Cervical Cancer [bulk RNA-seq]) and GSE297041 (Chemoradiation Reprograms Tumor Cells and Immune Microenvironment In Cerv…
dataset	b813d637-4e84-5ef6-a2ca-c062a0dccf5d	GEO	GSE297172	https://www.ncbi.nlm.nih.gov/geo/query/acc.cgi?acc=GSE297172	41282104	R01CA292680	RESOLVES	GEO:GSE297172	record cites this paper	GEO record cites this paper	1	no	https://europepmc.org/article/PMC/PMC12633482	The total RNA-Seq and scRNA-seq data is available in the Gene Expression Omnibus (GEO) under accession number GSE297172 and GSE306574.
dataset	c645f640-36a0-5bc5-a8f7-8e038274425a	GEO	GSE297241	https://www.ncbi.nlm.nih.gov/geo/query/acc.cgi?acc=GSE297241	41615750	R01CA282251	RESOLVES	GEO:GSE297241	record cites this paper	GEO record cites this paper	1	no	https://europepmc.org/article/PMC/PMC12867753	1) Sequencing data transcriptome profiling 2) coMMpass data have been deposited in 1) GEO 2) dbGAP: 1) GSE297241 <https://www.ncbi.nlm.nih.gov/geo/query/acc.cgi?acc=GSE297241> ( 68 ) 2) phs000748.v7.p4 <https://www.ncbi.nlm.nih.gov/projects/gap/cgi-bin/study.cgi?study_id=phs000748.v7.p4> ( 69 ).
dataset	862b042c-159a-5b54-9956-6c8d81c5de03	GEO	GSE297618	https://www.ncbi.nlm.nih.gov/geo/query/acc.cgi?acc=GSE297618	42070691	R01CA286615	RESOLVES	GEO:GSE297618	record cites this paper	GEO record cites this paper	1	no	https://europepmc.org/article/PMC/PMC13286625	Bulk and single cell RNAseq data is deposited in GEO with accession numbers GSE293275, GSE293275, GSE297798 and GSE297618.
dataset	c5fced7a-6716-537a-9d71-bc2b5644282a	GEO	GSE297798	https://www.ncbi.nlm.nih.gov/geo/query/acc.cgi?acc=GSE297798	42070691	R01CA286615	RESOLVES	GEO:GSE297798	record cites this paper	GEO record cites this paper	1	no	https://europepmc.org/article/PMC/PMC13286625	Bulk and single cell RNAseq data is deposited in GEO with accession numbers GSE293275, GSE293275, GSE297798 and GSE297618.
dataset	8992c6e0-c8d0-53aa-8421-9d55c1889e77	GEO	GSE297939	https://www.ncbi.nlm.nih.gov/geo/query/acc.cgi?acc=GSE297939	40909606	R01CA280482;R01CA290597	RESOLVES	GEO:GSE297939	record cites this paper	GEO record cites this paper	1	no	https://europepmc.org/article/PMC/PMC12407948	Sequencing data is available at the Gene Expression Omnibus under series: GSE297939.
dataset	29044e1c-f3a0-5262-961a-e3712a17890f	GEO	GSE298042	https://www.ncbi.nlm.nih.gov/geo/query/acc.cgi?acc=GSE298042	40832168	R01CA289390	RESOLVES	GEO:GSE298042	record names an author of this paper	GEO record lists an author of this paper as a submitter	1	no	https://europepmc.org/article/PMC/PMC12363880	Transcriptomic and chromatin accessibility data for the LuCaP PDX models is available through (GEO GSE147250 and GSE298042 resp.).
dataset	c1cbde13-f08f-5c8c-8530-7e63cd4aa990	GEO	GSE298051	https://www.ncbi.nlm.nih.gov/geo/query/acc.cgi?acc=GSE298051	40882030	R01CA293718	RESOLVES	GEO:GSE298051	record names an author of this paper	GEO record lists an author of this paper as a submitter	1	no	https://europepmc.org/article/PMC/PMC12521918	GSE298051 for ChIP-seq data).
dataset	25fdd206-4efc-539f-902d-00cf73b6a94c	GEO	GSE298094	https://www.ncbi.nlm.nih.gov/geo/query/acc.cgi?acc=GSE298094	41501210	R01CA293596	RESOLVES	GEO:GSE298094	record cites this paper	GEO record cites this paper	1	no	https://europepmc.org/article/PMC/PMC12846922	All next-generation sequencing data have been uploaded to the GEO database under the GSE number: GSE298094.
dataset	180e4b24-08a3-57e5-91e9-5f7c5ebea6fd	GEO	GSE298273	https://www.ncbi.nlm.nih.gov/geo/query/acc.cgi?acc=GSE298273	41160695	R01CA278756	RESOLVES	GEO:GSE298273	record cites this paper	GEO record cites this paper	1	no	https://europepmc.org/article/PMC/PMC12571076	Bulk RNA-seq data have been deposited to the GEO with accession number GSE298273.
dataset	b54fb463-8120-5f71-bc47-cec614c61539	GEO	GSE298274	https://www.ncbi.nlm.nih.gov/geo/query/acc.cgi?acc=GSE298274	41160695	R01CA278756	RESOLVES	GEO:GSE298274	record cites this paper	GEO record cites this paper	1	no	https://europepmc.org/article/PMC/PMC12571076	scRNA-seq data have been deposited to the Gene Expression Omnibus (GEO) with accession number GSE298274.
dataset	7669198d-9f08-5ab9-867d-e1f00f9d3737	GEO	GSE298940	https://www.ncbi.nlm.nih.gov/geo/query/acc.cgi?acc=GSE298940	42600613	R01CA278941	RESOLVES	GEO:GSE298940	record cites this paper	GEO record cites this paper	1	no	https://europepmc.org/article/PMC/PMC13546755	Sequencing data generated in this study have been deposited at Gene Expression Omnibus (GEO) under accession number GSE298940 and are publicly available as of the date of publication.
dataset	fbd75e85-b9b8-535d-be5d-71c9c37259dc	GEO	GSE299215	https://www.ncbi.nlm.nih.gov/geo/query/acc.cgi?acc=GSE299215	40986544	R01CA285580	RESOLVES	GEO:GSE299215	record cites this paper	GEO record cites this paper	1	no	https://europepmc.org/article/PMC/PMC12666316	The mouse and cell line transcriptomic data are available in the Gene Expression Omnibus (RRID: SCR_005012) under the accession number GSE299215.
dataset	44dba401-7057-588d-9f03-840a4e1aabcf	GEO	GSE299344	https://www.ncbi.nlm.nih.gov/geo/query/acc.cgi?acc=GSE299344	41340358	R01CA288651	RESOLVES	GEO:GSE299344	record cites this paper	GEO record cites this paper	1	no	https://europepmc.org/article/PMC/PMC12676110	The transcript count table for the RNA-seq has been provided in Supplementary Table S1 and is available via Gene Expression Omnibus (GSE299344).
dataset	38a7f098-a297-5a65-b97d-d00770c92a7f	GEO	GSE300172	https://www.ncbi.nlm.nih.gov/geo/query/acc.cgi?acc=GSE300172	41005293	R01CA288145	RESOLVES	GEO:GSE300172	record names an author of this paper	GEO record lists an author of this paper as a submitter	1	no	https://europepmc.org/article/PMC/PMC12666857	Accession #: GSE300172
dataset	fd39d2c6-e65f-5626-be79-e31661f4c150	GEO	GSE300205	https://www.ncbi.nlm.nih.gov/geo/query/acc.cgi?acc=GSE300205	42685084	R01CA283736	RESOLVES	GEO:GSE300205	record names an author of this paper	GEO record lists an author of this paper as a submitter	1	no	https://europepmc.org/article/PMC/PMC13552656	Single-cell RNA-seq data were deposited to NCBI Gene Expression Omnibus under accession number GSE300205 <https://www.ncbi.nlm.nih.gov/geo/query/acc.cgi?acc=GSE300205> ( 49 ).
dataset	cfaa001d-6065-5d6e-814e-719593192087	GEO	GSE300288	https://www.ncbi.nlm.nih.gov/geo/query/acc.cgi?acc=GSE300288	41202811	R01CA287734	RESOLVES	GEO:GSE300288	record cites this paper	GEO record cites this paper	1	no	https://europepmc.org/article/PMC/PMC12980502	Mouse data is available in the Gene Expression Omnibus (GEO) (datasets GSE222901, GSE300288, GSE300293).
dataset	baac21ff-0add-5db1-a0d9-eae3d5ba729b	GEO	GSE300293	https://www.ncbi.nlm.nih.gov/geo/query/acc.cgi?acc=GSE300293	41202811	R01CA287734	RESOLVES	GEO:GSE300293	record cites this paper	GEO record cites this paper	1	no	https://europepmc.org/article/PMC/PMC12980502	Mouse data is available in the Gene Expression Omnibus (GEO) (datasets GSE222901, GSE300288, GSE300293).
dataset	ae75cac4-a455-56a3-aeb7-7599366993c3	GEO	GSE300867	https://www.ncbi.nlm.nih.gov/geo/query/acc.cgi?acc=GSE300867	41509383	R01CA285513	RESOLVES	GEO:GSE300867	record cites this paper	GEO record cites this paper	1	no	https://europepmc.org/article/PMC/PMC12776171	RNA-seq for Jurkat, DND41 and all EAA restriction experiments are accessible under GSE300867, GSE301665, GSE301669.
dataset	960daa81-55f9-5b09-9f41-6669401cb8aa	GEO	GSE301021	https://www.ncbi.nlm.nih.gov/geo/query/acc.cgi?acc=GSE301021	40712568	R01CA272433	RESOLVES	GEO:GSE291121	record cites this paper	GEO record cites this paper	1	no	https://europepmc.org/article/PMC/PMC12313264	Raw and processed sequencing data for bulk RNA-seq, single cell RNA-seq, and NanoString PanCancer Immune Profiling samples are publicly available at GEO under SuperSeries accession GSE291121 (GSE291118 for bulk RNA-seq, GSE291120 for scRNA-seq, and GSE301021 for NanoString PanCancer Immune Profilin…
dataset	6f73d3e7-dba2-50d7-81e0-63fb0da0d2d4	GEO	GSE301055	https://www.ncbi.nlm.nih.gov/geo/query/acc.cgi?acc=GSE301055	42068976	R01CA292941	RESOLVES	GEO:GSE301055	record cites this paper	GEO record cites this paper	1	no	https://europepmc.org/article/PMC/PMC13138457	The GEO accession numbers of human HSC bulk-RNAseq and AML cell line ChIRP-RNAseq datasets are included in the key resources table and are accessible at GEO under accessions GSE301055 and GSE301056, respectively.
dataset	fcb3af68-496e-500f-8284-4f520bc37fac	GEO	GSE301056	https://www.ncbi.nlm.nih.gov/geo/query/acc.cgi?acc=GSE301056	42068976	R01CA292941	RESOLVES	GEO:GSE301056	record cites this paper	GEO record cites this paper	1	no	https://europepmc.org/article/PMC/PMC13138457	The GEO accession numbers of human HSC bulk-RNAseq and AML cell line ChIRP-RNAseq datasets are included in the key resources table and are accessible at GEO under accessions GSE301055 and GSE301056, respectively.
dataset	8c4c5798-2ff8-519b-aaa4-858bce2af9bc	GEO	GSE301359	https://www.ncbi.nlm.nih.gov/geo/query/acc.cgi?acc=GSE301359	42014869	R01CA278832	RESOLVES	GEO:GSE301359	record cites this paper	GEO record cites this paper	1	no	https://europepmc.org/article/PMC/PMC13218939	•Raw and analysed RNA-seq in human brown adipocytes: GSE301359 <http://www.ncbi.nlm.nih.gov/geo/query/acc.cgi?acc=GSE301359>
dataset	0cf4fa1a-b042-50a9-b0c5-83b9b1c0b010	GEO	GSE301360	https://www.ncbi.nlm.nih.gov/geo/query/acc.cgi?acc=GSE301360	42014869	R01CA278832	RESOLVES	GEO:GSE301360	record cites this paper	GEO record cites this paper	1	no	https://europepmc.org/article/PMC/PMC13218939	•Raw and analysed CUT&RUN in mouse brown adipocytes: GSE301360 <http://www.ncbi.nlm.nih.gov/geo/query/acc.cgi?acc=GSE301360>
dataset	6f11d464-d3a4-5663-bb35-d01f7d0af8aa	GEO	GSE301361	https://www.ncbi.nlm.nih.gov/geo/query/acc.cgi?acc=GSE301361	42014869	R01CA278832	RESOLVES	GEO:GSE301361	record cites this paper	GEO record cites this paper	1	no	https://europepmc.org/article/PMC/PMC13218939	•Raw and analysed PRO-seq in mouse brown adipocytes: GSE301361 <http://www.ncbi.nlm.nih.gov/geo/query/acc.cgi?acc=GSE301361>
dataset	1d5a7805-c2ed-5a47-8889-346aa4f014fa	GEO	GSE301366	https://www.ncbi.nlm.nih.gov/geo/query/acc.cgi?acc=GSE301366	42014869	R01CA278832	RESOLVES	GEO:GSE301366	record cites this paper	GEO record cites this paper	1	no	https://europepmc.org/article/PMC/PMC13218939	•Raw and analysed ChIP-seq for CTCF, SMC1 and MED1 in mouse brown adipocytes: GSE301366 <http://www.ncbi.nlm.nih.gov/geo/query/acc.cgi?acc=GSE301366>
dataset	b44664dc-b407-53ed-b890-bf9fa7010800	GEO	GSE301368	https://www.ncbi.nlm.nih.gov/geo/query/acc.cgi?acc=GSE301368	42014869	R01CA278832	RESOLVES	GEO:GSE301368	record cites this paper	GEO record cites this paper	1	no	https://europepmc.org/article/PMC/PMC13218939	•Raw and analysed ChIP-seq in human brown adipocytes: GSE301368 <http://www.ncbi.nlm.nih.gov/geo/query/acc.cgi?acc=GSE301368>
dataset	8cfe2a58-540e-58e4-9808-468510bdce0e	GEO	GSE301370	https://www.ncbi.nlm.nih.gov/geo/query/acc.cgi?acc=GSE301370	42014869	R01CA278832	RESOLVES	GEO:GSE301370	record cites this paper	GEO record cites this paper	1	no	https://europepmc.org/article/PMC/PMC13218939	•Raw and analysed Micro-C in human brown adipocytes: GSE301370 <http://www.ncbi.nlm.nih.gov/geo/query/acc.cgi?acc=GSE301370>
dataset	b9a619b8-2663-51dd-8e0f-3f73711a9435	GEO	GSE301400	https://www.ncbi.nlm.nih.gov/geo/query/acc.cgi?acc=GSE301400	42209519	R01CA290813	RESOLVES	GEO:GSE301400	record cites this paper	GEO record cites this paper	1	no	https://europepmc.org/article/PMC/PMC13388965	The Digital Spatial Profiling and RNA-sequencing data generated in this study have been deposited in the NCBI’s Gene Expression Omnibus under accession codes GSE301400 <https://www.ncbi.nlm.nih.gov/geo/query/acc.cgi?acc=GSE301400> and GSE301558 <https://www.ncbi.nlm.nih.gov/geo/query/acc.cgi?acc=GS…
dataset	8a9f3a51-23eb-5c86-b403-16d78a638e05	GEO	GSE301558	https://www.ncbi.nlm.nih.gov/geo/query/acc.cgi?acc=GSE301558	42209519	R01CA290813	RESOLVES	GEO:GSE301558	record cites this paper	GEO record cites this paper	1	no	https://europepmc.org/article/PMC/PMC13388965	The Digital Spatial Profiling and RNA-sequencing data generated in this study have been deposited in the NCBI’s Gene Expression Omnibus under accession codes GSE301400 <https://www.ncbi.nlm.nih.gov/geo/query/acc.cgi?acc=GSE301400> and GSE301558 <https://www.ncbi.nlm.nih.gov/geo/query/acc.cgi?acc=GS…
dataset	5fa8a304-93fd-5ca9-89f6-3931a33fb069	GEO	GSE301630	https://www.ncbi.nlm.nih.gov/geo/query/acc.cgi?acc=GSE301630	41488614	R01CA290792	RESOLVES	GEO:GSE301630	record cites this paper	GEO record cites this paper	1	no	https://europepmc.org/article/PMC/PMC12756145	The raw and processed scRNA-seq data generated in this study have been deposited in the NCBI Gene Expression Omnibus (GEO) under accession number GSE301630.
dataset	b6f18551-5347-5f52-959d-7f481a275dce	GEO	GSE301665	https://www.ncbi.nlm.nih.gov/geo/query/acc.cgi?acc=GSE301665	41509383	R01CA285513	RESOLVES	GEO:GSE301665	record cites this paper	GEO record cites this paper	1	no	https://europepmc.org/article/PMC/PMC12776171	RNA-seq for Jurkat, DND41 and all EAA restriction experiments are accessible under GSE300867, GSE301665, GSE301669.
dataset	ddb9780e-51c4-5266-82cf-4a552dd45bde	GEO	GSE301669	https://www.ncbi.nlm.nih.gov/geo/query/acc.cgi?acc=GSE301669	41509383	R01CA285513	RESOLVES	GEO:GSE301669	record cites this paper	GEO record cites this paper	1	no	https://europepmc.org/article/PMC/PMC12776171	RNA-seq for Jurkat, DND41 and all EAA restriction experiments are accessible under GSE300867, GSE301665, GSE301669.
dataset	21cb0c65-a6cf-5c9c-a0d6-e0f4d4319746	GEO	GSE301672	https://www.ncbi.nlm.nih.gov/geo/query/acc.cgi?acc=GSE301672	42118696	R01CA285272	RESOLVES	GEO:GSE301672	record cites this paper	GEO record cites this paper	1	no	https://europepmc.org/article/PMC/PMC13487477	Data sets generated during this study have been deposited in the Gene Expression Omnibus database (accession numbers GSE301672, GSE301674, GSE301675, GSE301676, GSE301677, GSE301678, GSE301679, GSE301680, and GSE326099).
dataset	ea9e0dde-055b-5935-87cc-be1448c70259	GEO	GSE301674	https://www.ncbi.nlm.nih.gov/geo/query/acc.cgi?acc=GSE301674	42118696	R01CA285272	RESOLVES	GEO:GSE301674	record cites this paper	GEO record cites this paper	1	no	https://europepmc.org/article/PMC/PMC13487477	Data sets generated during this study have been deposited in the Gene Expression Omnibus database (accession numbers GSE301672, GSE301674, GSE301675, GSE301676, GSE301677, GSE301678, GSE301679, GSE301680, and GSE326099).
dataset	84e322c4-d84a-5110-a3ee-f5d998b20ecd	GEO	GSE301675	https://www.ncbi.nlm.nih.gov/geo/query/acc.cgi?acc=GSE301675	42118696	R01CA285272	RESOLVES	GEO:GSE301675	record cites this paper	GEO record cites this paper	1	no	https://europepmc.org/article/PMC/PMC13487477	Data sets generated during this study have been deposited in the Gene Expression Omnibus database (accession numbers GSE301672, GSE301674, GSE301675, GSE301676, GSE301677, GSE301678, GSE301679, GSE301680, and GSE326099).
dataset	dba78737-57c5-5cf2-96ab-72fa43aa8539	GEO	GSE301676	https://www.ncbi.nlm.nih.gov/geo/query/acc.cgi?acc=GSE301676	42118696	R01CA285272	RESOLVES	GEO:GSE301676	record cites this paper	GEO record cites this paper	1	no	https://europepmc.org/article/PMC/PMC13487477	Data sets generated during this study have been deposited in the Gene Expression Omnibus database (accession numbers GSE301672, GSE301674, GSE301675, GSE301676, GSE301677, GSE301678, GSE301679, GSE301680, and GSE326099).
dataset	5d7c0648-0b36-5f0e-9546-016ff0af6840	GEO	GSE301677	https://www.ncbi.nlm.nih.gov/geo/query/acc.cgi?acc=GSE301677	42118696	R01CA285272	RESOLVES	GEO:GSE301677	record cites this paper	GEO record cites this paper	1	no	https://europepmc.org/article/PMC/PMC13487477	Data sets generated during this study have been deposited in the Gene Expression Omnibus database (accession numbers GSE301672, GSE301674, GSE301675, GSE301676, GSE301677, GSE301678, GSE301679, GSE301680, and GSE326099).
dataset	80d418cc-fe18-559e-8fe9-7040c18f35e2	GEO	GSE301678	https://www.ncbi.nlm.nih.gov/geo/query/acc.cgi?acc=GSE301678	42118696	R01CA285272	RESOLVES	GEO:GSE301678	record cites this paper	GEO record cites this paper	1	no	https://europepmc.org/article/PMC/PMC13487477	Data sets generated during this study have been deposited in the Gene Expression Omnibus database (accession numbers GSE301672, GSE301674, GSE301675, GSE301676, GSE301677, GSE301678, GSE301679, GSE301680, and GSE326099).
dataset	a1544cdb-332c-514f-a9a8-ba594331264b	GEO	GSE301679	https://www.ncbi.nlm.nih.gov/geo/query/acc.cgi?acc=GSE301679	42118696	R01CA285272	RESOLVES	GEO:GSE301679	record cites this paper	GEO record cites this paper	1	no	https://europepmc.org/article/PMC/PMC13487477	Data sets generated during this study have been deposited in the Gene Expression Omnibus database (accession numbers GSE301672, GSE301674, GSE301675, GSE301676, GSE301677, GSE301678, GSE301679, GSE301680, and GSE326099).
dataset	fb691c04-6145-5e63-8fcf-180c4525201f	GEO	GSE301680	https://www.ncbi.nlm.nih.gov/geo/query/acc.cgi?acc=GSE301680	42118696	R01CA285272	RESOLVES	GEO:GSE301680	record cites this paper	GEO record cites this paper	1	no	https://europepmc.org/article/PMC/PMC13487477	Data sets generated during this study have been deposited in the Gene Expression Omnibus database (accession numbers GSE301672, GSE301674, GSE301675, GSE301676, GSE301677, GSE301678, GSE301679, GSE301680, and GSE326099).
dataset	2280d7d0-44e1-556e-8801-c0169b42c0b2	GEO	GSE301773	https://www.ncbi.nlm.nih.gov/geo/query/acc.cgi?acc=GSE301773	40828007	R01CA285607	RESOLVES	GEO:GSE301773	record names an author of this paper	GEO record lists an author of this paper as a submitter	1	no	https://europepmc.org/article/PMC/PMC12403017	Single Cell RNA-Seq data have been deposited in Gene Expression Omnibus (GSE301773 <http://www.ncbi.nlm.nih.gov/geo/query/acc.cgi?acc=GSE301773> ) ( 60 ).
dataset	906b0db6-24f0-513c-b458-4ebe73f1187f	GEO	GSE302125	https://www.ncbi.nlm.nih.gov/geo/query/acc.cgi?acc=GSE302125	41160897	R01CA278832	RESOLVES	GEO:GSE302125	record cites this paper	GEO record cites this paper	1	no	https://europepmc.org/article/PMC/PMC12571441	CUT&RUN data for TCF4 and SNAI1 in HUVECs have been submitted to the NCBI GEO under accession number GSE302125 <https://www.ncbi.nlm.nih.gov/geo/query/acc.cgi?acc=GSE302125> .
dataset	7da51a29-fbb0-5b55-97d6-01373c66f43d	GEO	GSE302268	https://www.ncbi.nlm.nih.gov/geo/query/acc.cgi?acc=GSE302268	41171756	R01CA279023	RESOLVES	GEO:GSE302268	record cites this paper	GEO record cites this paper	1	no	https://europepmc.org/article/PMC/PMC12642106	The accession number for the RNA-seq dataset reported in this paper is Gene Expression Omnibus (GEO): GSE302268.
dataset	68e58ae4-f5fc-5bf3-9d4f-282d1f6503af	GEO	GSE302284	https://www.ncbi.nlm.nih.gov/geo/query/acc.cgi?acc=GSE302284	40762432	R01CA293092	RESOLVES	GEO:GSE302284	record names an author of this paper	GEO record lists an author of this paper as a submitter	1	no	https://europepmc.org/article/PMC/PMC12374242	ScRNA-seq raw data files from this study are deposited in GEO (Gene Expression Omnibus) at GSE302284.
dataset	fe2eaf43-de34-5a72-825a-58942052106f	GEO	GSE302398	https://www.ncbi.nlm.nih.gov/geo/query/acc.cgi?acc=GSE302398	41264257	R01CA276053	RESOLVES	GEO:GSE302398	record cites this paper	GEO record cites this paper	1	no	https://europepmc.org/article/PMC/PMC12663963	RNA-seq data have been deposited in NCBI Gene Expression Omnibus (GEO) GSE302398 <https://www.ncbi.nlm.nih.gov/geo/query/acc.cgi?acc=GSE302398> ( 122 ).
dataset	336b519f-8633-503c-bc30-7ed557d82fcc	GEO	GSE302801	https://www.ncbi.nlm.nih.gov/geo/query/acc.cgi?acc=GSE302801	42310097	R01CA288849	RESOLVES	GEO:GSE302801	record names an author of this paper	GEO record lists an author of this paper as a submitter	1	no	https://europepmc.org/article/PMC/PMC13364679	Raw RNA-seq and RIBO-seq data, as well as CRISPR library data generated during this study, are available at GEO (GSE302801, GSE302802 and GSE314397).
dataset	07e0b6af-7ff6-5209-89e5-682660324315	GEO	GSE302802	https://www.ncbi.nlm.nih.gov/geo/query/acc.cgi?acc=GSE302802	42310097	R01CA288849	RESOLVES	GEO:GSE302802	record names an author of this paper	GEO record lists an author of this paper as a submitter	1	no	https://europepmc.org/article/PMC/PMC13364679	Raw RNA-seq and RIBO-seq data, as well as CRISPR library data generated during this study, are available at GEO (GSE302801, GSE302802 and GSE314397).
dataset	0ffa3f5e-71c2-55db-a609-a31f8fcc437b	GEO	GSE303056	https://www.ncbi.nlm.nih.gov/geo/query/acc.cgi?acc=GSE303056	41349542	R01CA285786	RESOLVES	GEO:GSE303056	record cites this paper	GEO record cites this paper	1	no	https://europepmc.org/article/PMC/PMC12700342	Single cell RNA sequencing (GSE278435), bulk RNA sequencing (GSE278429, GSE278430, GSE303056), spatial transcriptomics profiling (GSE278436), and CUT & RUN-seq (GSE278426) data reported in this paper have been deposited at Gene Expression Omnibus (GEO) and are publicly available.
dataset	886aa7ab-413a-51e9-9101-e7af6714c04b	GEO	GSE303369	https://www.ncbi.nlm.nih.gov/geo/query/acc.cgi?acc=GSE303369	42013357	R01CA286141	RESOLVES	GEO:GSE303369	record names an author of this paper	GEO record lists an author of this paper as a submitter	1	no	https://europepmc.org/article/PMC/PMC13154340	The bulk RNA-seq data generated in this study are publicly available in the GEO under accession number GSE303369.
dataset	1749307d-e353-5559-abb6-f94eaf3698a0	GEO	GSE303401	https://www.ncbi.nlm.nih.gov/geo/query/acc.cgi?acc=GSE303401	41034580	R01CA282501	RESOLVES	GEO:GSE303401	record cites this paper	GEO record cites this paper	1	no	https://europepmc.org/article/PMC/PMC12657239	Bulk RNA-seq data from this paper have been deposited into the NCBI Gene Expression Omnibus database with the identifier GSE303401 <https://www.ncbi.nlm.nih.gov/geo/query/acc.cgi?acc=GSE303401> .
dataset	a099f6a0-20aa-5129-9f40-66f289d18b1f	GEO	GSE303432	https://www.ncbi.nlm.nih.gov/geo/query/acc.cgi?acc=GSE303432	41279769	R01CA289574	RESOLVES	GEO:GSE303432	record cites this paper	GEO record cites this paper	1	no	https://europepmc.org/article/PMC/PMC12632383	All data associated with this study are present in the manuscript, supplementary information files , or have been deposited in the Gene Expression Omnibus (GEO) under accession numbers GSE303432 (proliferation screen), GSE303438 (TCR-seq), GSE303442 (RNA-seq).
dataset	66553bfb-11b7-54f6-b06d-7cbc1c228e66	GEO	GSE303438	https://www.ncbi.nlm.nih.gov/geo/query/acc.cgi?acc=GSE303438	41279769	R01CA289574	RESOLVES	GEO:GSE303438	record cites this paper	GEO record cites this paper	1	no	https://europepmc.org/article/PMC/PMC12632383	All data associated with this study are present in the manuscript, supplementary information files , or have been deposited in the Gene Expression Omnibus (GEO) under accession numbers GSE303432 (proliferation screen), GSE303438 (TCR-seq), GSE303442 (RNA-seq).
dataset	2141c60c-a986-5222-8f32-6a0ed25b4227	GEO	GSE303442	https://www.ncbi.nlm.nih.gov/geo/query/acc.cgi?acc=GSE303442	41279769	R01CA289574	RESOLVES	GEO:GSE303442	record cites this paper	GEO record cites this paper	1	no	https://europepmc.org/article/PMC/PMC12632383	All data associated with this study are present in the manuscript, supplementary information files , or have been deposited in the Gene Expression Omnibus (GEO) under accession numbers GSE303432 (proliferation screen), GSE303438 (TCR-seq), GSE303442 (RNA-seq).
dataset	9a3f0d49-d7c6-521c-886a-da33d0a7a5d9	GEO	GSE303643	https://www.ncbi.nlm.nih.gov/geo/query/acc.cgi?acc=GSE303643	40951926	R01CA276771	RESOLVES	GEO:GSE303643	record cites this paper	GEO record cites this paper	1	no	https://europepmc.org/article/PMC/PMC12541299	RNA-seq data analyzed in this study are available in the Gene Expression Omnibus at accession number GSE303643 or in supplemental data.
dataset	35585031-5127-548f-b072-8304a31c2d11	GEO	GSE303985	https://www.ncbi.nlm.nih.gov/geo/query/acc.cgi?acc=GSE303985	42393054	R01CA276349	RESOLVES	GEO:GSE303985	record cites this paper	GEO record cites this paper	1	no	https://europepmc.org/article/PMC/PMC13462549	RNA-seq, PRO-seq, ATAC-seq, and Cut&Run data were generated for this study and can be accessed on the Gene Expression Omnibus (GEO) database with accession numbers GSE305144 <https://www.ncbi.nlm.nih.gov/geo/query/acc.cgi?acc=GSE305144> and GSE303985 <https://www.ncbi.nlm.nih.gov/geo/query/acc.cgi?…
dataset	cab08a90-9b17-5b2b-add0-e0ce828e0220	GEO	GSE304268	https://www.ncbi.nlm.nih.gov/geo/query/acc.cgi?acc=GSE304268	41929082	R01CA290678	RESOLVES	GEO:GSE304268	record names an author of this paper	GEO record lists an author of this paper as a submitter	1	no	https://europepmc.org/article/PMC/PMC13041975	ATAC-seq data have been deposited as GSE304268 and GSE304269.
dataset	f2e8031d-0f1b-5488-8e8f-3868191ba365	GEO	GSE304269	https://www.ncbi.nlm.nih.gov/geo/query/acc.cgi?acc=GSE304269	41929082	R01CA290678	RESOLVES	GEO:GSE304269	record names an author of this paper	GEO record lists an author of this paper as a submitter	1	no	https://europepmc.org/article/PMC/PMC13041975	ATAC-seq data have been deposited as GSE304268 and GSE304269.
dataset	f6a94e72-a836-514e-bff6-1773ba9b406f	GEO	GSE304270	https://www.ncbi.nlm.nih.gov/geo/query/acc.cgi?acc=GSE304270	41929082	R01CA290678	RESOLVES	GEO:GSE304270	record names an author of this paper	GEO record lists an author of this paper as a submitter	1	no	https://europepmc.org/article/PMC/PMC13041975	RNA-seq data have been deposited as GSE304270, GSE304271, and GSE310052.
dataset	f218ba23-edd3-5902-9b92-b3b2b5cc47ec	GEO	GSE304271	https://www.ncbi.nlm.nih.gov/geo/query/acc.cgi?acc=GSE304271	41929082	R01CA290678	RESOLVES	GEO:GSE304271	record names an author of this paper	GEO record lists an author of this paper as a submitter	1	no	https://europepmc.org/article/PMC/PMC13041975	RNA-seq data have been deposited as GSE304270, GSE304271, and GSE310052.
dataset	abfd2ffb-7208-55a3-b58b-66003c22ab8f	GEO	GSE304293	https://www.ncbi.nlm.nih.gov/geo/query/acc.cgi?acc=GSE304293	41057544	R01CA285772	RESOLVES	GEO:GSE304293	record cites this paper	GEO record cites this paper	1	no	https://europepmc.org/article/PMC/PMC12673094	Methylation data files generated in this study have been deposited in the in the Gene Expression Omnibus (GEO) under accession number GSE304293 <https://www.ncbi.nlm.nih.gov/geo/query/acc.cgi?acc=GSE304293> (https://www.ncbi.nlm.nih.gov/geo/query/acc.cgi?acc=GSE304293).
dataset	a0ec1849-61b1-5253-9c27-33e361eba5ba	GEO	GSE304350	https://www.ncbi.nlm.nih.gov/geo/query/acc.cgi?acc=GSE304350	41055979	R01CA285780	RESOLVES	GEO:GSE304350	record names an author of this paper	GEO record lists an author of this paper as a submitter	1	no	https://europepmc.org/article/PMC/PMC12541443	RNA sequencing data have been deposited in the NIH NCBI GEO (GSE304350 <https://www.ncbi.nlm.nih.gov/geo/query/acc.cgi?acc=GSE304350> ) ( 66 ).
dataset	f1c63ade-1580-548d-ad75-b07dafb09a43	GEO	GSE304599	https://www.ncbi.nlm.nih.gov/geo/query/acc.cgi?acc=GSE304599	41255974;42669714	R01CA285774	RESOLVES	GEO:GSE304622	record cites this paper	GEO record cites this paper	1	no	https://europepmc.org/article/PMC/PMC12622147	The bulk and single-cell sequencing data are made available on NCBI’s Gene Expression Omnibus portal (GEO # GSE304599, GSE304604, GSE304605, GSE304608, GSE304609, GSE304615, GSE304618).
dataset	76a5cf37-0c6f-5caf-b717-befc94bc2ec5	GEO	GSE304604	https://www.ncbi.nlm.nih.gov/geo/query/acc.cgi?acc=GSE304604	41255974;42669714	R01CA285774	RESOLVES	GEO:GSE304604	record cites this paper	GEO record cites this paper	1	no	https://europepmc.org/article/PMC/PMC12622147	The bulk and single-cell sequencing data are made available on NCBI’s Gene Expression Omnibus portal (GEO # GSE304599, GSE304604, GSE304605, GSE304608, GSE304609, GSE304615, GSE304618).
dataset	02bdcc83-8db7-5494-b6b2-9b107810a240	GEO	GSE304605	https://www.ncbi.nlm.nih.gov/geo/query/acc.cgi?acc=GSE304605	41255974;42669714	R01CA285774	RESOLVES	GEO:GSE304605	record cites this paper	GEO record cites this paper	1	no	https://europepmc.org/article/PMC/PMC12622147	The bulk and single-cell sequencing data are made available on NCBI’s Gene Expression Omnibus portal (GEO # GSE304599, GSE304604, GSE304605, GSE304608, GSE304609, GSE304615, GSE304618).
dataset	f589145b-2957-54d6-9d70-b4c551815a24	GEO	GSE304608	https://www.ncbi.nlm.nih.gov/geo/query/acc.cgi?acc=GSE304608	41255974;42669714	R01CA285774	RESOLVES	GEO:GSE304608	record cites this paper	GEO record cites this paper	1	no	https://europepmc.org/article/PMC/PMC12622147	The bulk and single-cell sequencing data are made available on NCBI’s Gene Expression Omnibus portal (GEO # GSE304599, GSE304604, GSE304605, GSE304608, GSE304609, GSE304615, GSE304618).
dataset	fbd4b2e9-e003-5cc2-8ad6-d9cc618238b1	GEO	GSE304609	https://www.ncbi.nlm.nih.gov/geo/query/acc.cgi?acc=GSE304609	41255974;42669714	R01CA285774	RESOLVES	GEO:GSE304609	record cites this paper	GEO record cites this paper	1	no	https://europepmc.org/article/PMC/PMC12622147	The bulk and single-cell sequencing data are made available on NCBI’s Gene Expression Omnibus portal (GEO # GSE304599, GSE304604, GSE304605, GSE304608, GSE304609, GSE304615, GSE304618).
dataset	806a6272-a126-5ae6-ae4b-8b5bfe3cec2e	GEO	GSE304615	https://www.ncbi.nlm.nih.gov/geo/query/acc.cgi?acc=GSE304615	41255974;42669714	R01CA285774	RESOLVES	GEO:GSE304622	record cites this paper	GEO record cites this paper	1	no	https://europepmc.org/article/PMC/PMC12622147	The bulk and single-cell sequencing data are made available on NCBI’s Gene Expression Omnibus portal (GEO # GSE304599, GSE304604, GSE304605, GSE304608, GSE304609, GSE304615, GSE304618).
dataset	4524ce58-6bf2-5b15-9a31-4a631ee63342	GEO	GSE304618	https://www.ncbi.nlm.nih.gov/geo/query/acc.cgi?acc=GSE304618	41255974;42669714	R01CA285774	RESOLVES	GEO:GSE304622	record cites this paper	GEO record cites this paper	1	no	https://europepmc.org/article/PMC/PMC12622147	The bulk and single-cell sequencing data are made available on NCBI’s Gene Expression Omnibus portal (GEO # GSE304599, GSE304604, GSE304605, GSE304608, GSE304609, GSE304615, GSE304618).
dataset	764fd1c7-bb9a-51c3-881b-96eb344ea318	GEO	GSE304762	https://www.ncbi.nlm.nih.gov/geo/query/acc.cgi?acc=GSE304762	41337486	R01CA278967;R01CA278971	RESOLVES	GEO:GSE304762	record cites this paper	GEO record cites this paper	1	no	https://europepmc.org/article/PMC/PMC12704714	scRNA-seq and Xenium In Situ data are available via the GEO database (GSE289049 <https://www.ncbi.nlm.nih.gov/geo/query/acc.cgi?acc=GSE289049> and GSE304762 <https://www.ncbi.nlm.nih.gov/geo/query/acc.cgi?acc=GSE304762> ) ( 68 , 69 ).
dataset	a9b82fc9-b12a-50eb-b1c7-0836c24f1a0d	GEO	GSE304765	https://www.ncbi.nlm.nih.gov/geo/query/acc.cgi?acc=GSE304765	41142648	R01CA280720	RESOLVES	GEO:GSE304765	record cites this paper	GEO record cites this paper	1	no	https://europepmc.org/article/PMC/PMC12550596	All 3′-UTR mRNA-sequencing data have been uploaded to GEO and can be found here GSE304765 <https://www.ncbi.nlm.nih.gov/geo/query/acc.cgi?acc=GSE304765> .
dataset	e8c5597e-3126-5a66-9cfc-765c31e269ee	GEO	GSE305096	https://www.ncbi.nlm.nih.gov/geo/query/acc.cgi?acc=GSE305096	41205756	R01CA285544;R01CA289041	RESOLVES	GEO:GSE305096	record cites this paper	GEO record cites this paper	1	no	https://europepmc.org/article/PMC/PMC13150750	The RNA sequencing data generated in this study have been deposited in the NCBI Gene Expression Omnibus (GEO) under accession number GSE305096.
dataset	4be84046-9fab-5f8c-907c-46ec85442b4e	GEO	GSE305144	https://www.ncbi.nlm.nih.gov/geo/query/acc.cgi?acc=GSE305144	42393054	R01CA276349	RESOLVES	GEO:GSE305144	record cites this paper	GEO record cites this paper	1	no	https://europepmc.org/article/PMC/PMC13462549	RNA-seq, PRO-seq, ATAC-seq, and Cut&Run data were generated for this study and can be accessed on the Gene Expression Omnibus (GEO) database with accession numbers GSE305144 <https://www.ncbi.nlm.nih.gov/geo/query/acc.cgi?acc=GSE305144> and GSE303985 <https://www.ncbi.nlm.nih.gov/geo/query/acc.cgi?…
dataset	52c00b46-2712-5df2-8c72-633d18ab54a6	GEO	GSE305305	https://www.ncbi.nlm.nih.gov/geo/query/acc.cgi?acc=GSE305305	41000947	R01CA289886	RESOLVES	GEO:GSE305305	record cites this paper	GEO record cites this paper	1	no	https://europepmc.org/article/PMC/PMC12458259	Full data including all raw sequence have been deposited in NCBI’s Gene Expression Omnibus 73 and are accessible through GEO Series accession numbers GSE305305, GSE305306, and GSE305307 (https://www.ncbi.nlm.nih.gov/geo/query/acc.cgi?acc=GSE305305, https://www.ncbi.nlm.nih.gov/geo/query/acc.cgi?acc…
dataset	4107983e-8e63-58fb-bcaf-53c86aec9937	GEO	GSE305306	https://www.ncbi.nlm.nih.gov/geo/query/acc.cgi?acc=GSE305306	41000947	R01CA289886	RESOLVES	GEO:GSE305306	record cites this paper	GEO record cites this paper	1	no	https://europepmc.org/article/PMC/PMC12458259	Full data including all raw sequence have been deposited in NCBI’s Gene Expression Omnibus 73 and are accessible through GEO Series accession numbers GSE305305, GSE305306, and GSE305307 (https://www.ncbi.nlm.nih.gov/geo/query/acc.cgi?acc=GSE305305, https://www.ncbi.nlm.nih.gov/geo/query/acc.cgi?acc…
dataset	87bd10fe-18f0-5714-9f8e-5209a19959f5	GEO	GSE305307	https://www.ncbi.nlm.nih.gov/geo/query/acc.cgi?acc=GSE305307	41000947	R01CA289886	RESOLVES	GEO:GSE305307	record cites this paper	GEO record cites this paper	1	no	https://europepmc.org/article/PMC/PMC12458259	Full data including all raw sequence have been deposited in NCBI’s Gene Expression Omnibus 73 and are accessible through GEO Series accession numbers GSE305305, GSE305306, and GSE305307 (https://www.ncbi.nlm.nih.gov/geo/query/acc.cgi?acc=GSE305305, https://www.ncbi.nlm.nih.gov/geo/query/acc.cgi?acc…
dataset	d9e86a30-880b-5a38-b8de-c049b5d26702	GEO	GSE305575	https://www.ncbi.nlm.nih.gov/geo/query/acc.cgi?acc=GSE305575	41477845	R01CA284102;R01CA288207	RESOLVES	GEO:GSE305575	record cites this paper	GEO record cites this paper	1	no	https://europepmc.org/article/PMC/PMC12757065	RNA-seq and ATAC-seq data have been uploaded to the GEO [accession numbers GSE305575 <https://www.ncbi.nlm.nih.gov/geo/query/acc.cgi?acc=GSE305575> (https://www.ncbi.nlm.nih.gov/geo/query/acc.cgi?acc=GSE305575) and GSE305816 <https://www.ncbi.nlm.nih.gov/geo/query/acc.cgi?acc=GSE305816> (https://nc…
dataset	cd1bea3e-23f9-53fa-aa5b-91169213e870	GEO	GSE305805	https://www.ncbi.nlm.nih.gov/geo/query/acc.cgi?acc=GSE305805	41265652	R01CA293210	RESOLVES	GEO:GSE305805	record cites this paper	GEO record cites this paper	1	no	https://europepmc.org/article/PMC/PMC12828330	The RNA sequencing data discussed in this publication have been deposited in NCBI’s Gene Expression Omnibus and are accessible through GEO Series accession number GSE305805.
dataset	03ffcd36-a819-591a-bd96-205e06932c9f	GEO	GSE305816	https://www.ncbi.nlm.nih.gov/geo/query/acc.cgi?acc=GSE305816	41477845	R01CA284102;R01CA288207	RESOLVES	GEO:GSE305816	record cites this paper	GEO record cites this paper	1	no	https://europepmc.org/article/PMC/PMC12757065	RNA-seq and ATAC-seq data have been uploaded to the GEO [accession numbers GSE305575 <https://www.ncbi.nlm.nih.gov/geo/query/acc.cgi?acc=GSE305575> (https://www.ncbi.nlm.nih.gov/geo/query/acc.cgi?acc=GSE305575) and GSE305816 <https://www.ncbi.nlm.nih.gov/geo/query/acc.cgi?acc=GSE305816> (https://nc…
dataset	ff6d0e0f-6d7a-59b0-a53e-4af28cce8a4f	GEO	GSE305835	https://www.ncbi.nlm.nih.gov/geo/query/acc.cgi?acc=GSE305835	42056084	R01CA291968	RESOLVES	GEO:GSE305835	record cites this paper	GEO record cites this paper	1	no	https://europepmc.org/article/PMC/PMC13333801	The RNA-seq data generated in this study have been deposited in the Gene Expression Omnibus (GEO) under accession code GSE305835 <https://www.ncbi.nlm.nih.gov/geo/query/acc.cgi?acc=GSE305835> .
dataset	7fdbaf75-fbb7-589f-901d-b110e7d1c5a9	GEO	GSE306340	https://www.ncbi.nlm.nih.gov/geo/query/acc.cgi?acc=GSE306340	41652062	R01CA282467	RESOLVES	GEO:GSE306340	record cites this paper	GEO record cites this paper	1	no	https://europepmc.org/article/PMC/PMC12932671	The data generated for snRNAseq in this study are publicly available in the Gene Expression Omnibus (GEO) repository under accession number GSE306340.
dataset	8b952f3d-2c6e-5ab6-8dbf-9cf3a5d56f9e	GEO	GSE306515	https://www.ncbi.nlm.nih.gov/geo/query/acc.cgi?acc=GSE306515	40964288	R01CA276461	RESOLVES	GEO:GSE306515	record cites this paper	GEO record cites this paper	1	no	https://europepmc.org/article/PMC/PMC12439946	Gene expression data associated with Fig. 3 is deposited in GEO with the accession code GSE306515.
dataset	5773fd61-bffb-5e43-8862-b1cae709e226	GEO	GSE306574	https://www.ncbi.nlm.nih.gov/geo/query/acc.cgi?acc=GSE306574	41282104	R01CA292680	RESOLVES	GEO:GSE306574	record cites this paper	GEO record cites this paper	1	no	https://europepmc.org/article/PMC/PMC12633482	The total RNA-Seq and scRNA-seq data is available in the Gene Expression Omnibus (GEO) under accession number GSE297172 and GSE306574.
dataset	8bbf0f5f-2bbb-5a8b-bb8b-35b8779f785e	GEO	GSE306578	https://www.ncbi.nlm.nih.gov/geo/query/acc.cgi?acc=GSE306578	42706261	R01CA289703	RESOLVES	GEO:GSE306578	record names an author of this paper	GEO record lists an author of this paper as a submitter	1	no	https://europepmc.org/article/PMC/PMC13550535	RNA sequencing data have been deposited in the GEO database under accession codes GSE306578 <https://www.ncbi.nlm.nih.gov/geo/query/acc.cgi?acc=GSE306578> and GSE334406 <https://www.ncbi.nlm.nih.gov/geo/query/acc.cgi?acc=GSE334406> .
dataset	1bb5d559-d2c8-59d9-9aaa-6e0124ca54b8	GEO	GSE307529	https://www.ncbi.nlm.nih.gov/geo/query/acc.cgi?acc=GSE307529	41202811	R01CA287734	RESOLVES	GEO:GSE307529	record cites this paper	GEO record cites this paper	1	no	https://europepmc.org/article/PMC/PMC12980502	Processed human data is available in GEO (datasets GSE307534, GSE308103, GSE307529) and Zenodo (10.5281/zenodo.15670280).
dataset	e1bfad20-857e-5d59-a98a-2b5d9c099195	GEO	GSE307534	https://www.ncbi.nlm.nih.gov/geo/query/acc.cgi?acc=GSE307534	41202811	R01CA287734	RESOLVES	GEO:GSE307534	record cites this paper	GEO record cites this paper	1	no	https://europepmc.org/article/PMC/PMC12980502	Processed human data is available in GEO (datasets GSE307534, GSE308103, GSE307529) and Zenodo (10.5281/zenodo.15670280).
dataset	b0ce9318-a807-5d39-9546-670ff408350d	GEO	GSE307942	https://www.ncbi.nlm.nih.gov/geo/query/acc.cgi?acc=GSE307942	41540267	R01CA292941	RESOLVES	GEO:GSE307942	record cites this paper	GEO record cites this paper	1	no	https://europepmc.org/article/PMC/PMC12864045	All raw data for bulk RNA sequencing of primary naive B cells (GSE307942 <https://www.ncbi.nlm.nih.gov/geo/query/acc.cgi?acc=GSE307942> ) and HSPC-derived B cell precursors (GSE307131 <https://www.ncbi.nlm.nih.gov/geo/query/acc.cgi?acc=GSE307131> ) have been deposited in the Gene Expression Omnibus…
dataset	bba6a51e-02f1-5f7c-b0ff-9433164ea902	GEO	GSE308103	https://www.ncbi.nlm.nih.gov/geo/query/acc.cgi?acc=GSE308103	41202811	R01CA287734	RESOLVES	GEO:GSE308103	record cites this paper	GEO record cites this paper	1	no	https://europepmc.org/article/PMC/PMC12980502	Processed human data is available in GEO (datasets GSE307534, GSE308103, GSE307529) and Zenodo (10.5281/zenodo.15670280).
dataset	dee2f8a5-f969-5c2f-a04e-e58c9491d295	GEO	GSE308299	https://www.ncbi.nlm.nih.gov/geo/query/acc.cgi?acc=GSE308299	41253493	R01CA293907	RESOLVES	GEO:GSE308299	record cites this paper	GEO record cites this paper	1	no	https://europepmc.org/article/PMC/PMC12636948	Data availability free text: RNA sequencing data generated in this study are available under GEO accession number GSE308299 <https://www.ncbi.nlm.nih.gov/geo/query/acc.cgi?acc=GSE308299> .
dataset	afc43ca3-b1f3-5e4c-87c8-89631ae5b0ea	GEO	GSE308685	https://www.ncbi.nlm.nih.gov/geo/query/acc.cgi?acc=GSE308685	41990746	R01CA290678	RESOLVES	GEO:GSE308685	record cites this paper	GEO record cites this paper	1	no	https://europepmc.org/article/PMC/PMC13396705	The RNA-seq , ATAC-seq , DNA methylation array , and WGBS data that were generated in this study have been deposited at GEO (GEO: GSE276024 <https://www.ncbi.nlm.nih.gov/geo/query/acc.cgi?acc=GSE276024> , GSE276020 <https://www.ncbi.nlm.nih.gov/geo/query/acc.cgi?acc=GSE276020> , GSE276025 <https://…
dataset	7aca7006-d725-5739-bc44-3d68bf9e828a	GEO	GSE308925	https://www.ncbi.nlm.nih.gov/geo/query/acc.cgi?acc=GSE308925	42092682	R01CA285526;R01CA286443	RESOLVES	GEO:GSE308925	record cites this paper	GEO record cites this paper	1	no	https://europepmc.org/article/PMC/PMC13241086	High-throughput ChIP sequencing data generated for this project have been deposited in the Gene Expression Omnibus (GEO) database with accession number GSE308925.
dataset	7887e1f7-15e9-569e-bdb7-cb98e296dab3	GEO	GSE309033	https://www.ncbi.nlm.nih.gov/geo/query/acc.cgi?acc=GSE309033	42579341	R01CA282005	RESOLVES	GEO:GSE309033	record cites this paper	GEO record cites this paper	1	no	https://europepmc.org/article/PMC/PMC13596728	Raw sequencing and processed data generated in this study have been deposited in the NCBI’s Gene Expression Omnibus under the accession codes GSE309033 and GSE309034 (RNA-Seq), GSE311400 (ATAC-Seq), GSE311321 and GSE311403 (ERRBS), and GSE311404 (ChIP-Seq).
dataset	c999da7a-33f1-50f2-83a2-0ce714503f39	GEO	GSE309034	https://www.ncbi.nlm.nih.gov/geo/query/acc.cgi?acc=GSE309034	42579341	R01CA282005	RESOLVES	GEO:GSE309034	record cites this paper	GEO record cites this paper	1	no	https://europepmc.org/article/PMC/PMC13596728	Raw sequencing and processed data generated in this study have been deposited in the NCBI’s Gene Expression Omnibus under the accession codes GSE309033 and GSE309034 (RNA-Seq), GSE311400 (ATAC-Seq), GSE311321 and GSE311403 (ERRBS), and GSE311404 (ChIP-Seq).
dataset	11edc687-8d45-5831-a4a1-a8361e63eb36	GEO	GSE309463	https://www.ncbi.nlm.nih.gov/geo/query/acc.cgi?acc=GSE309463	41401811	R01CA286651	RESOLVES	GEO:GSE309463	record cites this paper	GEO record cites this paper	1	no	https://europepmc.org/article/PMC/PMC13251605	Bulk RNA-seq of CRH neuron_Ctr vs Tumor | This paper | NCBI GEO DataSets #GSE309463
dataset	70fb1e38-4e92-51a5-bf4d-8fa574b16c9e	GEO	GSE309464	https://www.ncbi.nlm.nih.gov/geo/query/acc.cgi?acc=GSE309464	41401811	R01CA286651	RESOLVES	GEO:GSE309464	record cites this paper	GEO record cites this paper	1	no	https://europepmc.org/article/PMC/PMC13251605	Bulk RNA-seq of EO771 tumor sample Gq_DREADD vs. Ctr | This paper | NCBI GEO DataSets #GSE309464
dataset	4e1f55fd-c99d-510c-925e-cd3c4970d427	GEO	GSE309671	https://www.ncbi.nlm.nih.gov/geo/query/acc.cgi?acc=GSE309671	42092682	R01CA285526;R01CA286443	RESOLVES	GEO:GSE309671	record cites this paper	GEO record cites this paper	1	no	https://europepmc.org/article/PMC/PMC13241086	RNA-seq from xenografts have been deposited into GEO database with accession number GSE309671.
dataset	20f32723-f014-58e6-87ec-88ad1478f1d9	GEO	GSE309886	https://www.ncbi.nlm.nih.gov/geo/query/acc.cgi?acc=GSE309886	42162436	R01CA290678	RESOLVES	GEO:GSE309886	record cites this paper	GEO record cites this paper	1	no	https://europepmc.org/article/PMC/PMC13391416	GEO accession codes for bulk RNA-seq, mRRBS, ATAC-seq, m 6 A sequencing, ChIP-seq, PRO-seq, scRNA-seq and CUT&RUN are GSE326291 <http://www.ncbi.nlm.nih.gov/geo/query/acc.cgi?acc=GSE326291> , GSE326292 <http://www.ncbi.nlm.nih.gov/geo/query/acc.cgi?acc=GSE326292> , GSE326293 <http://www.ncbi.nlm.ni…
dataset	9ad1e472-ee32-5f2c-a045-7fdff410391d	GEO	GSE310076	https://www.ncbi.nlm.nih.gov/geo/query/acc.cgi?acc=GSE310076	41512056	R01CA286043	RESOLVES	GEO:GSE310076	record cites this paper	GEO record cites this paper	1	no	https://europepmc.org/article/PMC/PMC12787525	Liver tissue bulk RNA-seq with the time course of c-MET/ΔN90-β-catenin SB-HTVI for 0, 2, and 3 weeks was deposited into the NCBI Gene Expression Omnibus GEO with the accession number: GSE310076 <https://www.ncbi.nlm.nih.gov/geo/query/acc.cgi?acc=GSE310076> (https://ncbi.nlm.nih.gov/geo/query/acc.cg…
dataset	5578aa1c-b003-52ee-bd90-c35a85b3f39e	GEO	GSE310077	https://www.ncbi.nlm.nih.gov/geo/query/acc.cgi?acc=GSE310077	41512056	R01CA286043	RESOLVES	GEO:GSE310077	record cites this paper	GEO record cites this paper	1	no	https://europepmc.org/article/PMC/PMC12787525	Bulk RNA-seq of the CD and LPD-fed mice injected with vector control or c-MET/ΔN90-β-catenin is GSE310077 <https://www.ncbi.nlm.nih.gov/geo/query/acc.cgi?acc=GSE310077> (https://ncbi.nlm.nih.gov/geo/query/acc.cgi?acc=GSE310077).
dataset	f33bec16-13a8-5dc2-8dcb-8c8cbd0ba76f	GEO	GSE310948	https://www.ncbi.nlm.nih.gov/geo/query/acc.cgi?acc=GSE310948	42094447	R01CA289013	RESOLVES	GEO:GSE310948	record cites this paper	GEO record cites this paper	1	no	https://europepmc.org/article/PMC/PMC13142405	Raw sequencing data have been deposited in the Gene Expression Omnibus (GEO) with the accession numbers GSE310948 and GSE310949.
dataset	6fb6138d-6494-55ec-9668-8a2614b2df0a	GEO	GSE310949	https://www.ncbi.nlm.nih.gov/geo/query/acc.cgi?acc=GSE310949	42094447	R01CA289013	RESOLVES	GEO:GSE310949	record cites this paper	GEO record cites this paper	1	no	https://europepmc.org/article/PMC/PMC13142405	Raw sequencing data have been deposited in the Gene Expression Omnibus (GEO) with the accession numbers GSE310948 and GSE310949.
dataset	115e4612-214f-5510-9d05-0f04c487bf9d	GEO	GSE311238	https://www.ncbi.nlm.nih.gov/geo/query/acc.cgi?acc=GSE311238	41411055	R01CA282501	RESOLVES	GEO:GSE311238	record cites this paper	GEO record cites this paper	1	no	https://europepmc.org/article/PMC/PMC12904717	The bulk RNA-Seq data have been deposited in the NCBI Gene Expression Omnibus under accession number GSE311238 <https://www.ncbi.nlm.nih.gov/geo/query/acc.cgi?acc=GSE311238> .
dataset	0f433893-657b-500c-ba7b-bf48ad04fb25	GEO	GSE311321	https://www.ncbi.nlm.nih.gov/geo/query/acc.cgi?acc=GSE311321	42579341	R01CA282005	RESOLVES	GEO:GSE311321	record cites this paper	GEO record cites this paper	1	no	https://europepmc.org/article/PMC/PMC13596728	Raw sequencing and processed data generated in this study have been deposited in the NCBI’s Gene Expression Omnibus under the accession codes GSE309033 and GSE309034 (RNA-Seq), GSE311400 (ATAC-Seq), GSE311321 and GSE311403 (ERRBS), and GSE311404 (ChIP-Seq).
dataset	d62376a1-a2e0-5495-94cc-bb26266e00a4	GEO	GSE311400	https://www.ncbi.nlm.nih.gov/geo/query/acc.cgi?acc=GSE311400	42579341	R01CA282005	RESOLVES	GEO:GSE311400	record cites this paper	GEO record cites this paper	1	no	https://europepmc.org/article/PMC/PMC13596728	Raw sequencing and processed data generated in this study have been deposited in the NCBI’s Gene Expression Omnibus under the accession codes GSE309033 and GSE309034 (RNA-Seq), GSE311400 (ATAC-Seq), GSE311321 and GSE311403 (ERRBS), and GSE311404 (ChIP-Seq).
dataset	48a6716a-37da-50fe-aa09-300466b49625	GEO	GSE311403	https://www.ncbi.nlm.nih.gov/geo/query/acc.cgi?acc=GSE311403	42579341	R01CA282005	RESOLVES	GEO:GSE311403	record cites this paper	GEO record cites this paper	1	no	https://europepmc.org/article/PMC/PMC13596728	Raw sequencing and processed data generated in this study have been deposited in the NCBI’s Gene Expression Omnibus under the accession codes GSE309033 and GSE309034 (RNA-Seq), GSE311400 (ATAC-Seq), GSE311321 and GSE311403 (ERRBS), and GSE311404 (ChIP-Seq).
dataset	c006ff49-24d2-5901-968e-95bb3aac81f1	GEO	GSE311404	https://www.ncbi.nlm.nih.gov/geo/query/acc.cgi?acc=GSE311404	42579341	R01CA282005	RESOLVES	GEO:GSE311404	record cites this paper	GEO record cites this paper	1	no	https://europepmc.org/article/PMC/PMC13596728	Raw sequencing and processed data generated in this study have been deposited in the NCBI’s Gene Expression Omnibus under the accession codes GSE309033 and GSE309034 (RNA-Seq), GSE311400 (ATAC-Seq), GSE311321 and GSE311403 (ERRBS), and GSE311404 (ChIP-Seq).
dataset	f435c362-e6b8-5795-bd48-64f866f7c814	GEO	GSE311624	https://www.ncbi.nlm.nih.gov/geo/query/acc.cgi?acc=GSE311624	41512056	R01CA286043	RESOLVES	GEO:GSE311624	record cites this paper	GEO record cites this paper	1	no	https://europepmc.org/article/PMC/PMC12787525	The snRNA-seq comparing CD and LPD-fed control and c-MET/β-catenin mice is GSE311624 <https://www.ncbi.nlm.nih.gov/geo/query/acc.cgi?acc=GSE311624> (https://ncbi.nlm.nih.gov/geo/query/acc.cgi?acc=GSE311624).
dataset	ce884505-365a-53b1-a393-4c11752e303c	GEO	GSE312302	https://www.ncbi.nlm.nih.gov/geo/query/acc.cgi?acc=GSE312302	42525774	R01CA281216	RESOLVES	GEO:GSE312302	record names an author of this paper	GEO record lists an author of this paper as a submitter	1	no	https://europepmc.org/article/PMC/PMC13418929	All the sequencing data generated in this study have been submitted to GEO under SuperSeries GSE312302 (RNA-seq, ATAC-seq, ChIP-seq, and CUT&RUN).
dataset	52c691db-0e50-5fb6-b251-6e20ea861e2b	GEO	GSE312389	https://www.ncbi.nlm.nih.gov/geo/query/acc.cgi?acc=GSE312389	41764733	R01CA291607	RESOLVES	GEO:GSE312389	record names an author of this paper	GEO record lists an author of this paper as a submitter	1	no	https://europepmc.org/article/PMC/PMC13151459	RNA-seq data are available on Gene Expression Omnibus (accession number: GSE312389).
dataset	57896f57-0193-5cf9-ab17-46dcfd3be9dc	GEO	GSE312793	https://www.ncbi.nlm.nih.gov/geo/query/acc.cgi?acc=GSE312793	41699202	R01CA287326	RESOLVES	GEO:GSE312793	record names an author of this paper	GEO record lists an author of this paper as a submitter	1	no	https://europepmc.org/article/PMC/PMC13078636	Single-cell RNA-seq datasets generated for this paper are located in the Gene Expression Omnibus repository under accession number GSE312793.
dataset	bc1ede9c-0bd9-51c6-ae20-2b4b3c0980a3	GEO	GSE312950	https://www.ncbi.nlm.nih.gov/geo/query/acc.cgi?acc=GSE312950	41791379	R01CA259372	RESOLVES	GEO:GSE275307	record cites this paper	GEO record cites this paper	1	no	https://europepmc.org/article/PMC/PMC13123407	Single-nuclei/cell RNA-seq, bulk RNA-seq, ATAC-seq, and array-based DNA methylation datasets described in this study have been deposited and are publicly available in EGA or GEO under the accession codes EGAS50000001457, GSE273440, GSE275306, GSE318234, GSE312950.
dataset	e7ffa021-1e35-5a6c-b454-e7ae10942609	GEO	GSE313291	https://www.ncbi.nlm.nih.gov/geo/query/acc.cgi?acc=GSE313291	41509383	R01CA285513	RESOLVES	GEO:GSE313291	record cites this paper	GEO record cites this paper	1	no	https://europepmc.org/article/PMC/PMC12776171	The RNA-Seq and Ribo-Seq data are accessible under the accession number GEO: GSE313291.
dataset	70ac2d9a-7215-535e-9c8a-2a5fbed430d7	GEO	GSE313836	https://www.ncbi.nlm.nih.gov/geo/query/acc.cgi?acc=GSE313836	42526444	R01CA288617	RESOLVES	GEO:GSE313836	record cites this paper	GEO record cites this paper	1	no	https://europepmc.org/article/PMC/PMC13573298	Transcriptome data derived from GEM-flex single cell sequencing used in the generation of Figure 2 and Figure 3 are available through the Gene Expression Omnibus (https://www.ncbi.nlm.nih.gov/geo/) under accessions GSE313836.
dataset	326c05f3-eed0-5f77-bae3-9d71ad596ca5	GEO	GSE314074	https://www.ncbi.nlm.nih.gov/geo/query/acc.cgi?acc=GSE314074	41569853	R01CA285598	RESOLVES	GEO:GSE314074	record cites this paper	GEO record cites this paper	1	no	https://europepmc.org/article/PMC/PMC13019158	RNA-seq data generated in this work are deposited in the GEO database under accession number GEO: GSE314074 <https://www.ncbi.nlm.nih.gov/geo/query/acc.cgi?acc=GSE314074> .
dataset	56392756-94d3-55ff-96cf-5e4b29598873	GEO	GSE314261	https://www.ncbi.nlm.nih.gov/geo/query/acc.cgi?acc=GSE314261	41577698;42001479	R01CA279520;R01CA290112	RESOLVES	GEO:GSE314261	record cites this paper	GEO record cites this paper	1	no	https://europepmc.org/article/PMC/PMC12932711	DNAm data generated and analyzed in this study are available through the NCBI Gene Expression Omnibus website under the accession number GSE314261 <https://www.ncbi.nlm.nih.gov/geo/query/acc.cgi?acc=GSE314261> .
dataset	9935d271-96a9-5bbb-aa8c-c1d756caab30	GEO	GSE314397	https://www.ncbi.nlm.nih.gov/geo/query/acc.cgi?acc=GSE314397	42310097	R01CA288849	RESOLVES	GEO:GSE314397	record names an author of this paper	GEO record lists an author of this paper as a submitter	1	no	https://europepmc.org/article/PMC/PMC13364679	Raw RNA-seq and RIBO-seq data, as well as CRISPR library data generated during this study, are available at GEO (GSE302801, GSE302802 and GSE314397).
dataset	3ecea7bd-8b81-54f3-a83e-226e131aa369	GEO	GSE314400	https://www.ncbi.nlm.nih.gov/geo/query/acc.cgi?acc=GSE314400	41951681	R01CA292653	RESOLVES	GEO:GSE314400	record names an author of this paper	GEO record lists an author of this paper as a submitter	1	no	https://europepmc.org/article/PMC/PMC13061944	The datasets generated and/or analyzed during the current study are available in the Gene Expression Omnibus repository, GSE314400 <https://www.ncbi.nlm.nih.gov/geo/query/acc.cgi?acc=GSE314400> .
dataset	95f8ff0c-ea65-54b9-85ba-40a831784c3a	GEO	GSE315052	https://www.ncbi.nlm.nih.gov/geo/query/acc.cgi?acc=GSE315052	42415848;42557306	R01CA282437	RESOLVES	GEO:GSE315052	record cites this paper	GEO record cites this paper	1	no	https://europepmc.org/article/PMC/PMC13334778	The RNA-seq data have been deposited in the Gene Expression Omnibus under accession numbers GSE315052 and GSE324125. scRNA-seq data of KL2 tumors was obtained from GEO GSE270541 8 .
dataset	4b1c5904-251c-54d0-ac3f-759448dfaf62	GEO	GSE315054	https://www.ncbi.nlm.nih.gov/geo/query/acc.cgi?acc=GSE315054	42557306	R01CA282437	RESOLVES	GEO:GSE315054	record cites this paper	GEO record cites this paper	1	no	https://europepmc.org/article/PMC/PMC13577901	The RNA-seq data have been deposited in the Gene Expression Omnibus under accession numbers GSE315052 <https://www.ncbi.nlm.nih.gov/geo/query/acc.cgi?acc=GSE315052> , GSE315054, and GSE324028.
dataset	38c4a19d-9819-5ad4-bebd-5d67b5ca7e78	GEO	GSE315417	https://www.ncbi.nlm.nih.gov/geo/query/acc.cgi?acc=GSE315417	41837748	R01CA287734	RESOLVES	GEO:GSE315417	record cites this paper	GEO record cites this paper	1	no	https://europepmc.org/article/PMC/PMC13367003	The TCR sequencing data supporting this study are available in the NCBI Gene Expression Omnibus (RRID:SCR_005012) under accession number GSE315417 <https://www.ncbi.nlm.nih.gov/geo/query/acc.cgi?acc=GSE315417> .
dataset	0b263468-8bc3-57e5-9928-626d1bf5330b	GEO	GSE316984	https://www.ncbi.nlm.nih.gov/geo/query/acc.cgi?acc=GSE316984	41703746	R01CA290811	RESOLVES	GEO:GSE316984	record cites this paper	GEO record cites this paper	1	no	https://europepmc.org/article/PMC/PMC13266810	The data discussed in this publication have been deposited in NCBI’s Gene Expression Omnibus (GEO) ( 30 ) and are accessible through GEO Series accession number GSE316984 (https://www.ncbi.nlm.nih.gov/geo/query/acc.cgi?acc=GSE316984) ( 15 ).
dataset	3cab3ed2-ab21-5d18-a199-caa70e80622c	GEO	GSE317501	https://www.ncbi.nlm.nih.gov/geo/query/acc.cgi?acc=GSE317501	42380152	R01CA278889	RESOLVES	GEO:GSE317501	record cites this paper	GEO record cites this paper	1	no	https://europepmc.org/article/PMC/PMC13473601	ChIP-sequencing data supporting this study’s findings have been deposited in the Gene Expression Omnibus (GEO) under accession GSE317501 <https://www.ncbi.nlm.nih.gov/geo/query/acc.cgi?acc=GSE317501> .
dataset	5578f5ee-1554-5e83-a1c1-53452a41da0b	GEO	GSE318234	https://www.ncbi.nlm.nih.gov/geo/query/acc.cgi?acc=GSE318234	41791379	R01CA259372	RESOLVES	GEO:GSE275307	record cites this paper	GEO record cites this paper	1	no	https://europepmc.org/article/PMC/PMC13123407	Single-nuclei/cell RNA-seq, bulk RNA-seq, ATAC-seq, and array-based DNA methylation datasets described in this study have been deposited and are publicly available in EGA or GEO under the accession codes EGAS50000001457, GSE273440, GSE275306, GSE318234, GSE312950.
dataset	e990f76b-db38-5ed2-9306-0f4b49c8ccc4	GEO	GSE318268	https://www.ncbi.nlm.nih.gov/geo/query/acc.cgi?acc=GSE318268	41653703	R01CA280981	RESOLVES	GEO:GSE318268	record cites this paper	GEO record cites this paper	1	no	https://europepmc.org/article/PMC/PMC12906146	De-identified RNA counts are available at GEO Accession Viewer (GSE318268 <https://www.ncbi.nlm.nih.gov/geo/query/acc.cgi?acc=GSE318268> ).
dataset	0397a674-f07d-5c71-b586-21fbf3da468f	GEO	GSE319181	https://www.ncbi.nlm.nih.gov/geo/query/acc.cgi?acc=GSE319181	42146532	R01CA291963	RESOLVES	GEO:GSE319181	record cites this paper	GEO record cites this paper	1	no	https://europepmc.org/article/PMC/PMC13174452	All next-generation sequencing datasets (RNA-seq, ChIP-seq, ChRO-seq) have been deposited in the NCBI’s Gene Expression Omnibus under accession number GSE319181.
dataset	8cc83f6f-7bff-5f00-a3c7-3051b573d188	GEO	GSE320042	https://www.ncbi.nlm.nih.gov/geo/query/acc.cgi?acc=GSE320042	42092150	R01CA283317	RESOLVES	GEO:GSE320042	record cites this paper	GEO record cites this paper	1	no	https://europepmc.org/article/PMC/PMC13293879	De-identified genomic data generated in this work are available from the Gene Expression Omnibus (GEO) under accession number GSE320042 <https://www.ncbi.nlm.nih.gov/geo/query/acc.cgi?acc=GSE320042> .
dataset	a7538780-5b80-55f5-aa75-957bd15f93c8	GEO	GSE324028	https://www.ncbi.nlm.nih.gov/geo/query/acc.cgi?acc=GSE324028	42557306	R01CA282437	RESOLVES	GEO:GSE324028	record cites this paper	GEO record cites this paper	1	no	https://europepmc.org/article/PMC/PMC13577901	The RNA-seq data have been deposited in the Gene Expression Omnibus under accession numbers GSE315052 <https://www.ncbi.nlm.nih.gov/geo/query/acc.cgi?acc=GSE315052> , GSE315054, and GSE324028.
dataset	5ba4053d-c4a4-506a-8a71-7ea2726f9f4f	GEO	GSE325206	https://www.ncbi.nlm.nih.gov/geo/query/acc.cgi?acc=GSE325206	42295240	R01CA279968	RESOLVES	GEO:GSE325206	record cites this paper	GEO record cites this paper	1	no	https://europepmc.org/article/PMC/PMC13432065	Proteomics data are deposited in ProteomeXchange via the PRIDE repository with identifier PXD075893. mRNA-seq data are deposited in Gene Expression Omnibus with identifier GSE325206.
dataset	d2a26045-571a-5764-91fe-6bf24386ec1e	GEO	GSE325780	https://www.ncbi.nlm.nih.gov/geo/query/acc.cgi?acc=GSE325780	42039556	R01CA285299	RESOLVES	GEO:GSE325780	record names an author of this paper	GEO record lists an author of this paper as a submitter	1	no	https://europepmc.org/article/PMC/PMC13104954	Bulk RNA-sequencing data have been deposited with the GEO under the accession number GSE325780.
dataset	c1a11395-befa-5fdb-9dd2-09dab5f0a762	GEO	GSE326099	https://www.ncbi.nlm.nih.gov/geo/query/acc.cgi?acc=GSE326099	42118696	R01CA285272	RESOLVES	GEO:GSE326099	record cites this paper	GEO record cites this paper	1	no	https://europepmc.org/article/PMC/PMC13487477	Data sets generated during this study have been deposited in the Gene Expression Omnibus database (accession numbers GSE301672, GSE301674, GSE301675, GSE301676, GSE301677, GSE301678, GSE301679, GSE301680, and GSE326099).
dataset	9c0feaf1-8d8e-59b6-8094-6d5107ca8e5f	GEO	GSE326291	https://www.ncbi.nlm.nih.gov/geo/query/acc.cgi?acc=GSE326291	42162436	R01CA290678	RESOLVES	GEO:GSE326291	record names an author of this paper	GEO record lists an author of this paper as a submitter	1	no	https://europepmc.org/article/PMC/PMC13391416	GEO accession codes for bulk RNA-seq, mRRBS, ATAC-seq, m 6 A sequencing, ChIP-seq, PRO-seq, scRNA-seq and CUT&RUN are GSE326291 <http://www.ncbi.nlm.nih.gov/geo/query/acc.cgi?acc=GSE326291> , GSE326292 <http://www.ncbi.nlm.nih.gov/geo/query/acc.cgi?acc=GSE326292> , GSE326293 <http://www.ncbi.nlm.ni…
dataset	25558cd8-7fd0-5574-a01d-b564fcb44eb0	GEO	GSE326292	https://www.ncbi.nlm.nih.gov/geo/query/acc.cgi?acc=GSE326292	42162436	R01CA290678	RESOLVES	GEO:GSE326292	record names an author of this paper	GEO record lists an author of this paper as a submitter	1	no	https://europepmc.org/article/PMC/PMC13391416	GEO accession codes for bulk RNA-seq, mRRBS, ATAC-seq, m 6 A sequencing, ChIP-seq, PRO-seq, scRNA-seq and CUT&RUN are GSE326291 <http://www.ncbi.nlm.nih.gov/geo/query/acc.cgi?acc=GSE326291> , GSE326292 <http://www.ncbi.nlm.nih.gov/geo/query/acc.cgi?acc=GSE326292> , GSE326293 <http://www.ncbi.nlm.ni…
dataset	4d1a3815-85b3-5d5c-923c-78b4f28159eb	GEO	GSE326293	https://www.ncbi.nlm.nih.gov/geo/query/acc.cgi?acc=GSE326293	42162436	R01CA290678	RESOLVES	GEO:GSE326293	record names an author of this paper	GEO record lists an author of this paper as a submitter	1	no	https://europepmc.org/article/PMC/PMC13391416	GEO accession codes for bulk RNA-seq, mRRBS, ATAC-seq, m 6 A sequencing, ChIP-seq, PRO-seq, scRNA-seq and CUT&RUN are GSE326291 <http://www.ncbi.nlm.nih.gov/geo/query/acc.cgi?acc=GSE326291> , GSE326292 <http://www.ncbi.nlm.nih.gov/geo/query/acc.cgi?acc=GSE326292> , GSE326293 <http://www.ncbi.nlm.ni…
dataset	d66fd748-a087-5514-9f27-c3c66326f824	GEO	GSE326294	https://www.ncbi.nlm.nih.gov/geo/query/acc.cgi?acc=GSE326294	42162436	R01CA290678	RESOLVES	GEO:GSE326294	record names an author of this paper	GEO record lists an author of this paper as a submitter	1	no	https://europepmc.org/article/PMC/PMC13391416	GEO accession codes for bulk RNA-seq, mRRBS, ATAC-seq, m 6 A sequencing, ChIP-seq, PRO-seq, scRNA-seq and CUT&RUN are GSE326291 <http://www.ncbi.nlm.nih.gov/geo/query/acc.cgi?acc=GSE326291> , GSE326292 <http://www.ncbi.nlm.nih.gov/geo/query/acc.cgi?acc=GSE326292> , GSE326293 <http://www.ncbi.nlm.ni…
dataset	ab2cd858-e2bb-5876-b779-eb75cebbce3f	GEO	GSE326782	https://www.ncbi.nlm.nih.gov/geo/query/acc.cgi?acc=GSE326782	42162436	R01CA290678	RESOLVES	GEO:GSE326782	record names an author of this paper	GEO record lists an author of this paper as a submitter	1	no	https://europepmc.org/article/PMC/PMC13391416	GEO accession codes for bulk RNA-seq, mRRBS, ATAC-seq, m 6 A sequencing, ChIP-seq, PRO-seq, scRNA-seq and CUT&RUN are GSE326291 <http://www.ncbi.nlm.nih.gov/geo/query/acc.cgi?acc=GSE326291> , GSE326292 <http://www.ncbi.nlm.nih.gov/geo/query/acc.cgi?acc=GSE326292> , GSE326293 <http://www.ncbi.nlm.ni…
dataset	c1ee4896-0044-514b-b982-8bea12233489	GEO	GSE328196	https://www.ncbi.nlm.nih.gov/geo/query/acc.cgi?acc=GSE328196	42555757	R01CA284565	RESOLVES	GEO:GSE328196	record cites this paper	GEO record cites this paper	1	no	https://europepmc.org/article/PMC/PMC13555617	Single-cell RNA sequencing data is deposited on the Gene Expression Omnibus (GEO) website (accession number: GSE328196).
dataset	5fee24bd-12d6-5aad-9803-2efd28a4127a	GEO	GSE329415	https://www.ncbi.nlm.nih.gov/geo/query/acc.cgi?acc=GSE329415	42520796	R01CA286566	RESOLVES	GEO:GSE329415	record names an author of this paper	GEO record lists an author of this paper as a submitter	1	no	https://europepmc.org/article/PMC/PMC13484358	Spatial transcriptomics: GSE329415
dataset	418cf022-bf01-546e-9f16-6f223f57db37	GEO	GSE330079	https://www.ncbi.nlm.nih.gov/geo/query/acc.cgi?acc=GSE330079	42520796	R01CA286566	RESOLVES	GEO:GSE330079	record names an author of this paper	GEO record lists an author of this paper as a submitter	1	no	https://europepmc.org/article/PMC/PMC13484358	Bulk RNA-seq: GSE330079
dataset	978f4d05-9371-57f5-a81f-49b3ac23fb1f	GEO	GSE330238	https://www.ncbi.nlm.nih.gov/geo/query/acc.cgi?acc=GSE330238	42326509	R01CA286651	RESOLVES	GEO:GSE330238	record cites this paper	GEO record cites this paper	1	no	https://europepmc.org/article/PMC/PMC13278325	Raw sequencing data and processed expression matrices have been deposited in the NCBI Gene Expression Omnibus under accession number GSE330238.
dataset	531d3f87-7373-5fcb-a547-c9e52ce98f8b	GEO	GSE330619	https://www.ncbi.nlm.nih.gov/geo/query/acc.cgi?acc=GSE330619	42295240	R01CA279968	RESOLVES	GEO:GSE330619	record cites this paper	GEO record cites this paper	1	no	https://europepmc.org/article/PMC/PMC13432065	Sequencing for CRISPR interference screens under drug treatment are deposited in Gene Expression Omnibus with identifier GSE330619.
dataset	2a7401ca-5152-5b95-b534-7557525f17d7	GEO	GSE331042	https://www.ncbi.nlm.nih.gov/geo/query/acc.cgi?acc=GSE331042	42520796	R01CA286566	RESOLVES	GEO:GSE331042	record names an author of this paper	GEO record lists an author of this paper as a submitter	1	no	https://europepmc.org/article/PMC/PMC13484358	scRNA-seq: GSE331042
dataset	53d22b4e-cb08-54c2-b5ce-50d33e2cdb2c	GEO	GSE334406	https://www.ncbi.nlm.nih.gov/geo/query/acc.cgi?acc=GSE334406	42706261	R01CA289703	RESOLVES	GEO:GSE334406	record names an author of this paper	GEO record lists an author of this paper as a submitter	1	no	https://europepmc.org/article/PMC/PMC13550535	RNA sequencing data have been deposited in the GEO database under accession codes GSE306578 <https://www.ncbi.nlm.nih.gov/geo/query/acc.cgi?acc=GSE306578> and GSE334406 <https://www.ncbi.nlm.nih.gov/geo/query/acc.cgi?acc=GSE334406> .
dataset	61c9e485-6b6b-544d-bb02-e7fb9fa4c309	GEO	GSE335363	https://www.ncbi.nlm.nih.gov/geo/query/acc.cgi?acc=GSE335363	42367879	R01CA300848	RESOLVES	GEO:GSE335363	record cites this paper	GEO record cites this paper	1	no	https://europepmc.org/article/PMC/PMC13308063	The raw and processed RCMC data generated in this study can be found at NCBI Gene Expression Omnibus under accession number GSE335363 at https://www.ncbi.nlm.nih.gov/geo/query/acc.cgi?acc=GSE335363.
dataset	beb7480e-e83e-5f58-87af-1d24a0eadba8	GEO	GSE336056	https://www.ncbi.nlm.nih.gov/geo/query/acc.cgi?acc=GSE336056	42465403	R01CA289435;R01CA294636	RESOLVES	GEO:GSE336056	record cites this paper	GEO record cites this paper	1	no	https://europepmc.org/article/PMC/PMC13371068	Bulk RNA sequencing and single-cell RNA sequencing data generated in this study have been deposited in the NCBI Gene Expression Omnibus (GEO) under accession numbers GSE336576 and GSE336056, respectively.
dataset	80e6c6d8-a4ec-5be3-af81-24e035aa2c10	GEO	GSE336576	https://www.ncbi.nlm.nih.gov/geo/query/acc.cgi?acc=GSE336576	42465403	R01CA289435;R01CA294636	RESOLVES	GEO:GSE336576	record cites this paper	GEO record cites this paper	1	no	https://europepmc.org/article/PMC/PMC13371068	Bulk RNA sequencing and single-cell RNA sequencing data generated in this study have been deposited in the NCBI Gene Expression Omnibus (GEO) under accession numbers GSE336576 and GSE336056, respectively.
dataset	a8c9d6ae-bb70-532a-a5e6-bee8723d5f78	GEO	GSE338460	https://www.ncbi.nlm.nih.gov/geo/query/acc.cgi?acc=GSE338460	42536056	R01CA285454	RESOLVES	GEO:GSE338460	record names an author of this paper	GEO record lists an author of this paper as a submitter	1	no	https://europepmc.org/article/PMC/PMC13557767	The scRNAseq data, scTCRseq, and scBCRseq data generated in this study have been deposited in the GEO database under accession code GSE338460.
dataset	6f00d9e7-012a-5da7-b50c-a9e4de78037e	GEO	GSE338487	https://www.ncbi.nlm.nih.gov/geo/query/acc.cgi?acc=GSE338487	42592936	R01CA282027	RESOLVES	GEO:GSE338487	record cites this paper	GEO record cites this paper	1	no	https://europepmc.org/article/PMC/PMC13470371	The RNA-seq data generated in this study are publicly available in the NCBI Gene Expression Omnibus (GEO) under accession number GSE338487 <https://www.ncbi.nlm.nih.gov/geo/query/acc.cgi?acc=GSE338487> .
dataset	d1db78bf-d8c3-5ab1-9440-2f547b10eaa2	GEO	GSE344191	https://www.ncbi.nlm.nih.gov/geo/query/acc.cgi?acc=GSE344191	42623301	R01CA282786	RESOLVES	GEO:GSE344191	record names an author of this paper	GEO record lists an author of this paper as a submitter	1	no	https://europepmc.org/article/PMC/PMC13589411	RNA-sequencing and 16S rRNA sequencing data have been deposited in the NCBI SRA under BioProject PRJNA1514747 (GSE344191) and PRJNA1292859.
dataset	c062fced-1626-529c-a003-27e927047538	Mendeley Data	10.17632/4fdmy5cx6s.1	https://doi.org/10.17632/4fdmy5cx6s.1	41260223	R01CA290004	RESOLVES	Mendeley Data:10.17632/4fdmy5cx6s.1	record names an author of this paper	DataCite record lists an author of this paper as a submitter	1	no	https://europepmc.org/article/PMC/PMC12755459	Uncropped western blot images were deposited to Mendeley Data with DOI number 10.17632/4fdmy5cx6s.1 <https://10.17632/4fdmy5cx6s.1>
dataset	b6bc656a-b68a-57b9-ba89-d1b19942113f	Mendeley Data	10.17632/6sfvffhtxs.1	https://doi.org/10.17632/6sfvffhtxs.1	39892392	R01CA279391	RESOLVES	Mendeley Data:10.17632/6sfvffhtxs.1	record names an author of this paper	DataCite record lists an author of this paper as a submitter	1	no	https://europepmc.org/article/PMC/PMC11925124	The raw microscopy and western blot images have been deposited at Mendeley Data: https://doi.org/10.17632/6sfvffhtxs.1.
dataset	198c2473-083e-5fc5-b1a6-f0c735f9afef	Mendeley Data	10.17632/77bps3x58y.1	https://doi.org/10.17632/77bps3x58y.1	41785860	R01CA283904	RESOLVES	Mendeley Data:10.17632/77bps3x58y.1	record names an author of this paper	DataCite record lists an author of this paper as a submitter	1	no	https://europepmc.org/article/PMC/PMC12981346	Original gel and microscopy images | This paper, Mendeley Data | https://data.mendeley.com/datasets/77bps3x58y/1
dataset	dbcc20a5-4a7b-5029-baa7-029f183b19d5	Mendeley Data	10.17632/b2yktg2b92.1	https://doi.org/10.17632/b2yktg2b92.1	41929082	R01CA290678	RESOLVES	Mendeley Data:10.17632/b2yktg2b92.1	record names an author of this paper	DataCite record lists an author of this paper as a submitter	1	no	https://europepmc.org/article/PMC/PMC13041975	Additional processed data for metabolomics, RNA-seq, proteomics, histone modifications (LC-MS), and raw data for pharmacokinetics, proximity ligation images and uncropped western blots have been deposited at Mendeley (DOI: 10.17632/b2yktg2b92.1).
dataset	feceb331-5c72-5c38-8401-246da5271b72	Mendeley Data	10.17632/d79jttdxyc.4	https://doi.org/10.17632/d79jttdxyc.4	41844151	R01CA294646	RESOLVES	Mendeley Data:10.17632/d79jttdxyc.4	record names an author of this paper	DataCite record lists an author of this paper as a submitter	1	no	https://europepmc.org/article/PMC/PMC13345754	The original uncropped images are deposited at Mendeley Data: 10.17632/d79jttdxyc.4 <https://doi.org/10.17632/d79jttdxyc.4> .
dataset	3008f13c-415c-56b6-8a69-6b9c047c006a	Mendeley Data	10.17632/dx5gxm7p9b.1	https://doi.org/10.17632/dx5gxm7p9b.1	39250704	R01CA280720	RESOLVES	Mendeley Data:10.17632/dx5gxm7p9b.1	record names an author of this paper	DataCite record lists an author of this paper as a submitter	1	no	https://europepmc.org/article/PMC/PMC11421428	RNA-Seq data have been deposited in Mendeley Data (DOI: 10.17632/dx5gxm7p9b.1).
dataset	25d52f0a-7e8c-58c2-b8c5-31691625024b	Mendeley Data	10.17632/f9wgj84d7z.1	https://doi.org/10.17632/f9wgj84d7z.1	39046874	R01CA285926	RESOLVES	Mendeley Data:10.17632/f9wgj84d7z.1	record names an author of this paper	DataCite record lists an author of this paper as a submitter	1	no	https://europepmc.org/article/PMC/PMC11404065	Original, uncropped western blot image files have been deposited at Mendeley Data, and they are available at: https://doi.org/10.17632/f9wgj84d7z.1.
dataset	9798903d-f73f-5977-8017-73aaa8b4cf5f	Mendeley Data	10.17632/ft63v4p2cp.2	https://doi.org/10.17632/ft63v4p2cp.2	40403727	R01CA288596	RESOLVES	Mendeley Data:10.17632/ft63v4p2cp.2	record names an author of this paper	DataCite record lists an author of this paper as a submitter	1	no	https://europepmc.org/article/PMC/PMC12191925	Original imaging data | This study | 10.17632/ft63v4p2cp.2 <http://10.17632/ft63v4p2cp.2>
dataset	3a23c3ae-374e-5775-a8d2-96b5897aaba7	Mendeley Data	10.17632/hbbk47z2mh.1	https://doi.org/10.17632/hbbk47z2mh.1	39383878	R01CA293675	RESOLVES	Mendeley Data:10.17632/hbbk47z2mh.1	record names an author of this paper	DataCite record lists an author of this paper as a submitter	1	no	https://europepmc.org/article/PMC/PMC11615737	Mendeley Data | http://dx.doi.org/10.17632/hbbk47z2mh.1
dataset	7d49df11-c5c2-5da4-bda3-dcb9a5fc16d5	Mendeley Data	10.17632/jwz4s85ctf.1	https://doi.org/10.17632/jwz4s85ctf.1	39631394	R01CA283463	RESOLVES	Mendeley Data:10.17632/jwz4s85ctf.1	record names an author of this paper	DataCite record lists an author of this paper as a submitter	1	no	https://europepmc.org/article/PMC/PMC11741932	Original western blot images are deposited at Mendeley data: http://doi.org/10.17632/jwz4s85ctf.1.
dataset	c6cac0af-7f24-5709-a5cf-aa98182ff530	Mendeley Data	10.17632/p8vhvwvsct.1	https://doi.org/10.17632/p8vhvwvsct.1	40540357	R01CA285926	RESOLVES	Mendeley Data:10.17632/p8vhvwvsct.1	record names an author of this paper	DataCite record lists an author of this paper as a submitter	1	no	https://europepmc.org/article/PMC/PMC12247146	Original proteomics data is deposited and available at Mendeley: https://data.mendeley.com/datasets/p8vhvwvsct/1.
dataset	39b61b84-443e-5aca-bd67-d59d5aa08e2d	Mendeley Data	10.17632/sxz7kpw4vk.1	https://doi.org/10.17632/sxz7kpw4vk.1	40037355	R01CA282733	RESOLVES	Mendeley Data:10.17632/sxz7kpw4vk.1	record names an author of this paper	DataCite record lists an author of this paper as a submitter	1	no	https://europepmc.org/article/PMC/PMC12009005	Original images and blots | This study | Mendeley Data (DOI: 10.17632/sxz7kpw4vk.1)
dataset	cbda6329-9403-5b77-992b-d63dddc8bd22	Mendeley Data	10.17632/yc442427nr.1	https://doi.org/10.17632/yc442427nr.1	40540357	R01CA285926	RESOLVES	Mendeley Data:10.17632/yc442427nr.1	record names an author of this paper	DataCite record lists an author of this paper as a submitter	1	no	https://europepmc.org/article/PMC/PMC12247146	Original, uncropped western blot image files are deposited and available at Mendeley: https://data.mendeley.com/datasets/yc442427nr/1
dataset	81efa971-5340-5495-af5d-847525be62f8	PDB	10QQ	https://www.rcsb.org/structure/10QQ	41793187	R01CA293084	RESOLVES	PDB:10QQ	record cites this paper	PDB record cites this paper	1	no	https://europepmc.org/article/PMC/PMC13137804	For VCP hexamer (DMSO control) PDB ID: 10QR and EMDB ID: EMD-75392; for VCP dodecamer (DMSO control) PDB ID: 10QQ and EMDB ID: EMD-75391.
dataset	6e78e2d5-8a6e-5765-9709-51e4890fe341	PDB	10QR	https://www.rcsb.org/structure/10QR	41793187	R01CA293084	RESOLVES	PDB:10QR	record cites this paper	PDB record cites this paper	1	no	https://europepmc.org/article/PMC/PMC13137804	For VCP hexamer (DMSO control) PDB ID: 10QR and EMDB ID: EMD-75392; for VCP dodecamer (DMSO control) PDB ID: 10QQ and EMDB ID: EMD-75391.
dataset	a93a215c-86f3-56bc-bfe0-d678a2b83ff0	PDB	8OOJ	https://www.rcsb.org/structure/8OOJ	38064712	R01CA279364	RESOLVES	PDB:8OOJ	record cites this paper	PDB record cites this paper	1	no	https://europepmc.org/article/PMC/PMC11286238	The data generated in this study are publicly available in Protein Data Bank for structures of co-crystallization of DCK with UDP and EdC (PDB 8OOJ), AraC (PDB 1P5Z), gemcitabine (PDB 2NO0) and dC (PDB 1P60), and Gene Expression Omnibus (GEO) for RNAseq at GSE248424.
dataset	e5bd4ba6-ac9a-5d4e-8354-bea787bb2543	PDB	9ED4	https://www.rcsb.org/structure/9ED4	40963021	R01CA285366	RESOLVES	PDB:9ED4	record cites this paper	PDB record cites this paper	1	no	https://europepmc.org/article/PMC/PMC12448111	Structural coordinates were deposited in the PDB with accession codes PDB 9ED4 <https://doi.org/10.2210/pdb9ED4/pdb> (mTORC1-RAG-Ragulator-4E-BP1), PDB 9ED6 <https://doi.org/10.2210/pdb9ED6/pdb> (MLST8-RAG-Ragulator), PDB 9ED7 <https://doi.org/10.2210/pdb9ED7/pdb> (fully active state of mTOR-RHEB)…
dataset	b29ca37d-942c-5cc1-902a-0174b39327bb	PDB	9ED6	https://www.rcsb.org/structure/9ED6	40963021	R01CA285366	RESOLVES	PDB:9ED6	record cites this paper	PDB record cites this paper	1	no	https://europepmc.org/article/PMC/PMC12448111	Structural coordinates were deposited in the PDB with accession codes PDB 9ED4 <https://doi.org/10.2210/pdb9ED4/pdb> (mTORC1-RAG-Ragulator-4E-BP1), PDB 9ED6 <https://doi.org/10.2210/pdb9ED6/pdb> (MLST8-RAG-Ragulator), PDB 9ED7 <https://doi.org/10.2210/pdb9ED7/pdb> (fully active state of mTOR-RHEB)…
dataset	cdd499d3-1942-573a-84d5-e603243bf014	PDB	9ED7	https://www.rcsb.org/structure/9ED7	40963021	R01CA285366	RESOLVES	PDB:9ED7	record cites this paper	PDB record cites this paper	1	no	https://europepmc.org/article/PMC/PMC12448111	Structural coordinates were deposited in the PDB with accession codes PDB 9ED4 <https://doi.org/10.2210/pdb9ED4/pdb> (mTORC1-RAG-Ragulator-4E-BP1), PDB 9ED6 <https://doi.org/10.2210/pdb9ED6/pdb> (MLST8-RAG-Ragulator), PDB 9ED7 <https://doi.org/10.2210/pdb9ED7/pdb> (fully active state of mTOR-RHEB)…
dataset	db3dd86c-6b11-5829-9f80-03d8feb36dfa	PDB	9ED8	https://www.rcsb.org/structure/9ED8	40963021	R01CA285366	RESOLVES	PDB:9ED8	record cites this paper	PDB record cites this paper	1	no	https://europepmc.org/article/PMC/PMC12448111	Structural coordinates were deposited in the PDB with accession codes PDB 9ED4 <https://doi.org/10.2210/pdb9ED4/pdb> (mTORC1-RAG-Ragulator-4E-BP1), PDB 9ED6 <https://doi.org/10.2210/pdb9ED6/pdb> (MLST8-RAG-Ragulator), PDB 9ED7 <https://doi.org/10.2210/pdb9ED7/pdb> (fully active state of mTOR-RHEB)…
dataset	ffef6c99-49fb-5827-be6c-a59b24a9a1da	PDB	9GY3	https://www.rcsb.org/structure/9GY3	41699285	R01CA280720	RESOLVES	PDB:9GY3	record names an author of this paper	PDB record lists an author of this paper as a submitter	1	no	https://europepmc.org/article/PMC/PMC13249469	Structural coordinates were deposited to the PDB and are available under accession numbers 9GY3 <https://doi.org/10.2210/pdb9GY3/pdb> (CRBN midi :dHTC1) and 9DUR <https://doi.org/10.2210/pdb9DUR/pdb> (DDB1 ∆BPB •CRBN-dHTC1-ENL YEATS).
dataset	78a2dc55-eaa3-5f7e-b7ed-df5de4e466d6	PDB	9HY4	https://www.rcsb.org/structure/9HY4	41481462	R01CA282512	RESOLVES	PDB:9HY4	record cites this paper	PDB record cites this paper	1	no	https://europepmc.org/article/PMC/PMC12773744	Atomic coordinates for the CSM8 H-2D b /gp33 and CSM8 A*02:01/TAX9/A6c13 have been deposited in the PDB with the accession codes 9HY4 and 9NDS respectively.
dataset	0cae49ba-79ba-5850-8950-b9005fc3fa95	PDB	9MEY	https://www.rcsb.org/structure/9MEY	40934300	R01CA279171	RESOLVES	PDB:9MEY	record cites this paper	PDB record cites this paper	1	no	https://europepmc.org/article/PMC/PMC12516822	The atomic coordinates and structure factors have been deposited into the Protein Data Bank and are available under accession numbers 9MEY (RIT1(GDP)-LZTR1 complex), 9MEZ (MRAS(GDP)-LZTR1 complex), 9MF0 (KRAS-T35A/E62A(GDP)-LZTR1 complex), and 9MF1 (RIT1(GDP)).
dataset	213e9330-da16-52dd-9e98-a57b4fb27627	PDB	9NDS	https://www.rcsb.org/structure/9NDS	41481462	R01CA282512	RESOLVES	PDB:9NDS	record cites this paper	PDB record cites this paper	1	no	https://europepmc.org/article/PMC/PMC12773744	Structure factors and final model coordinates have been deposited in the PDB with accession code 9NDS, and diffraction images have been deposited in the SBGrid Databank.
dataset	f95516e4-4940-58a3-9724-549a334ba9f8	PDB	9NTB	https://www.rcsb.org/structure/9NTB	40882030	R01CA293718	RESOLVES	PDB:9NTB	record cites this paper	PDB record cites this paper	1	no	https://europepmc.org/article/PMC/PMC12521918	The crystal structure of human HDAC2 in complex with TNG260 is available on Worldwide Protein Data Bank with ID PDB 9NTB.
dataset	c1060980-8201-518c-8f57-f43d3ea84a14	PDB	9O4Y	https://www.rcsb.org/structure/9O4Y	41294372	R01CA285304	RESOLVES	PDB:9O4Y	record cites this paper	PDB record cites this paper	1	no	https://europepmc.org/article/PMC/PMC12880737	Crystal structures of GAS41 YEATS cocrystalized in the presence of DLG-1 are available in the Protein Data Bank (PDB) under accession code 9O4Y and authors will release the atomic coordinates upon article publication.
dataset	70c64538-a458-5395-915e-3d3d89ce1527	PDB	9OTI	https://www.rcsb.org/structure/9OTI	40715445	R01CA285366	RESOLVES	PDB:9OTI	record cites this paper	PDB record cites this paper	1	no	https://europepmc.org/article/PMC/PMC12477443	GATOR2-CASTOR1 complex(EMD-70833 <https://www.ebi.ac.uk/pdbe/entry/emdb/EMD-70833> ), (PDB 9OTI <https://doi.org/10.2210/pdb9OTI/pdb> ) | GATOR2-CASTOR1-SESN2
dataset	a1276c94-26fe-51ac-ba6a-c7f1bc82dd27	PDB	9PFN	https://www.rcsb.org/structure/9PFN	41260223	R01CA290004	RESOLVES	PDB:9PFN	record cites this paper	PDB record cites this paper	1	no	https://europepmc.org/article/PMC/PMC12755459	Structures and data for the OCA-T2 (residues 1-38) + POU2F3 (DBD) + DNA [low-resolution] complex, the OCA-T2 (residues 1-38) + POU2F3 (DBD) + DNA [high-resolution] complex, and the OCA-T1 (residues 6-46) + POU2F3 (DBD) + DNA complex were deposited in the Protein Data Bank with accession codes PDB:…
dataset	3ed482d3-b8c3-537f-bcd9-31efeed7c200	PDB	9PFO	https://www.rcsb.org/structure/9PFO	41260223	R01CA290004	RESOLVES	PDB:9PFO	record cites this paper	PDB record cites this paper	1	no	https://europepmc.org/article/PMC/PMC12755459	Structures and data for the OCA-T2 (residues 1-38) + POU2F3 (DBD) + DNA [low-resolution] complex, the OCA-T2 (residues 1-38) + POU2F3 (DBD) + DNA [high-resolution] complex, and the OCA-T1 (residues 6-46) + POU2F3 (DBD) + DNA complex were deposited in the Protein Data Bank with accession codes PDB:…
dataset	05878f18-e2fd-5429-806a-ca58327457ac	PDB	9PFP	https://www.rcsb.org/structure/9PFP	41260223	R01CA290004	RESOLVES	PDB:9PFP	record cites this paper	PDB record cites this paper	1	no	https://europepmc.org/article/PMC/PMC12755459	Structures and data for the OCA-T2 (residues 1-38) + POU2F3 (DBD) + DNA [low-resolution] complex, the OCA-T2 (residues 1-38) + POU2F3 (DBD) + DNA [high-resolution] complex, and the OCA-T1 (residues 6-46) + POU2F3 (DBD) + DNA complex were deposited in the Protein Data Bank with accession codes PDB:…
dataset	e340c57d-d579-537c-bb72-36815a306a70	PDB	9Y15	https://www.rcsb.org/structure/9Y15	41524291	R01CA281044	RESOLVES	PDB:9Y15	record cites this paper	PDB record cites this paper	1	no	https://europepmc.org/article/PMC/PMC13105415	The WT atomic coordinates and structure factors have been deposited to the Protein Data Bank at rcsb.org with PDB ID 9Y15, 9Y16, 9Y17, 9Y18 for the binary and PDB ID 9Y19, 9Y1A, 9Y1B, 9Y1C for the ternary complexes.
dataset	c89a7f78-afcf-5a13-9dbb-5613d7ac85d4	PDB	9Y19	https://www.rcsb.org/structure/9Y19	41524291	R01CA281044	RESOLVES	PDB:9Y19	record cites this paper	PDB record cites this paper	1	no	https://europepmc.org/article/PMC/PMC13105415	The WT atomic coordinates and structure factors have been deposited to the Protein Data Bank at rcsb.org with PDB ID 9Y15, 9Y16, 9Y17, 9Y18 for the binary and PDB ID 9Y19, 9Y1A, 9Y1B, 9Y1C for the ternary complexes.
dataset	82534028-174e-55a5-9011-91bb1245725c	PDB	9Y1D	https://www.rcsb.org/structure/9Y1D	41524291	R01CA281044	RESOLVES	PDB:9Y1D	record cites this paper	PDB record cites this paper	1	no	https://europepmc.org/article/PMC/PMC13105415	The S180R atomic coordinates and structure factors have been deposited to the Protein Data Bank at rcsb.org <https://www.rcsb.org/> with PDB ID 9Y1D, 9Y1E, 9Y1F, 9Y1G for the binary and PDB ID 9Y1H, 9Y1I, 9Y1J, 9Y1K for the ternary.
dataset	ab78e791-a225-56f5-8d2d-477dd74f9127	PDB	9Y1H	https://www.rcsb.org/structure/9Y1H	41524291	R01CA281044	RESOLVES	PDB:9Y1H	record cites this paper	PDB record cites this paper	1	no	https://europepmc.org/article/PMC/PMC13105415	The S180R atomic coordinates and structure factors have been deposited to the Protein Data Bank at rcsb.org <https://www.rcsb.org/> with PDB ID 9Y1D, 9Y1E, 9Y1F, 9Y1G for the binary and PDB ID 9Y1H, 9Y1I, 9Y1J, 9Y1K for the ternary.
dataset	1c1fd1cb-df9c-5930-b890-77513ea81285	PDB	9YP6	https://www.rcsb.org/structure/9YP6	41793187	R01CA293084	RESOLVES	PDB:9YP6	record cites this paper	PDB record cites this paper	1	no	https://europepmc.org/article/PMC/PMC13137804	For VCP hexamer-UTE-156, PDB ID: 9YP6 and EMDB ID: EMD-73285.
dataset	b5b3548a-1b08-5d89-a3a1-ad7325fb71ce	PDB	9YP8	https://www.rcsb.org/structure/9YP8	41793187	R01CA293084	RESOLVES	PDB:9YP8	record cites this paper	PDB record cites this paper	1	no	https://europepmc.org/article/PMC/PMC13137804	For VCP dodecamer-UTE-156, PDB ID: 9YP8 and EMDB ID: EMD-73287.
dataset	5fe2de7e-6c35-5521-b25d-0551a47c2e8e	PRIDE/ProteomeXchange	PXD014552	https://proteomecentral.proteomexchange.org/cgi/GetDataset?ID=PXD014552	42464412	R01CA282198	RESOLVES	PRIDE/ProteomeXchange:PXD014552	record names an author of this paper	ProteomeXchange record lists an author of this paper as a submitter	1	no	https://europepmc.org/article/PMC/PMC13378067	All raw mass spectrometry data and MaxQuant search results have been deposited to the ProteomeXchange Consortium via the PRIDE partner repository with the dataset identifier PXD014552 and 10.6019/PXD014552 for the total proteome data [ 129 ], and PXD063569 and 10.6019/PXD063569 for the acetyl-enric…
dataset	92c4a286-79ce-550c-b6a0-70b14b84ffd5	PRIDE/ProteomeXchange	PXD035591	https://proteomecentral.proteomexchange.org/cgi/GetDataset?ID=PXD035591	42239335	R01CA290875	RESOLVES	PRIDE/ProteomeXchange:PXD035591	record names an author of this paper	ProteomeXchange record lists an author of this paper as a submitter	1	no	https://europepmc.org/article/PMC/PMC13228367	The raw files of the proteomic data along with the supporting processed data generated for this article here have been deposited at the ProteomeXchange/PRIDE repository with accession numbers PXD059495, PXD035589, and PXD035591.
dataset	b877a641-a0c3-5a9b-8435-a504619a3504	PRIDE/ProteomeXchange	PXD038011	https://proteomecentral.proteomexchange.org/cgi/GetDataset?ID=PXD038011	40482644	R01CA287075	RESOLVES	PRIDE/ProteomeXchange:PXD038011	record names an author of this paper	ProteomeXchange record lists an author of this paper as a submitter	1	no	https://europepmc.org/article/PMC/PMC12281359	The label-free proteomics (Pride: PXD038518; analyzed data available as Data S1 ) and the SWATH-MS datasets (Pride: PXD038011; analyzed data available as Data S2 ) were deposited on Proteomics Identifications Database (PRIDE) and are available through https://www.ebi.ac.uk/pride/.
dataset	9f7fa6f4-5ccb-5ad9-8c45-e469043b6f2d	PRIDE/ProteomeXchange	PXD038518	https://proteomecentral.proteomexchange.org/cgi/GetDataset?ID=PXD038518	40482644	R01CA287075	RESOLVES	PRIDE/ProteomeXchange:PXD038518	record names an author of this paper	ProteomeXchange record lists an author of this paper as a submitter	1	no	https://europepmc.org/article/PMC/PMC12281359	The label-free proteomics (Pride: PXD038518; analyzed data available as Data S1 ) and the SWATH-MS datasets (Pride: PXD038011; analyzed data available as Data S2 ) were deposited on Proteomics Identifications Database (PRIDE) and are available through https://www.ebi.ac.uk/pride/.
dataset	b2462f8f-8f36-59ff-9c19-ff1d12899993	PRIDE/ProteomeXchange	PXD039441	https://proteomecentral.proteomexchange.org/cgi/GetDataset?ID=PXD039441	38413714	R01CA279595	RESOLVES	PRIDE/ProteomeXchange:PXD039441	record names an author of this paper	ProteomeXchange record lists an author of this paper as a submitter	1	no	https://europepmc.org/article/PMC/PMC11056319	The PRMT9 SILAC proteomics data have been deposited in PRIDE under accession no. PXD039441 <http://proteomecentral.proteomexchange.org/cgi/GetDataset?ID=PXD039441> .
dataset	b923238b-7e82-5dae-a529-32841750952a	PRIDE/ProteomeXchange	PXD042316	https://proteomecentral.proteomexchange.org/cgi/GetDataset?ID=PXD042316	38508137	R01CA285544;R01CA289041	RESOLVES	PRIDE/ProteomeXchange:PXD042316	record cites this paper	ProteomeXchange record cites this paper	1	no	https://europepmc.org/article/PMC/PMC10983114	Immunopeptidomics data have been deposited to the PRoteomics IDEntifications (PRIDE) database at PRIDE: PXD042316 <https://www.ebi.ac.uk/pride/PXD042316> (https://doi.org/10.6019/PXD042316).
dataset	9325d42d-9045-5dd2-aefa-8c06048d0a32	PRIDE/ProteomeXchange	PXD044864	https://proteomecentral.proteomexchange.org/cgi/GetDataset?ID=PXD044864	38244540	R01CA287669	RESOLVES	PRIDE/ProteomeXchange:PXD044864	record names an author of this paper	ProteomeXchange record lists an author of this paper as a submitter	1	no	https://europepmc.org/article/PMC/PMC10897521	Proteomic data have been deposited at PRIDE and are publicly available with the identifier PXD044864.
dataset	132ae8b9-b995-50f1-8d5d-4ec56e475efd	PRIDE/ProteomeXchange	PXD045556	https://proteomecentral.proteomexchange.org/cgi/GetDataset?ID=PXD045556	38381834	R01CA279997	RESOLVES	PRIDE/ProteomeXchange:PXD045556	record names an author of this paper	ProteomeXchange record lists an author of this paper as a submitter	1	no	https://europepmc.org/article/PMC/PMC10881042	The autophosphorylation mass spectrometry proteomics data have been deposited to the ProteomeXchange Consortium via the PRIDE partner repository with project accession: PXD045556 and project DOI:10.6019/PXD045556 <http://dx.doi.org/10.6019/PXD045556> .
dataset	baa2e10d-881d-59e4-a80a-a9113a8c3d0b	PRIDE/ProteomeXchange	PXD045603	https://proteomecentral.proteomexchange.org/cgi/GetDataset?ID=PXD045603	39578541	R01CA283904	RESOLVES	PRIDE/ProteomeXchange:PXD045603	record names an author of this paper	ProteomeXchange record lists an author of this paper as a submitter	1	no	https://europepmc.org/article/PMC/PMC11696098	ProteomeXchange PXD045603 <https://proteomecentral.proteomexchange.org/cgi/GetDataset?ID=PXD045603> .
dataset	de415920-c0b8-5cd8-b4cd-506218da8d65	PRIDE/ProteomeXchange	PXD045817	https://proteomecentral.proteomexchange.org/cgi/GetDataset?ID=PXD045817	38982045	R01CA285203	RESOLVES	PRIDE/ProteomeXchange:PXD045817	record names an author of this paper	ProteomeXchange record lists an author of this paper as a submitter	1	no	https://europepmc.org/article/PMC/PMC11233649	The mass spectrometry proteomics data (Mass spectrum analysis to identify the interacting protein of LILRB1 in multiple myeloma cell line ARP-1) have been deposited to the ProteomeXchange Consortium via the PRIDE 90 partner repository with the dataset identifier PXD045817 <http://www.ebi.ac.uk/prid…
dataset	08432756-d189-5af1-aa12-40ea8278fe40	PRIDE/ProteomeXchange	PXD046039	https://proteomecentral.proteomexchange.org/cgi/GetDataset?ID=PXD046039	39018246	R01CA280482	RESOLVES	PRIDE/ProteomeXchange:PXD046039	record cites this paper	ProteomeXchange record cites this paper	1	no	https://europepmc.org/article/PMC/PMC11403584	Proteomics data, including raw files and search parameters, were uploaded to ProteomeXchange via PRIDE (Identifier PXD046039) and are available publicly.
dataset	c069f612-9370-5a5b-9a6a-88eee189f6bc	PRIDE/ProteomeXchange	PXD047228	https://proteomecentral.proteomexchange.org/cgi/GetDataset?ID=PXD047228	39161959	R01CA262556;R01CA279171	RESOLVES	PRIDE/ProteomeXchange:PXD047228	record names an author of this paper	ProteomeXchange record lists an author of this paper as a submitter	1	no	https://europepmc.org/article/PMC/PMC11332844	The mass spectrometry data are publicly available at the Proteomics IDEntification database (PRIDE) 90 repository with the dataset identifier PXD047228.
dataset	caf55a35-1ad2-51e4-974a-633f556d85e6	PRIDE/ProteomeXchange	PXD047401	https://proteomecentral.proteomexchange.org/cgi/GetDataset?ID=PXD047401	40403727	R01CA288596	RESOLVES	PRIDE/ProteomeXchange:PXD047401	record cites this paper	ProteomeXchange record cites this paper	1	no	https://europepmc.org/article/PMC/PMC12191925	All proteomics data can be accessed from the ProteomeXchange Consortium via the PRIDE partner repository identifiers PXD047401 (PRC2 IP-MS), PXD047451 (PRC1 IP-MS) and PXD058532 (exogenous PRC1 IP-MS).
dataset	ffb6a494-f646-505e-932a-5e4985838081	PRIDE/ProteomeXchange	PXD047451	https://proteomecentral.proteomexchange.org/cgi/GetDataset?ID=PXD047451	40403727	R01CA288596	RESOLVES	PRIDE/ProteomeXchange:PXD047451	record cites this paper	ProteomeXchange record cites this paper	1	no	https://europepmc.org/article/PMC/PMC12191925	All proteomics data can be accessed from the ProteomeXchange Consortium via the PRIDE partner repository identifiers PXD047401 (PRC2 IP-MS), PXD047451 (PRC1 IP-MS) and PXD058532 (exogenous PRC1 IP-MS).
dataset	033488de-822a-50e9-ac6b-f98edf69493f	PRIDE/ProteomeXchange	PXD047557	https://proteomecentral.proteomexchange.org/cgi/GetDataset?ID=PXD047557	40579454	R01CA292019	RESOLVES	PRIDE/ProteomeXchange:PXD047557	record names an author of this paper	ProteomeXchange record lists an author of this paper as a submitter	1	no	https://europepmc.org/article/PMC/PMC12740005	The mass spectrometry proteomics data associated with this study have been deposited to the ProteomeXchange Consortium via the PRIDE partner repository with the identifier PXD047557.
dataset	092326fd-a2a9-5b0e-b4a9-9375e380ea65	PRIDE/ProteomeXchange	PXD049993	https://proteomecentral.proteomexchange.org/cgi/GetDataset?ID=PXD049993	39631394	R01CA283463	RESOLVES	PRIDE/ProteomeXchange:PXD049993	record names an author of this paper	ProteomeXchange record lists an author of this paper as a submitter	1	no	https://europepmc.org/article/PMC/PMC11741932	Mass spectrometry proteomics data are deposited to the ProteomeXchange Consortium via the PRIDE partner repository with the dataset identifier PXD049993.
dataset	d165c4a7-e6dd-5760-9f97-8b353ad859b2	PRIDE/ProteomeXchange	PXD050685	https://proteomecentral.proteomexchange.org/cgi/GetDataset?ID=PXD050685	39413792	R01CA280720	RESOLVES	PRIDE/ProteomeXchange:PXD050685	record names an author of this paper	ProteomeXchange record lists an author of this paper as a submitter	1	no	https://europepmc.org/article/PMC/PMC11560529	Proteomic data has been deposited to the ProteomeXchange Consortium via the PRIDE 82 (identifier PXD050685).
dataset	47a5b208-4a7f-580e-aa25-cb0f9bf2aa3f	PRIDE/ProteomeXchange	PXD051527	https://proteomecentral.proteomexchange.org/cgi/GetDataset?ID=PXD051527	39208801	R01CA289041	RESOLVES	PRIDE/ProteomeXchange:PXD051527	record cites this paper	ProteomeXchange record cites this paper	1	no	https://europepmc.org/article/PMC/PMC11528240	Raw proteomics data | ProteomeXchange Consortium | ProteomeXchange Consortium: PXD051527
dataset	066e6ac0-23ca-5395-aaa2-6ad605849ba6	PRIDE/ProteomeXchange	PXD052731	https://proteomecentral.proteomexchange.org/cgi/GetDataset?ID=PXD052731	38982062	R01CA282766	RESOLVES	PRIDE/ProteomeXchange:PXD052731	record names an author of this paper	ProteomeXchange record lists an author of this paper as a submitter	1	no	https://europepmc.org/article/PMC/PMC11233601	The mass spec data generated in this study for Fig. 4C have been deposited in the ProteomeXchange database under accession code PXD052731: MassIVE: https://massive.ucsd.edu/ProteoSAFe/dataset.jsp?task=7216b37288104812881bb97607f0fef7.
dataset	6d60a007-70de-514d-ad31-52b7480fa272	PRIDE/ProteomeXchange	PXD052836	https://proteomecentral.proteomexchange.org/cgi/GetDataset?ID=PXD052836	38982062	R01CA282766	RESOLVES	PRIDE/ProteomeXchange:PXD052836	record cites this paper	ProteomeXchange record cites this paper	1	no	https://europepmc.org/article/PMC/PMC11233601	The mass spectrometry proteomics data generated in this study for Fig. 1B have been deposited to the ProteomeXchange Consortium via the PRIDE partner repository with the dataset identifier PXD052836 Source data are provided with this paper.
dataset	12add73d-2ee1-5233-a476-83fbe83d4ac4	PRIDE/ProteomeXchange	PXD053108	https://proteomecentral.proteomexchange.org/cgi/GetDataset?ID=PXD053108	39046874	R01CA285926	RESOLVES	PRIDE/ProteomeXchange:PXD053108	record cites this paper	ProteomeXchange record cites this paper	1	no	https://europepmc.org/article/PMC/PMC11404065	Original proteomics data have been deposited and are available in PRIDE: PXD053108.
dataset	2f447777-047c-583c-9e23-5ab931270161	PRIDE/ProteomeXchange	PXD053458	https://proteomecentral.proteomexchange.org/cgi/GetDataset?ID=PXD053458	41544627	R01CA288696	RESOLVES	PRIDE/ProteomeXchange:PXD053458	record names an author of this paper	ProteomeXchange record lists an author of this paper as a submitter	1	no	https://europepmc.org/article/PMC/PMC13418108	The mass spectrometry proteomics raw data are available at the time of publication, and the accession numbers are PXD053458 (PRIDE, proteome) and PXD053675 (PRIDE, phosphoproteome).
dataset	15c73142-4a0a-5bb0-af77-3da245326ad3	PRIDE/ProteomeXchange	PXD053675	https://proteomecentral.proteomexchange.org/cgi/GetDataset?ID=PXD053675	41544627	R01CA288696	RESOLVES	PRIDE/ProteomeXchange:PXD053675	record names an author of this paper	ProteomeXchange record lists an author of this paper as a submitter	1	no	https://europepmc.org/article/PMC/PMC13418108	The mass spectrometry proteomics raw data are available at the time of publication, and the accession numbers are PXD053458 (PRIDE, proteome) and PXD053675 (PRIDE, phosphoproteome).
dataset	528be758-af0b-57e5-b2f7-0b48bd01717b	PRIDE/ProteomeXchange	PXD054020	https://proteomecentral.proteomexchange.org/cgi/GetDataset?ID=PXD054020	42162436	R01CA290678	RESOLVES	PRIDE/ProteomeXchange:PXD054020	record names an author of this paper	ProteomeXchange record lists an author of this paper as a submitter	1	no	https://europepmc.org/article/PMC/PMC13391416	The MS data have been deposited into the ProteomeXchange Consortium with the dataset identifier PXD054020 <http://proteomecentral.proteomexchange.org/cgi/GetDataset?ID=PXD054020> .
dataset	cbe6b45c-9cf5-50db-9447-8ca11e74703a	PRIDE/ProteomeXchange	PXD054258	https://proteomecentral.proteomexchange.org/cgi/GetDataset?ID=PXD054258	39107299	R01CA282815	RESOLVES	PRIDE/ProteomeXchange:PXD054258	record cites this paper	ProteomeXchange record cites this paper	1	no	https://europepmc.org/article/PMC/PMC11303806	The mass spectrometry proteomics data have been deposited to the ProteomeXchange Consortium (https://proteomecentral.proteomexchange.org <https://proteomecentral.proteomexchange.org/> ) via the iProX partner repository with the dataset identifier PXD054258 63 , 64 .
dataset	9e653c47-a0ce-55d5-a6e7-af5f0f9fc345	PRIDE/ProteomeXchange	PXD054551	https://proteomecentral.proteomexchange.org/cgi/GetDataset?ID=PXD054551	40593561	R01CA290875	RESOLVES	PRIDE/ProteomeXchange:PXD054551	record names an author of this paper	ProteomeXchange record lists an author of this paper as a submitter	1	no	https://europepmc.org/article/PMC/PMC12215968	The mass spectrometry data generated in this study have been deposited to the ProteomeXchange Consortium via the PRIDE partner repository with the dataset identifiers PXD054551 and PXD063825.
dataset	fec40eb6-ad83-542a-9ace-7cf8472d8c6e	PRIDE/ProteomeXchange	PXD054641	https://proteomecentral.proteomexchange.org/cgi/GetDataset?ID=PXD054641	40629079	R01CA288849	RESOLVES	PRIDE/ProteomeXchange:PXD054641	record cites this paper	ProteomeXchange record cites this paper	1	no	https://europepmc.org/article/PMC/PMC12375500	The mass spectrometry proteomics data have been deposited to the ProteomeXchange Consortium via the PRIDE [ 60 ] partner repository with the dataset identifier PXD054641.
dataset	6646a0ed-3e9e-5660-a029-cb49672bf662	PRIDE/ProteomeXchange	PXD055068	https://proteomecentral.proteomexchange.org/cgi/GetDataset?ID=PXD055068	41699285	R01CA280720	RESOLVES	PRIDE/ProteomeXchange:PXD055068	record cites this paper	ProteomeXchange record cites this paper	1	no	https://europepmc.org/article/PMC/PMC13249469	The MS proteomics data were deposited to the ProteomeXchange Consortium through the PRIDE 117 partner repository with the dataset identifier PXD055068 <http://proteomecentral.proteomexchange.org/cgi/GetDataset?ID=PXD055068> .
dataset	fb783553-77da-54db-a07d-349219dd5962	PRIDE/ProteomeXchange	PXD055639	https://proteomecentral.proteomexchange.org/cgi/GetDataset?ID=PXD055639	40119417	R01CA287075	RESOLVES	PRIDE/ProteomeXchange:PXD055639	record cites this paper	ProteomeXchange record cites this paper	1	no	https://europepmc.org/article/PMC/PMC11929255	The datasets supporting the conclusions of this article are available in the ProteomeXchange Consortium via the PRIDE partner repository, identifier PXD055639.
dataset	778728bd-1846-5fa8-830a-d7c3c47a6b8f	PRIDE/ProteomeXchange	PXD056300	https://proteomecentral.proteomexchange.org/cgi/GetDataset?ID=PXD056300	39402324	R01CA287669	RESOLVES	PRIDE/ProteomeXchange:PXD056300	record cites this paper	ProteomeXchange record cites this paper	1	no	https://europepmc.org/article/PMC/PMC11589118	Proteomic data have been deposited at PRIDE and are publicly available with the identifier PXD056300.
dataset	5f2f62ba-283c-5801-a1a7-e0fefaf10970	PRIDE/ProteomeXchange	PXD057059	https://proteomecentral.proteomexchange.org/cgi/GetDataset?ID=PXD057059	42303814	R01CA290720	RESOLVES	PRIDE/ProteomeXchange:PXD057059	record cites this paper	ProteomeXchange record cites this paper	1	no	https://europepmc.org/article/PMC/PMC13297525	The mass spectrometry proteomics data have been deposited to the ProteomeXchange Consortium via the PRIDE 86 partner repository with the dataset identifier PXD057059 and 10.6019/PXD057059 or PXD071209 and 10.6019/PXD071209.
dataset	5b78ab15-e248-5eb8-900c-00f84ef4f6bf	PRIDE/ProteomeXchange	PXD058152	https://proteomecentral.proteomexchange.org/cgi/GetDataset?ID=PXD058152	40435263	R01CA279997	RESOLVES	PRIDE/ProteomeXchange:PXD058152	record names an author of this paper	ProteomeXchange record lists an author of this paper as a submitter	1	no	https://europepmc.org/article/PMC/PMC12118637	The data for this study have been deposited in the database GEO (GSE291658), MassIVE (MSV000096493), and ProteomeXchange (PXD058152).
dataset	fa3c9092-9f5b-5cf0-9eed-a22b599416cf	PRIDE/ProteomeXchange	PXD058532	https://proteomecentral.proteomexchange.org/cgi/GetDataset?ID=PXD058532	40403727	R01CA288596	RESOLVES	PRIDE/ProteomeXchange:PXD058532	record cites this paper	ProteomeXchange record cites this paper	1	no	https://europepmc.org/article/PMC/PMC12191925	All proteomics data can be accessed from the ProteomeXchange Consortium via the PRIDE partner repository identifiers PXD047401 (PRC2 IP-MS), PXD047451 (PRC1 IP-MS) and PXD058532 (exogenous PRC1 IP-MS).
dataset	a778f5f7-13a3-5634-a244-be409105d2ff	PRIDE/ProteomeXchange	PXD058761	https://proteomecentral.proteomexchange.org/cgi/GetDataset?ID=PXD058761	41537349	R01CA282701	RESOLVES	PRIDE/ProteomeXchange:PXD058761	record cites this paper	ProteomeXchange record cites this paper	1	no	https://europepmc.org/article/PMC/PMC13231128	The proteomics data have been deposited in the PRIDE repository (https://www.ebi.ac.uk/pride/) and are accessible under accession number PXD058761.
dataset	f44f8076-6f22-557d-a64b-c12b01533538	PRIDE/ProteomeXchange	PXD059495	https://proteomecentral.proteomexchange.org/cgi/GetDataset?ID=PXD059495	40840759;42239335	R01CA290875	RESOLVES	PRIDE/ProteomeXchange:PXD059495	record cites this paper	ProteomeXchange record cites this paper	1	no	https://europepmc.org/article/PMC/PMC12509755	The raw files of the proteomic data along with the supporting processed data generated for this article here have been deposited at the ProteomeXchange/PRIDE repository with accession number: PXD059495.
dataset	6855df01-1601-5b66-b51c-7d24489fe953	PRIDE/ProteomeXchange	PXD059902	https://proteomecentral.proteomexchange.org/cgi/GetDataset?ID=PXD059902	42177192	R01CA280482	RESOLVES	PRIDE/ProteomeXchange:PXD059902	record names an author of this paper	ProteomeXchange record lists an author of this paper as a submitter	1	no	https://europepmc.org/article/PMC/PMC13473141	The mass spectrometry proteomics data have been deposited to the ProteomeXchange Consortium via the PRIDE partner repository 52 with the dataset identifiers PXD059902 and PXD059910.
dataset	07e03a82-ed4d-59bb-aff4-3c728283e48f	PRIDE/ProteomeXchange	PXD059910	https://proteomecentral.proteomexchange.org/cgi/GetDataset?ID=PXD059910	42177192	R01CA280482	RESOLVES	PRIDE/ProteomeXchange:PXD059910	record names an author of this paper	ProteomeXchange record lists an author of this paper as a submitter	1	no	https://europepmc.org/article/PMC/PMC13473141	The mass spectrometry proteomics data have been deposited to the ProteomeXchange Consortium via the PRIDE partner repository 52 with the dataset identifiers PXD059902 and PXD059910.
dataset	341e6767-7509-556d-a8d5-0c52f589f28a	PRIDE/ProteomeXchange	PXD060069	https://proteomecentral.proteomexchange.org/cgi/GetDataset?ID=PXD060069	40140582	R01CA279173;R01CA285415	RESOLVES	PRIDE/ProteomeXchange:PXD060069	record names an author of this paper	ProteomeXchange record lists an author of this paper as a submitter	1	no	https://europepmc.org/article/PMC/PMC13005050	Proteome Exchange PXD060069).
dataset	b410a857-2891-5b69-b9a7-ddd8b191dd6b	PRIDE/ProteomeXchange	PXD060090	https://proteomecentral.proteomexchange.org/cgi/GetDataset?ID=PXD060090	40069440	R01CA288696	RESOLVES	PRIDE/ProteomeXchange:PXD060090	record names an author of this paper	ProteomeXchange record lists an author of this paper as a submitter	1	no	https://europepmc.org/article/PMC/PMC12116239	Proteomics datasets are available on ProteomeXchange at https://doi.org/10.25345/C5N01058W and accession number PXD060090 <http://proteomecentral.proteomexchange.org/cgi/GetDataset?ID=PXD060090> .
dataset	3422a601-f99b-53ac-8dd8-e198c580356c	PRIDE/ProteomeXchange	PXD060288	https://proteomecentral.proteomexchange.org/cgi/GetDataset?ID=PXD060288	40578344	R01CA285345	RESOLVES	PRIDE/ProteomeXchange:PXD060288	record cites this paper	ProteomeXchange record cites this paper	1	no	https://europepmc.org/article/PMC/PMC12276998	The mass spectrometry proteomics data have been deposited to the ProteomeXchange Consortium via the PRIDE partner repository with the dataset identifiers PXD060288 and PXD060291.
dataset	028197e7-cd76-5e80-af70-da84545fbf82	PRIDE/ProteomeXchange	PXD060291	https://proteomecentral.proteomexchange.org/cgi/GetDataset?ID=PXD060291	40578344	R01CA285345	RESOLVES	PRIDE/ProteomeXchange:PXD060291	record cites this paper	ProteomeXchange record cites this paper	1	no	https://europepmc.org/article/PMC/PMC12276998	The mass spectrometry proteomics data have been deposited to the ProteomeXchange Consortium via the PRIDE partner repository with the dataset identifiers PXD060288 and PXD060291.
dataset	b78e79a3-31d2-5540-b94d-b9b7660562f9	PRIDE/ProteomeXchange	PXD060812	https://proteomecentral.proteomexchange.org/cgi/GetDataset?ID=PXD060812	40133548	R01CA286492	RESOLVES	PRIDE/ProteomeXchange:PXD060812	record names an author of this paper	ProteomeXchange record lists an author of this paper as a submitter	1	no	https://europepmc.org/article/PMC/PMC12116240	Proteomics data have been deposited in PRIDE under accession number PXD060812.
dataset	58aeaf29-1ae9-526c-ae00-76b5f81efd2c	PRIDE/ProteomeXchange	PXD061070	https://proteomecentral.proteomexchange.org/cgi/GetDataset?ID=PXD061070	42203768	R01CA279220	RESOLVES	PRIDE/ProteomeXchange:PXD061070	record cites this paper	ProteomeXchange record cites this paper	1	no	https://europepmc.org/article/PMC/PMC13389078	The proteomics data generated during the study has been deposited in the PRIDE partner repository of the ProteomeXchange Consortium under the accession code PXD061070.
dataset	32f3fc89-1675-5f00-bb83-4688cdc568b5	PRIDE/ProteomeXchange	PXD061080	https://proteomecentral.proteomexchange.org/cgi/GetDataset?ID=PXD061080	40691407	R01CA286147	RESOLVES	PRIDE/ProteomeXchange:PXD061080	record names an author of this paper	ProteomeXchange record lists an author of this paper as a submitter	1	no	https://europepmc.org/article/PMC/PMC12339387	The MS proteomic data have been deposited in the ProteomeXchange Consortium via the PRIDE 77 partner repository with the dataset identifiers PXD061127 <http://proteomecentral.proteomexchange.org/cgi/GetDataset?ID=PXD061127> and PXD061080 <http://proteomecentral.proteomexchange.org/cgi/GetDataset?ID…
dataset	9ce0aeb3-6401-5855-8f27-a756c3972ca9	PRIDE/ProteomeXchange	PXD061127	https://proteomecentral.proteomexchange.org/cgi/GetDataset?ID=PXD061127	40691407	R01CA286147	RESOLVES	PRIDE/ProteomeXchange:PXD061127	record names an author of this paper	ProteomeXchange record lists an author of this paper as a submitter	1	no	https://europepmc.org/article/PMC/PMC12339387	The MS proteomic data have been deposited in the ProteomeXchange Consortium via the PRIDE 77 partner repository with the dataset identifiers PXD061127 <http://proteomecentral.proteomexchange.org/cgi/GetDataset?ID=PXD061127> and PXD061080 <http://proteomecentral.proteomexchange.org/cgi/GetDataset?ID…
dataset	db562b68-2f3d-51bf-b7c1-6deab7f7ab80	PRIDE/ProteomeXchange	PXD061282	https://proteomecentral.proteomexchange.org/cgi/GetDataset?ID=PXD061282	40376796	R01CA279378	RESOLVES	PRIDE/ProteomeXchange:PXD061282	record names an author of this paper	ProteomeXchange record lists an author of this paper as a submitter	1	no	https://europepmc.org/article/PMC/PMC12353786	The proteomics data have been deposited to the PRIDE database (http://www.ebi.ac.uk/pride) and assigned the identifier PXD061282.
dataset	7a3bc2fb-0a11-5a1d-a45a-5abb82c62aa0	PRIDE/ProteomeXchange	PXD061854	https://proteomecentral.proteomexchange.org/cgi/GetDataset?ID=PXD061854	40360905	R01CA278889	RESOLVES	PRIDE/ProteomeXchange:PXD061854	record names an author of this paper	ProteomeXchange record lists an author of this paper as a submitter	1	no	https://europepmc.org/article/PMC/PMC12276840	The CHD1 RIME dataset generated in this study has been deposited in the PRIDE (ProteomeX-change) database under accession code PXD061854.
dataset	35aea65a-70e0-580d-b361-55d720d20acb	PRIDE/ProteomeXchange	PXD062331	https://proteomecentral.proteomexchange.org/cgi/GetDataset?ID=PXD062331	41529070	R01CA290402	RESOLVES	PRIDE/ProteomeXchange:PXD062331	record cites this paper	ProteomeXchange record cites this paper	1	no	https://europepmc.org/article/PMC/PMC13136877	All proteomic data generated from the nano-flow LC-Orbitrap Astral Mass Spectrometry system were deposited in the ProteomeXchange Consortium repository, PRIDE (PXD062331, RRID: SCR_004055).
dataset	3bf22d97-250a-51b3-adba-f91412a7109f	PRIDE/ProteomeXchange	PXD063569	https://proteomecentral.proteomexchange.org/cgi/GetDataset?ID=PXD063569	42464412	R01CA282198	RESOLVES	PRIDE/ProteomeXchange:PXD063569	record names an author of this paper	ProteomeXchange record lists an author of this paper as a submitter	1	no	https://europepmc.org/article/PMC/PMC13378067	All raw mass spectrometry data and MaxQuant search results have been deposited to the ProteomeXchange Consortium via the PRIDE partner repository with the dataset identifier PXD014552 and 10.6019/PXD014552 for the total proteome data [ 129 ], and PXD063569 and 10.6019/PXD063569 for the acetyl-enric…
dataset	f18201c9-8306-564d-afdb-bed41ab0773b	PRIDE/ProteomeXchange	PXD063786	https://proteomecentral.proteomexchange.org/cgi/GetDataset?ID=PXD063786	41673158	R01CA290875	RESOLVES	PRIDE/ProteomeXchange:PXD063786	record names an author of this paper	ProteomeXchange record lists an author of this paper as a submitter	1	no	https://europepmc.org/article/PMC/PMC13128448	The mass spectrometry data associated with XL-MS and AP-MS have been deposited to the ProteomeXchange Consortium via the PRIDE partner repository with the dataset identifier PXD063786 <http://proteomecentral.proteomexchange.org/cgi/GetDataset?ID=PXD063786> and PXD063822 <http://proteomecentral.prot…
dataset	32697de4-8a85-5e55-98ce-81da4f0a610e	PRIDE/ProteomeXchange	PXD063822	https://proteomecentral.proteomexchange.org/cgi/GetDataset?ID=PXD063822	41673158	R01CA290875	RESOLVES	PRIDE/ProteomeXchange:PXD063822	record names an author of this paper	ProteomeXchange record lists an author of this paper as a submitter	1	no	https://europepmc.org/article/PMC/PMC13128448	The mass spectrometry data associated with XL-MS and AP-MS have been deposited to the ProteomeXchange Consortium via the PRIDE partner repository with the dataset identifier PXD063786 <http://proteomecentral.proteomexchange.org/cgi/GetDataset?ID=PXD063786> and PXD063822 <http://proteomecentral.prot…
dataset	bc743746-5cc7-5f4a-b4eb-a8e71c34d2a2	PRIDE/ProteomeXchange	PXD063825	https://proteomecentral.proteomexchange.org/cgi/GetDataset?ID=PXD063825	40593561	R01CA290875	RESOLVES	PRIDE/ProteomeXchange:PXD063825	record names an author of this paper	ProteomeXchange record lists an author of this paper as a submitter	1	no	https://europepmc.org/article/PMC/PMC12215968	The mass spectrometry data generated in this study have been deposited to the ProteomeXchange Consortium via the PRIDE partner repository with the dataset identifiers PXD054551 and PXD063825.
dataset	4e9b49ab-be10-5b8f-b2ce-69fb89bf1d4a	PRIDE/ProteomeXchange	PXD064572	https://proteomecentral.proteomexchange.org/cgi/GetDataset?ID=PXD064572	40909606	R01CA280482;R01CA290597	RESOLVES	PRIDE/ProteomeXchange:PXD064572	record names an author of this paper	ProteomeXchange record lists an author of this paper as a submitter	1	no	https://europepmc.org/article/PMC/PMC12407948	The mass spectrometry proteomics data have been deposited to the ProteomeXchange Consortium via the PRIDE partner repository with the dataset identifier PXD064572.
dataset	54e37698-1218-5ef9-b772-34c0c893192a	PRIDE/ProteomeXchange	PXD064757	https://proteomecentral.proteomexchange.org/cgi/GetDataset?ID=PXD064757	41062483	R01CA287782	RESOLVES	PRIDE/ProteomeXchange:PXD064757	record cites this paper	ProteomeXchange record cites this paper	1	no	https://europepmc.org/article/PMC/PMC12508156	The proteomics data generated in this study have been deposited in the PRIDE repository via the ProteomeXchange Consortium under accession code PXD064757 <https://www.ebi.ac.uk/pride/archive/projects/PXD064757> .
dataset	52e4d0db-e72d-5ab8-966a-dfa2565297ed	PRIDE/ProteomeXchange	PXD065228	https://proteomecentral.proteomexchange.org/cgi/GetDataset?ID=PXD065228	41044247	R01CA289013	RESOLVES	PRIDE/ProteomeXchange:PXD065228	record names an author of this paper	ProteomeXchange record lists an author of this paper as a submitter	1	no	https://europepmc.org/article/PMC/PMC12513837	The proteomics data have been deposited to the ProteomeXchange Consortium through the PRIDE 93 partner repository with the dataset identifier PXD065228 <http://proteomecentral.proteomexchange.org/cgi/GetDataset?ID=PXD065228> for tandem mass tag mass spectrometry and PXD065292 <http://proteomecentra…
dataset	28f98445-7869-557f-ae9e-5a137c54d3c1	PRIDE/ProteomeXchange	PXD065292	https://proteomecentral.proteomexchange.org/cgi/GetDataset?ID=PXD065292	41044247	R01CA289013	RESOLVES	PRIDE/ProteomeXchange:PXD065292	record names an author of this paper	ProteomeXchange record lists an author of this paper as a submitter	1	no	https://europepmc.org/article/PMC/PMC12513837	The proteomics data have been deposited to the ProteomeXchange Consortium through the PRIDE 93 partner repository with the dataset identifier PXD065228 <http://proteomecentral.proteomexchange.org/cgi/GetDataset?ID=PXD065228> for tandem mass tag mass spectrometry and PXD065292 <http://proteomecentra…
dataset	496a0384-b880-5206-8eea-0bac982b1745	PRIDE/ProteomeXchange	PXD065965	https://proteomecentral.proteomexchange.org/cgi/GetDataset?ID=PXD065965	40911783	R01CA287669	RESOLVES	PRIDE/ProteomeXchange:PXD065965	record names an author of this paper	ProteomeXchange record lists an author of this paper as a submitter	1	no	https://europepmc.org/article/PMC/PMC12662719	The mass spectrometry proteomics data have been deposited to the ProteomeXchange Consortium via the PRIDE [1] partner repository with the dataset identifier PXD065965.
dataset	ea21f81a-18b1-5870-bb35-b93401b1496f	PRIDE/ProteomeXchange	PXD066297	https://proteomecentral.proteomexchange.org/cgi/GetDataset?ID=PXD066297	41193657	R01CA290875	RESOLVES	PRIDE/ProteomeXchange:PXD066297	record names an author of this paper	ProteomeXchange record lists an author of this paper as a submitter	1	no	https://europepmc.org/article/PMC/PMC12695660	Mass spectrometry proteomics data are deposited in PRIDE (PXD066297 <http://proteomecentral.proteomexchange.org/cgi/GetDataset?ID=PXD066297> ).
dataset	5280d4b6-09cd-5cfd-b1a5-03e96980dfaf	PRIDE/ProteomeXchange	PXD066782	https://proteomecentral.proteomexchange.org/cgi/GetDataset?ID=PXD066782	40839386	R01CA290875	RESOLVES	PRIDE/ProteomeXchange:PXD066782	record names an author of this paper	ProteomeXchange record lists an author of this paper as a submitter	1	no	https://europepmc.org/article/PMC/PMC12513476	Raw proteomic data generated here are deposited in the ProteomeXchange/PRIDE repository (project accession number: PXD066782).
dataset	82bbf82e-1ee5-5795-91b2-db8911259b70	PRIDE/ProteomeXchange	PXD066867	https://proteomecentral.proteomexchange.org/cgi/GetDataset?ID=PXD066867	41142648	R01CA280720	RESOLVES	PRIDE/ProteomeXchange:PXD066867	record names an author of this paper	ProteomeXchange record lists an author of this paper as a submitter	1	no	https://europepmc.org/article/PMC/PMC12550596	All proteomics data have been deposited to the ProteomeXchange Consortium via PRIDE repository under dataset identifier PXD066867.
dataset	5d7eecac-8cb2-55ab-99da-b687c3b69337	PRIDE/ProteomeXchange	PXD067405	https://proteomecentral.proteomexchange.org/cgi/GetDataset?ID=PXD067405	42056084	R01CA291968	RESOLVES	PRIDE/ProteomeXchange:PXD067405	record names an author of this paper	ProteomeXchange record lists an author of this paper as a submitter	1	no	https://europepmc.org/article/PMC/PMC13333801	The mass spectrometry proteomics data generated in this study have been deposited in the ProteomeXchange Consortium via the PRIDE partner repository under accession code PXD067405 <http://proteomecentral.proteomexchange.org/cgi/GetDataset?ID=PXD067405> .
dataset	0a6fe2d3-63f6-5b7d-b0b1-65b1c13c271f	PRIDE/ProteomeXchange	PXD068785	https://proteomecentral.proteomexchange.org/cgi/GetDataset?ID=PXD068785	42092682	R01CA285526;R01CA286443	RESOLVES	PRIDE/ProteomeXchange:PXD068785	record cites this paper	ProteomeXchange record cites this paper	1	no	https://europepmc.org/article/PMC/PMC13241086	The mass spectrometry proteomics data from xenografts have been deposited to the ProteomeXchange Consortium via the PRIDE partner repository with the dataset identifier PXD068785.
dataset	2bf957cd-b7c6-5046-a567-3a27e92ef212	PRIDE/ProteomeXchange	PXD069587	https://proteomecentral.proteomexchange.org/cgi/GetDataset?ID=PXD069587	41120088	R01CA282701	RESOLVES	PRIDE/ProteomeXchange:PXD069587	record cites this paper	ProteomeXchange record cites this paper	1	no	https://europepmc.org/article/PMC/PMC12615362	The mass spectrometry proteomics data have been deposited to the ProteomeXchange Consortium via the PRIDE partner repository with the dataset identified PXD069587.
dataset	ee2e0f67-c45a-5ff1-a255-a64116fcf832	PRIDE/ProteomeXchange	PXD070273	https://proteomecentral.proteomexchange.org/cgi/GetDataset?ID=PXD070273	42370268	R01CA288696	RESOLVES	PRIDE/ProteomeXchange:PXD070273	record names an author of this paper	ProteomeXchange record lists an author of this paper as a submitter	1	no	https://europepmc.org/article/PMC/PMC13308402	The mass spectrometry proteomics data have been deposited to the ProteomeXchange Consortium via the PRIDE repository with the dataset identifier PXD070273.
dataset	c8188cd3-28f5-5f0a-a0dd-94746c400f28	PRIDE/ProteomeXchange	PXD071209	https://proteomecentral.proteomexchange.org/cgi/GetDataset?ID=PXD071209	42303814	R01CA290720	RESOLVES	PRIDE/ProteomeXchange:PXD071209	record cites this paper	ProteomeXchange record cites this paper	1	no	https://europepmc.org/article/PMC/PMC13297525	The mass spectrometry proteomics data have been deposited to the ProteomeXchange Consortium via the PRIDE 86 partner repository with the dataset identifier PXD057059 and 10.6019/PXD057059 or PXD071209 and 10.6019/PXD071209.
dataset	dc82b1bf-4420-5574-879d-0d1fd182865c	PRIDE/ProteomeXchange	PXD074262	https://proteomecentral.proteomexchange.org/cgi/GetDataset?ID=PXD074262	41709670	R01CA284133	RESOLVES	PRIDE/ProteomeXchange:PXD074262	record cites this paper	ProteomeXchange record cites this paper	1	no	https://europepmc.org/article/PMC/PMC13012019	The MS proteomics data have been deposited to the ProteomeXchange Consortium via the PRIDE partner repository with the dataset identifier PXD074262.
dataset	9307e67c-66f7-5f41-a273-74f0aa4c85af	PRIDE/ProteomeXchange	PXD074272	https://proteomecentral.proteomexchange.org/cgi/GetDataset?ID=PXD074272	41857039	R01CA278832;R01CA285684	RESOLVES	PRIDE/ProteomeXchange:PXD074272	record names an author of this paper	ProteomeXchange record lists an author of this paper as a submitter	1	no	https://europepmc.org/article/PMC/PMC13153188	The mass spectrometry proteomics data are available via ProteomeXchange (http://www.proteomexchange.org/) under accession number PXD074272.
dataset	c2540620-a96c-563e-8436-9a3744680a17	PRIDE/ProteomeXchange	PXD075247	https://proteomecentral.proteomexchange.org/cgi/GetDataset?ID=PXD075247	42120500	R01CA290740	RESOLVES	PRIDE/ProteomeXchange:PXD075247	record cites this paper	ProteomeXchange record cites this paper	1	no	https://europepmc.org/article/PMC/PMC13295013	The mass spectrometry data have been deposited to the ProteomeXchange Consortium via the PRIDE 57 partner repository with the dataset identifiers PXD075247, PXD075291, and PXD075307.
dataset	517f734c-cb44-5efd-8ad6-3cdc0de694bc	PRIDE/ProteomeXchange	PXD075291	https://proteomecentral.proteomexchange.org/cgi/GetDataset?ID=PXD075291	42120500	R01CA290740	RESOLVES	PRIDE/ProteomeXchange:PXD075291	record cites this paper	ProteomeXchange record cites this paper	1	no	https://europepmc.org/article/PMC/PMC13295013	The mass spectrometry data have been deposited to the ProteomeXchange Consortium via the PRIDE 57 partner repository with the dataset identifiers PXD075247, PXD075291, and PXD075307.
dataset	8eb571c8-8e8f-5ab7-b085-c15a46be7257	PRIDE/ProteomeXchange	PXD075307	https://proteomecentral.proteomexchange.org/cgi/GetDataset?ID=PXD075307	42120500	R01CA290740	RESOLVES	PRIDE/ProteomeXchange:PXD075307	record cites this paper	ProteomeXchange record cites this paper	1	no	https://europepmc.org/article/PMC/PMC13295013	The mass spectrometry data have been deposited to the ProteomeXchange Consortium via the PRIDE 57 partner repository with the dataset identifiers PXD075247, PXD075291, and PXD075307.
dataset	d4907877-9cdb-54c6-af6c-2d6c377bd1ea	PRIDE/ProteomeXchange	PXD075438	https://proteomecentral.proteomexchange.org/cgi/GetDataset?ID=PXD075438	42265388	R01CA288696	RESOLVES	PRIDE/ProteomeXchange:PXD075438	record names an author of this paper	ProteomeXchange record lists an author of this paper as a submitter	1	no	https://europepmc.org/article/PMC/PMC13303091	Proteomics datasets are available at ProteomeXchange under accession number PXD075438 <http://proteomecentral.proteomexchange.org/cgi/GetDataset?ID=PXD075438> .
dataset	23af19d4-7bd1-562b-ad73-5abde41328dc	PRIDE/ProteomeXchange	PXD075893	https://proteomecentral.proteomexchange.org/cgi/GetDataset?ID=PXD075893	42295240	R01CA279968	RESOLVES	PRIDE/ProteomeXchange:PXD075893	record cites this paper	ProteomeXchange record cites this paper	1	no	https://europepmc.org/article/PMC/PMC13432065	Proteomics data are deposited in ProteomeXchange via the PRIDE repository with identifier PXD075893. mRNA-seq data are deposited in Gene Expression Omnibus with identifier GSE325206.
dataset	8d6c429f-73ed-5104-a251-03f1bd56d172	PRIDE/ProteomeXchange	PXD080885	https://proteomecentral.proteomexchange.org/cgi/GetDataset?ID=PXD080885	42506886	R01CA285415	RESOLVES	PRIDE/ProteomeXchange:PXD080885	record names an author of this paper	ProteomeXchange record lists an author of this paper as a submitter	1	no	https://europepmc.org/article/PMC/PMC13527781	The mass spectrometry proteomics data have been deposited to the MassIVE repository under accession number PXD080885.
dataset	aeeb95c7-b34e-5cb0-996e-0cded16f6b5e	SRA/BioProject	PRJNA1003452	https://www.ncbi.nlm.nih.gov/bioproject/PRJNA1003452	38806707	R01CA276470	RESOLVES	SRA/BioProject:PRJNA1003452	record cites this paper	BioProject record cites this paper	1	no	https://europepmc.org/article/PMC/PMC11374317	The single cell RNA-sequencing data have been deposited at the NCBI Gene Expression Omnibus (GEO) under the GEO accession number GSE262267 and at the Sequence Read Archive (SRA) under SRA accession number PRJNA1003452.
dataset	6eb89dd8-5f51-5cf4-a31d-3594261b5faa	SRA/BioProject	PRJNA1142083	https://www.ncbi.nlm.nih.gov/bioproject/PRJNA1142083	39713466;40633623	R01CA292507	RESOLVES	SRA/BioProject:PRJNA1142083	record cites this paper	BioProject record cites this paper	1	no	https://europepmc.org/article/PMC/PMC11661112	Raw and processed sequencing data are available in the Sequence Read Archive (SRA) at the NCBI Center with the accession number PRJNA1142083 and Gene Expression Omnibus (GEO) with the accession number GSE273626.
dataset	69f1bbd6-205b-5849-9348-0b0a50a55d69	SRA/BioProject	PRJNA1148165	https://www.ncbi.nlm.nih.gov/bioproject/PRJNA1148165	39947133	R01CA288546	RESOLVES	SRA/BioProject:PRJNA1148165	record cites this paper	BioProject record cites this paper	1	no	https://europepmc.org/article/PMC/PMC12268991	Datasets generated in this study, namely gut metagenomic sequencing data from our internal cohort of IBD patients and gut microbiome sequencing data of experimental mice, were deposited to the NCBI BioProject database as PRJNA1148165 and PRJNA1148167, respectively.
dataset	0374a9a2-dce1-55f1-b14f-42faafa4b0fd	SRA/BioProject	PRJNA1148167	https://www.ncbi.nlm.nih.gov/bioproject/PRJNA1148167	39947133	R01CA288546	RESOLVES	SRA/BioProject:PRJNA1148167	record cites this paper	BioProject record cites this paper	1	no	https://europepmc.org/article/PMC/PMC12268991	Datasets generated in this study, namely gut metagenomic sequencing data from our internal cohort of IBD patients and gut microbiome sequencing data of experimental mice, were deposited to the NCBI BioProject database as PRJNA1148165 and PRJNA1148167, respectively.
dataset	56787e32-8354-57b4-9d81-721ddc2da646	SRA/BioProject	PRJNA1186214	https://www.ncbi.nlm.nih.gov/bioproject/PRJNA1186214	40815670	R01CA286615	RESOLVES	SRA/BioProject:PRJNA1186214	record cites this paper	BioProject record cites this paper	1	no	https://europepmc.org/article/PMC/PMC13034498	The Human PDAC scRNAseq data from clinical trial (NCT04536077 <https://clinicaltrials.gov/ct2/show/NCT04536077> ) has been deposited in GEO (GSE283206) and the Sequence Read Archive (SRA PRJNA1186214).
dataset	6a87859d-d1e1-57bb-9d16-878b4cf07566	SRA/BioProject	PRJNA1263489	https://www.ncbi.nlm.nih.gov/bioproject/PRJNA1263489	40675146	R01CA288546	RESOLVES	SRA/BioProject:PRJNA1263489	record cites this paper	BioProject record cites this paper	1	no	https://europepmc.org/article/PMC/PMC12379185	Mouse SI bulk RNA sequencing data | This paper | PRJNA1263489
dataset	35ed8dc9-2d51-5d3c-a899-42c1203fd24e	SRA/BioProject	PRJNA1514747	https://www.ncbi.nlm.nih.gov/bioproject/PRJNA1514747	42623301	R01CA282786	RESOLVES	SRA/BioProject:PRJNA1514747	record names an author of this paper	BioProject record lists an author of this paper as a submitter	1	no	https://europepmc.org/article/PMC/PMC13589411	RNA-sequencing and 16S rRNA sequencing data have been deposited in the NCBI SRA under BioProject PRJNA1514747 (GSE344191) and PRJNA1292859.
dataset	1f7f26a8-6106-5f8e-87d5-4440452e933a	Synapse	syn64780980	https://www.synapse.org/#!Synapse:syn64780980	40299786	R01CA297843	RESOLVES	Synapse:syn64780980	record names an author of this paper	DataCite record lists an author of this paper as a submitter	1	no	https://europepmc.org/article/PMC/PMC13289847	All the images and their annotations at duct or habitat levels are deposited in the physical sciences in oncology network (PSON) and can be accessed at DOI: https://doi.org/10.7303/syn64780980.
dataset	50348923-4015-56af-b666-9acfc2587939	Zenodo	10.5281/zenodo.10020271	https://doi.org/10.5281/zenodo.10020271	39455893	R01CA285544	RESOLVES	Zenodo:10.5281/zenodo.10020271	record names an author of this paper	DataCite record lists an author of this paper as a submitter	1	no	https://europepmc.org/article/PMC/PMC12042221	IMC data files have been deposited and are available via Zenodo at https://doi.org/10.5281/zenodo.10020271 (ref. 69 ).
dataset	bef17678-883e-51c9-b76d-0f8f827bc4d3	Zenodo	10.5281/zenodo.10719296	https://doi.org/10.5281/zenodo.10719296	38738803	R01CA282251	RESOLVES	Zenodo:10.5281/zenodo.10719296	record names an author of this paper	DataCite record lists an author of this paper as a submitter	1	no	https://europepmc.org/article/PMC/PMC11304299	The data that support the findings of this study are openly available in zenodo at https://doi.org/10.5281/zenodo.10719296, reference number 10719296.
dataset	01100411-b31d-59ac-bcde-1f5cb19f18a6	Zenodo	10.5281/zenodo.11034336	https://doi.org/10.5281/zenodo.11034336	40601740	R01CA282251	RESOLVES	Zenodo:10.5281/zenodo.11034336	record names an author of this paper	DataCite record lists an author of this paper as a submitter	1	no	https://europepmc.org/article/PMC/PMC12219486	All raw data files are deposited to Zenodo data repository (DOI: 10.5281/zenodo.11034336 <http://dx.doi.org/10.5281/zenodo.11034336> ).
dataset	a4f577c3-5f2e-51ed-8f39-a1cb5c7cdc2b	Zenodo	10.5281/zenodo.11245094	https://doi.org/10.5281/zenodo.11245094	39169157	R01CA293366	RESOLVES	Zenodo:10.5281/zenodo.11245094	record names an author of this paper	DataCite record lists an author of this paper as a submitter	1	no	https://europepmc.org/article/PMC/PMC11339337	The datasets generated and analyzed as a part of the current study are available via controlled access at 10.5281/zenodo.11245094.
dataset	d2331725-5f0c-51a8-91f1-cbd4c1c81221	Zenodo	10.5281/zenodo.12691492	https://doi.org/10.5281/zenodo.12691492	39363031	R01CA276690	RESOLVES	Zenodo:10.5281/zenodo.12691492	record names an author of this paper	DataCite record lists an author of this paper as a submitter	1	no	https://europepmc.org/article/PMC/PMC11450009	sumanthreddynsr369, Minji Kim, & inyeopjang. hwanglab/HE_IHC_HN_analysis: Integrative Analysis of H&E and IHC Identifies Prognostic Immune Subtypes in HPV Related Oropharyngeal Cancer (Latest). Zenodo. 10.5281/zenodo.12691492 (2024). <10.1038/s43856-024-00604-w> <PMC11450009> <39363031>
dataset	cf6970fd-3317-5642-9cdd-b5282db0bf27	Zenodo	10.5281/zenodo.12725973	https://doi.org/10.5281/zenodo.12725973	39178259	R01CA277728	RESOLVES	Zenodo:10.5281/zenodo.12725973	record names an author of this paper	DataCite record lists an author of this paper as a submitter	1	no	https://europepmc.org/article/PMC/PMC11343024	The patches and the associated tumor segmentation labels (expert-vetted) from our analysis across the entire cohort are available on Zenodo at https://doi.org/10.5281/zenodo.12725973.
dataset	40c91cc0-c40a-573f-a25b-9f123e1a6c96	Zenodo	10.5281/zenodo.12739492	https://doi.org/10.5281/zenodo.12739492	39208801	R01CA289041	RESOLVES	Zenodo:10.5281/zenodo.12739492	record cites this paper	DataCite record cites this paper	1	no	https://europepmc.org/article/PMC/PMC11528240	Zenodo | Zenodo: 12739492; https://doi.org/10.5281/zenodo.12739492
dataset	6104e091-5978-5351-9366-bbd2a2f5cda5	Zenodo	10.5281/zenodo.13145655	https://doi.org/10.5281/zenodo.13145655	39713466;40633623	R01CA292507	RESOLVES	Zenodo:10.5281/zenodo.13145655	record names an author of this paper	DataCite record lists an author of this paper as a submitter	1	no	https://europepmc.org/article/PMC/PMC11661112	All processed data are also available at https://doi.org/10.5281/zenodo.13145655.
dataset	48eb14af-469e-50a6-980e-fc0a2c7d91f3	Zenodo	10.5281/zenodo.13379726	https://doi.org/10.5281/zenodo.13379726	39636224	R01CA281198	RESOLVES	Zenodo:10.5281/zenodo.13379726	record names an author of this paper	DataCite record lists an author of this paper as a submitter	1	no	https://europepmc.org/article/PMC/PMC11831110	Imaging files for ST are available at https://zenodo.org/records/13379726.
dataset	da1a8500-6c57-5824-876b-80ce438eac3f	Zenodo	10.5281/zenodo.13744481	https://doi.org/10.5281/zenodo.13744481	39289340	R01CA282251	RESOLVES	Zenodo:10.5281/zenodo.13744481	record names an author of this paper	DataCite record lists an author of this paper as a submitter	1	no	https://europepmc.org/article/PMC/PMC11408498	Raw data used to generate figures is available through Zendo data repository (10.5281/zenodo.13744481).
dataset	cb4186f1-1866-527c-bc84-17036d2b2879	Zenodo	10.5281/zenodo.14056602	https://doi.org/10.5281/zenodo.14056602	39708803	R01CA300848	RESOLVES	Zenodo:10.5281/zenodo.14056602	record names an author of this paper	DataCite record lists an author of this paper as a submitter	1	no	https://europepmc.org/article/PMC/PMC12273865	FastSPT tracks, FRAP quantification, absolute abundance quantification, and DESeq2 outputs have been deposited at Zenodo and are publicly available with DOI 10.5281/zenodo.14056602.
dataset	f9ac6a3c-d885-5f1c-87d1-f442a8da0397	Zenodo	10.5281/zenodo.14199536	https://doi.org/10.5281/zenodo.14199536	39636224	R01CA281198	RESOLVES	Zenodo:10.5281/zenodo.14199536	record cites this paper	DataCite record cites this paper	1	no	https://europepmc.org/article/PMC/PMC11831110	Processed data used to generate figures are available at https://zenodo.org/records/14199536 or through contacting the corresponding author.
dataset	3cddadab-58c3-52f2-92d7-ca313c2ccd20	Zenodo	10.5281/zenodo.14212426	https://doi.org/10.5281/zenodo.14212426	40102678	R01CA288696	RESOLVES	Zenodo:10.5281/zenodo.14212426	record names an author of this paper	DataCite record lists an author of this paper as a submitter	1	no	https://europepmc.org/article/PMC/PMC12065415	Raw data in .csv format are available via Zenodo at https://doi.org/10.5281/zenodo.14212426 (ref. 47 ) and in imzML format are available at https://sunlabresources.rc.ufl.edu <https://sunlabresources.rc.ufl.edu/> .
dataset	3d3f2ebe-8640-53fb-a5a4-e60250333212	Zenodo	10.5281/zenodo.14269963	https://doi.org/10.5281/zenodo.14269963	39905260	R01CA279054	RESOLVES	Zenodo:10.5281/zenodo.14269963	record names an author of this paper	DataCite record lists an author of this paper as a submitter	1	no	https://europepmc.org/article/PMC/PMC12765479	BlohmerM. Quantifying cell divisions along evolutionary lineages in cancer. Zenodo 10.5281/zenodo.14269963 (2024).PMC1276547939905260
dataset	1aab778e-6912-5e70-b1e9-c630768c4257	Zenodo	10.5281/zenodo.14600051	https://doi.org/10.5281/zenodo.14600051	42380620	R01CA300848	RESOLVES	Zenodo:10.5281/zenodo.14600051	record names an author of this paper	DataCite record lists an author of this paper as a submitter	1	no	https://europepmc.org/article/PMC/PMC13523127	Data files for downstream analyses can be found on Zenodo at https://doi.org/10.5281/zenodo.14600051.
dataset	a64a9c87-e961-575f-9b39-80d1b41fa864	Zenodo	10.5281/zenodo.14755936	https://doi.org/10.5281/zenodo.14755936	40258833	R01CA293602	RESOLVES	Zenodo:10.5281/zenodo.14755936	record names an author of this paper	DataCite record lists an author of this paper as a submitter	1	no	https://europepmc.org/article/PMC/PMC12012091	Ho, W. J. CyTOF dataset for Age-related divergence of circulating immune responses in patients with solid tumors treated with immune checkpoint inhibitors. Zenodo 10.5281/ZENODO.14755936 (2025). <10.1038/s41467-025-58512-z> <PMC12012091> <40258833>
dataset	12911200-44a3-575c-8153-d3e8eee13f90	Zenodo	10.5281/zenodo.14854259	https://doi.org/10.5281/zenodo.14854259	40179192	R01CA292941	RESOLVES	Zenodo:10.5281/zenodo.14854259	record names an author of this paper	DataCite record lists an author of this paper as a submitter	1	no	https://europepmc.org/article/PMC/PMC12168499	Martin-Rufino JD, Caulier A, Lee S, Castano N, King E, Joubran S, Jones M, Goldman S, Arora U, Wahlster L, Lander ES, Sankaran VG, sankaranlab/perturb_multiome. Zenodo doi: 10.5281/zenodo.14854259 (2025). <10.5281/zenodo.14854259> <PMC12168499> <40179192>
dataset	ebfe5832-5048-5b2c-ae6a-dfc33aee1472	Zenodo	10.5281/zenodo.14963466	https://doi.org/10.5281/zenodo.14963466	41134634	R01CA282251	RESOLVES	Zenodo:10.5281/zenodo.14963466	record names an author of this paper	DataCite record lists an author of this paper as a submitter	1	no	https://europepmc.org/article/PMC/PMC12582283	All raw data files are deposited to Zenodo data repository (DOI: 10.5281/zenodo.14963466 <https://doi.org/10.5281/zenodo.14963466> ) ( 87 ).
dataset	2cddabc4-6851-5eb9-9cae-930b5898b73d	Zenodo	10.5281/zenodo.14999289	https://doi.org/10.5281/zenodo.14999289	41264241	R01CA284172	RESOLVES	Zenodo:10.5281/zenodo.14999289	record names an author of this paper	DataCite record lists an author of this paper as a submitter	1	no	https://europepmc.org/article/PMC/PMC12664012	Data of CKI and fCKI can be found at https://zenodo.org/records/14999289( 73 ).
dataset	67f2ebfd-a1d7-55de-b982-4cbf4e1e75b4	Zenodo	10.5281/zenodo.15040179	https://doi.org/10.5281/zenodo.15040179	40341143	R01CA274251	RESOLVES	Zenodo:10.5281/zenodo.15040179	record names an author of this paper	DataCite record lists an author of this paper as a submitter	1	no	https://europepmc.org/article/PMC/PMC12062461	The datasets for the cell clustering benchmark are summarized in Supplementary Table 1 and are available at Zenodo (10.5281/zenodo.15040179).
dataset	9287ed5d-b3f4-5535-94a7-82b56fd20c32	Zenodo	10.5281/zenodo.15164947	https://doi.org/10.5281/zenodo.15164947	40954300	R01CA276690	RESOLVES	Zenodo:10.5281/zenodo.15164947	record names an author of this paper	DataCite record lists an author of this paper as a submitter	1	no	https://europepmc.org/article/PMC/PMC12443328	(3) 10x Xenium spatial transcriptomics data from a healthy human gastric patient, normal sample (Gastric Patient 2, Normal 2) (10.5281/zenodo.15164947).
dataset	dadf95c4-5cf8-5809-9afb-2741d4da38d5	Zenodo	10.5281/zenodo.15164978	https://doi.org/10.5281/zenodo.15164978	40954300	R01CA276690	RESOLVES	Zenodo:10.5281/zenodo.15164978	record names an author of this paper	DataCite record lists an author of this paper as a submitter	1	no	https://europepmc.org/article/PMC/PMC12443328	(2) 10x Xenium spatial transcriptomics data from a human patient with gastric cancer, normal sample (Gastric Patient 1, Normal 1) (IRB no. 30-2023-1 (10.5281/zenodo.15164978)).
dataset	796f2f03-0c78-55f0-8706-5afccecea082	Zenodo	10.5281/zenodo.15164980	https://doi.org/10.5281/zenodo.15164980	40954300	R01CA276690	RESOLVES	Zenodo:10.5281/zenodo.15164980	record names an author of this paper	DataCite record lists an author of this paper as a submitter	1	no	https://europepmc.org/article/PMC/PMC12443328	We analyzed the following datasets in this study: (1) 10x Xenium spatial transcriptomics data from a human patient with gastric cancer, tumor sample (Gastric Patient 1, Tumor) (IRB no. 30-2023-1 (10.5281/zenodo.15164980)).
dataset	10f2b14c-be0b-5398-b502-dca85a47d2d6	Zenodo	10.5281/zenodo.15224641	https://doi.org/10.5281/zenodo.15224641	40355410	R01CA288696	RESOLVES	Zenodo:10.5281/zenodo.15224641	record names an author of this paper	DataCite record lists an author of this paper as a submitter	1	no	https://europepmc.org/article/PMC/PMC12069719	Example datasets in txt format are provided via https://zenodo.org/records/15224641.
dataset	4b19dd10-da26-5279-9532-2404251af6b5	Zenodo	10.5281/zenodo.15298484	https://doi.org/10.5281/zenodo.15298484	40385416	R01CA285997	RESOLVES	Zenodo:10.5281/zenodo.15298484	record names this award	DataCite record names award R01CA285997	1	no	https://europepmc.org/article/PMC/PMC12083587	Supplementary data is available in Zenodo doi:10.5281/zenodo.15298484.
dataset	01a01160-207b-590f-b0f6-6cf4e88cf618	Zenodo	10.5281/zenodo.15299993	https://doi.org/10.5281/zenodo.15299993	40654659	R01CA300848	RESOLVES	Zenodo:10.5281/zenodo.15299993	record names an author of this paper	DataCite record lists an author of this paper as a submitter	1	no	https://europepmc.org/article/PMC/PMC12247674	Cleopatra predictions (500bp and 2kb) can be found on Zenodo at https://zenodo.org/records/15299993.
dataset	5521c9ff-eab0-57e8-9d68-2ace35ea96e9	Zenodo	10.5281/zenodo.15303879	https://doi.org/10.5281/zenodo.15303879	40654659	R01CA300848	RESOLVES	Zenodo:10.5281/zenodo.15303879	record names an author of this paper	DataCite record lists an author of this paper as a submitter	1	no	https://europepmc.org/article/PMC/PMC12247674	All processed files for RCMC and Micro-C can be found on Zenodo at https://zenodo.org/records/15303879.
dataset	65764ce9-187d-539c-bc63-408b2c17138f	Zenodo	10.5281/zenodo.15369544	https://doi.org/10.5281/zenodo.15369544	40463058	R01CA300848	RESOLVES	Zenodo:10.5281/zenodo.15369544	record names this award	DataCite record names award R01CA300848	1	no	https://europepmc.org/article/PMC/PMC12132355	The raw trajectory data are available through Zenodo (DOI:10.5281/zenodo.15369544).
dataset	5fda534d-a1ca-5154-9c57-7b1871241979	Zenodo	10.5281/zenodo.15519076	https://doi.org/10.5281/zenodo.15519076	41172996	R01CA285454	RESOLVES	Zenodo:10.5281/zenodo.15519076	record names an author of this paper	DataCite record lists an author of this paper as a submitter	1	no	https://europepmc.org/article/PMC/PMC12711661	All processed gene expression data are available at Zenodo (https://doi.org/10.5281/zenodo.15519076).
dataset	592584bc-6f5a-5a23-b235-cfc8e1efa447	Zenodo	10.5281/zenodo.15650948	https://doi.org/10.5281/zenodo.15650948	40645179	R01CA279391	RESOLVES	Zenodo:10.5281/zenodo.15650948	record names an author of this paper	DataCite record lists an author of this paper as a submitter	1	no	https://europepmc.org/article/PMC/PMC12351686	Data S1 - S5 are available on Zenodo at https://doi.org/10.5281/zenodo.15650948.
dataset	27858de5-cdcf-531f-9989-fc76a5d6e71e	Zenodo	10.5281/zenodo.15659783	https://doi.org/10.5281/zenodo.15659783	40680117	R01CA285336	RESOLVES	Zenodo:10.5281/zenodo.15659783	record names an author of this paper	DataCite record lists an author of this paper as a submitter	1	no	https://europepmc.org/article/PMC/PMC12273761	The pretrained model and dataset used for validating the model are also available at https://zenodo.org/records/15659784 (10.5281/zenodo.15659783 <http://dx.doi.org/10.5281/zenodo.15659783> ).
dataset	36e34f99-be76-57d6-a7f2-a701021f2fbf	Zenodo	10.5281/zenodo.15659784	https://doi.org/10.5281/zenodo.15659784	40680117	R01CA285336	RESOLVES	Zenodo:10.5281/zenodo.15659784	record names an author of this paper	DataCite record lists an author of this paper as a submitter	1	no	https://europepmc.org/article/PMC/PMC12273761	The pretrained model and dataset used for validating the model are also available at https://zenodo.org/records/15659784 (10.5281/zenodo.15659783 <http://dx.doi.org/10.5281/zenodo.15659783> ).
dataset	937f6ba7-d498-5d34-88fe-3e278a99af32	Zenodo	10.5281/zenodo.15670280	https://doi.org/10.5281/zenodo.15670280	41202811	R01CA287734	RESOLVES	Zenodo:10.5281/zenodo.15670280	record names an author of this paper	DataCite record lists an author of this paper as a submitter	1	no	https://europepmc.org/article/PMC/PMC12980502	Processed human data is available in GEO (datasets GSE307534, GSE308103, GSE307529) and Zenodo (10.5281/zenodo.15670280).
dataset	a7c9850e-bace-577a-afcf-a74ec2035ecb	Zenodo	10.5281/zenodo.15677384	https://doi.org/10.5281/zenodo.15677384	40581663	R01CA288145	RESOLVES	Zenodo:10.5281/zenodo.15677384	record names an author of this paper	DataCite record lists an author of this paper as a submitter	1	no	https://europepmc.org/article/PMC/PMC12205505	Lin B, Shelton AK, Smithberger E, Ziebro J, Skinner KR, Bash RE, Kirkman R, Stamper A, Butler M, Flores A, Angus SP, East MP, Cloughesy TF, Lasseigne BN, Willey CD, Johnson GL, Hjelmeland AB, Furnari FB, Miller CR (2025) benlin-UAB/2025_Lin_ComboSyntheticLethality_Manuscript. Zenodo. 10.5281/zenodo…
dataset	8f5d4bdc-7fca-563d-a52c-e9d925c1e06b	Zenodo	10.5281/zenodo.15857303	https://doi.org/10.5281/zenodo.15857303	40963028	R01CA262134	RESOLVES	Zenodo:10.5281/zenodo.15857303	record names an author of this paper	DataCite record lists an author of this paper as a submitter	1	no	https://europepmc.org/article/PMC/PMC12589105	All scRNA-seq data have been deposited at the GEO (GSE279200 <https://www.ncbi.nlm.nih.gov/geo/query/acc.cgi?acc=GSE279200> ) and are available at Zenodo (10.5281/zenodo.15857303) 90 .
dataset	e3ce3638-7383-5f8b-a11f-8847c7dd4d6b	Zenodo	10.5281/zenodo.16876764	https://doi.org/10.5281/zenodo.16876764	40972572	R01CA280560	RESOLVES	Zenodo:10.5281/zenodo.16876764	record names an author of this paper	DataCite record lists an author of this paper as a submitter	1	no	https://europepmc.org/article/PMC/PMC12453603	Spatial transcriptomics and proteomics data have been deposited at Zenodo and are publicly available under the accession number: 10.5281/zenodo.16876764.
dataset	d02c2b57-14a7-5ca0-a275-083694815af2	Zenodo	10.5281/zenodo.16907365	https://doi.org/10.5281/zenodo.16907365	41000911;41903119	R01CA282251	RESOLVES	Zenodo:10.5281/zenodo.16907365	record cites this paper	DataCite record cites this paper	1	no	https://europepmc.org/article/PMC/PMC12458174	The data supporting the findings of this study are available at the Zenodo repository: 10.5281/zenodo.16907365
dataset	084e14c0-0f3e-5d07-b817-602ed40e19f3	Zenodo	10.5281/zenodo.17102186	https://doi.org/10.5281/zenodo.17102186	41105672	R01CA290780	RESOLVES	Zenodo:10.5281/zenodo.17102186	record names an author of this paper	DataCite record lists an author of this paper as a submitter	1	no	https://europepmc.org/article/PMC/PMC12757723	Processed data used to generate figures are available at https://zenodo.org/records/17102186.
dataset	02d854ba-17fe-5b23-ba1d-630c16c8603e	Zenodo	10.5281/zenodo.17314594	https://doi.org/10.5281/zenodo.17314594	41469373	R01CA282810;R01CA286615	RESOLVES	Zenodo:10.5281/zenodo.17314594	record names this award	DataCite record names award R01CA282810	1	no	https://europepmc.org/article/PMC/PMC12848019	Stewart, S. Chemotherapy-induced adipo-lineage cell senescence drives bone loss. Nat. Commun.10.5281/zenodo.17314594 (2025). <10.1038/s41467-025-67793-3> <PMC12848019> <41469373>
dataset	a253f9f8-8e7a-50b3-9951-de94b84ee1c2	Zenodo	10.5281/zenodo.17402387	https://doi.org/10.5281/zenodo.17402387	41981312	R01CA297832	RESOLVES	Zenodo:10.5281/zenodo.17402387	record names an author of this paper	DataCite record lists an author of this paper as a submitter	1	no	https://europepmc.org/article/PMC/PMC13229611	JunW. Phenotypic prediction of missense variants (dataset). Zenodo 10.5281/zenodo.17402387 (2025).
dataset	6e55b046-06be-5b80-a8cd-e199462db5b9	Zenodo	10.5281/zenodo.17402388	https://doi.org/10.5281/zenodo.17402388	41981312	R01CA297832	RESOLVES	Zenodo:10.5281/zenodo.17402388	record names an author of this paper	DataCite record lists an author of this paper as a submitter	1	no	https://europepmc.org/article/PMC/PMC13229611	Processed datasets are provided in Zenodo at https://zenodo.org/records/17402388 (ref. 91 ).
dataset	52624d3e-a9ae-5185-8f60-c54f796b8eb9	Zenodo	10.5281/zenodo.17402573	https://doi.org/10.5281/zenodo.17402573	41981312	R01CA297832	RESOLVES	Zenodo:10.5281/zenodo.17402573	record names an author of this paper	DataCite record lists an author of this paper as a submitter	1	no	https://europepmc.org/article/PMC/PMC13229611	JunW. Phenotypic prediction of missense variants (high-confidence predictions). Zenodo 10.5281/zenodo.17402573 (2025).
dataset	6dffbaf8-da9f-558c-8dec-d06f9d70d650	Zenodo	10.5281/zenodo.17402574	https://doi.org/10.5281/zenodo.17402574	41981312	R01CA297832	RESOLVES	Zenodo:10.5281/zenodo.17402574	record names an author of this paper	DataCite record lists an author of this paper as a submitter	1	no	https://europepmc.org/article/PMC/PMC13229611	The high-confidence phenotypic predictions by PheMART are available in Zenodo at https://zenodo.org/records/17402574 (ref. 92 ) and are also visualized by genes, phenotypes and protein domains on https://shiny.parse-health.org/PheMART/.
dataset	ecd37589-accb-5560-b504-ada15e18276f	Zenodo	10.5281/zenodo.17604401	https://doi.org/10.5281/zenodo.17604401	41422272	R01CA282785;R01CA288692	RESOLVES	Zenodo:10.5281/zenodo.17604401	record names this award	DataCite record names award R01CA288692	1	no	https://europepmc.org/article/PMC/PMC12830848	Public access to the scRNA-seq data for the profiled patient derived organoid models has been deposited in the cellxgene database :(https://cellxgene.cziscience.com/collections/8a05eaf6-5680-41f2-9be7-eddc383b178a <https://urldefense.com/v3/__https:/cellxgene.cziscience.com/collections/8a05eaf6-568…
dataset	f5c991f0-ff79-57ee-b24c-fcf97c30bb37	Zenodo	10.5281/zenodo.17969754	https://doi.org/10.5281/zenodo.17969754	41577698	R01CA279520;R01CA290112	RESOLVES	Zenodo:10.5281/zenodo.17969754	record names an author of this paper	DataCite record lists an author of this paper as a submitter	1	no	https://europepmc.org/article/PMC/PMC12932711	Processed, aggregate-level summary statistics generated in this study have been deposited in Zenodo, including epigenome-wide association results for CMRFs (10.5281/zenodo.17969754) 53 and DNAm-treatment association results (10.5281/zenodo.17970459) 54 .
dataset	3b4e3eb9-9b83-5560-9b9e-458c4968adf6	Zenodo	10.5281/zenodo.17970459	https://doi.org/10.5281/zenodo.17970459	41577698	R01CA279520;R01CA290112	RESOLVES	Zenodo:10.5281/zenodo.17970459	record names an author of this paper	DataCite record lists an author of this paper as a submitter	1	no	https://europepmc.org/article/PMC/PMC12932711	Processed, aggregate-level summary statistics generated in this study have been deposited in Zenodo, including epigenome-wide association results for CMRFs (10.5281/zenodo.17969754) 53 and DNAm-treatment association results (10.5281/zenodo.17970459) 54 .
dataset	79be99c3-39d2-5698-b336-4b92db82e5f2	Zenodo	10.5281/zenodo.17992640	https://doi.org/10.5281/zenodo.17992640	41546063	R01CA292941	RESOLVES	Zenodo:10.5281/zenodo.17992640	record names an author of this paper	DataCite record lists an author of this paper as a submitter	1	no	https://europepmc.org/article/PMC/PMC12892447	Safina KR, van Galen P. An inflammatory and quiescent HSC subpopulation expands with age in humans. 2025. Zenodo. 10.5281/zenodo.17992640. <10.1186/s13059-026-03936-z> <PMC12892447> <41546063>
dataset	3c40c752-4037-5269-ac90-bbc5ca544785	Zenodo	10.5281/zenodo.18157069	https://doi.org/10.5281/zenodo.18157069	41726948	R01CA282027	RESOLVES	Zenodo:10.5281/zenodo.18157069	record names an author of this paper	DataCite record lists an author of this paper as a submitter	1	no	https://europepmc.org/article/PMC/PMC12918938	The processed integrated human or mouse scRNA-seq object of tumor-infiltrating DCs and processed CODEX AnnData files are publicly available on https://zenodo.org <https://zenodo.org/> with the DOI: 10.5281/zenodo.18157069.
dataset	38c4a900-047f-5e0c-b5b4-10709aee1eda	Zenodo	10.5281/zenodo.18191322	https://doi.org/10.5281/zenodo.18191322	41615750	R01CA282251	RESOLVES	Zenodo:10.5281/zenodo.18191322	record names an author of this paper	DataCite record lists an author of this paper as a submitter	1	no	https://europepmc.org/article/PMC/PMC12867753	All raw datafiles are deposited to Zenodo data repository (https://doi.org/10.5281/zenodo.18191322) ( 70 ).
dataset	eb14d971-c6c9-5de9-b414-9bf296068a59	Zenodo	10.5281/zenodo.18293054	https://doi.org/10.5281/zenodo.18293054	42082828	R01CA300848	RESOLVES	Zenodo:10.5281/zenodo.18293054	record names this award	DataCite record names award R01CA300848	1	no	https://europepmc.org/article/PMC/PMC13419685	The raw and processed trajectory data are available through Zenodo (DOI:10.5281/zenodo.18293054) 97 .
dataset	042baf58-c334-5dc2-975b-76e5afd73bfc	Zenodo	10.5281/zenodo.18903315	https://doi.org/10.5281/zenodo.18903315	42068976	R01CA292941	RESOLVES	Zenodo:10.5281/zenodo.18903315	record names an author of this paper	DataCite record lists an author of this paper as a submitter	1	no	https://europepmc.org/article/PMC/PMC13138457	Raw DMS-seq sequencing data generated in this study have been deposited in Zenodo (10.5281/zenodo.18903315 <https://doi.org/10.5281/zenodo.18903315> ).
dataset	52622ce1-ccb6-5424-b92a-9c148d703073	Zenodo	10.5281/zenodo.19244502	https://doi.org/10.5281/zenodo.19244502	42082828	R01CA300848	RESOLVES	Zenodo:10.5281/zenodo.19244502	record names an author of this paper	DataCite record lists an author of this paper as a submitter	1	no	https://europepmc.org/article/PMC/PMC13419685	MazzoccaM, NarducciD, Grosse-HolzS, MatthiasJ & HansenAS ahansenlab/chromatin_dynamics: v2.0 Mar. 2026. https://zenodo.org/records/19244502 (2026).
dataset	62eb4662-15c7-546b-a0f3-83d91bf019a1	Zenodo	10.5281/zenodo.19383679	https://doi.org/10.5281/zenodo.19383679	42646357	R01CA291771	RESOLVES	Zenodo:10.5281/zenodo.19383679	record names an author of this paper	DataCite record lists an author of this paper as a submitter	1	no	https://europepmc.org/article/PMC/PMC13516847	The original data presented in the study are openly available in Zenodo at DOI: 10.5281/zenodo.19383679.
dataset	7e951909-8864-5331-bd9c-d0dc501c5cfe	Zenodo	10.5281/zenodo.20263843	https://doi.org/10.5281/zenodo.20263843	42302781	R01CA285456;R01CA290715	RESOLVES	Zenodo:10.5281/zenodo.20263843	record names an author of this paper	DataCite record lists an author of this paper as a submitter	1	no	https://europepmc.org/article/PMC/PMC13345706	The CODEX data and matched H&E images generated in this study are deposited in Zenodo (https://zenodo.org/records/20263843).
dataset	ab21bd75-43ab-5c7f-86af-61372767f7ce	ArrayExpress	E-MTAB-13891	https://www.ebi.ac.uk/biostudies/studies/E-MTAB-13891	41295950	R01CA278976	RESOLVES	ArrayExpress:E-MTAB-13891	paper only (repository record not read)		2	no	https://europepmc.org/article/PMC/PMC12651234	The scRNA-seq data generated in this study have been deposited in the BioStudies database (https://www.ebi.ac.uk/biostudies/) and are available under the accession codes E-MTAB-13891 and E-MTAB-15366.
dataset	41e93960-dfdb-5530-b038-259fe4a10088	ArrayExpress	E-MTAB-15366	https://www.ebi.ac.uk/biostudies/studies/E-MTAB-15366	41295950	R01CA278976	RESOLVES	ArrayExpress:E-MTAB-15366	paper only (repository record not read)		2	no	https://europepmc.org/article/PMC/PMC12651234	The scRNA-seq data generated in this study have been deposited in the BioStudies database (https://www.ebi.ac.uk/biostudies/) and are available under the accession codes E-MTAB-13891 and E-MTAB-15366.
dataset	43782ed8-528d-5ad1-a14e-ff7d8f8bdecb	CELLxGENE	cellxgene.cziscience.com/collections/8a05eaf6-5680-41f2-9be7-eddc383b178a	https://cellxgene.cziscience.com/collections/8a05eaf6-5680-41f2-9be7-eddc383b178a	41422272	R01CA282785;R01CA288692	RESOLVES	CELLxGENE:cellxgene.cziscience.com/collections/8a05eaf6-5680-41f2-9be7-eddc383b178a	paper only (repository record not read)		2	no	https://europepmc.org/article/PMC/PMC12830848	Public access to the scRNA-seq data for the profiled patient derived organoid models has been deposited in the cellxgene database :(https://cellxgene.cziscience.com/collections/8a05eaf6-5680-41f2-9be7-eddc383b178a <https://urldefense.com/v3/__https:/cellxgene.cziscience.com/collections/8a05eaf6-568…
dataset	58b2b280-610f-584b-9093-6bc5d828457f	EGA	EGAD00001008487	https://ega-archive.org/datasets/EGAD00001008487	39020220	R01CA282005	RESOLVES	EGA:EGAD00001008487	paper only (repository record not read)		2	no	https://europepmc.org/article/PMC/PMC11319208	EGAS00001004942 <https://ega-archive.org/studies/EGAS00001004942> , EGAS00001006604 <https://ega-archive.org/studies/EGAS00001006604> , EGAD00001008487 <https://ega-archive.org/datasets/EGAD00001008487> , EGAS00001006649 <https://ega-archive.org/studies/EGAS00001006649> and EGAD00001009065 <https:/…
dataset	05660eb5-52fb-5b8c-8eda-6adf7d7824b9	EGA	EGAD00001009065	https://ega-archive.org/datasets/EGAD00001009065	39020220	R01CA282005	RESOLVES	EGA:EGAD00001009065	paper only (repository record not read)		2	no	https://europepmc.org/article/PMC/PMC11319208	EGAS00001004942 <https://ega-archive.org/studies/EGAS00001004942> , EGAS00001006604 <https://ega-archive.org/studies/EGAS00001006604> , EGAD00001008487 <https://ega-archive.org/datasets/EGAD00001008487> , EGAS00001006649 <https://ega-archive.org/studies/EGAS00001006649> and EGAD00001009065 <https:/…
dataset	0af27264-c688-561f-aecb-2fe44c02ea0a	EGA	EGAD00010002669	https://ega-archive.org/datasets/EGAD00010002669	41544627	R01CA288696	RESOLVES	EGA:EGAD00010002669	paper only (repository record not read)		2	no	https://europepmc.org/article/PMC/PMC13418108	For the methylome raw data, the accession number is EGAD00010002669; for newly generated bulk RNA-seq raw data, the accession number is EGAD50000000600.
dataset	a424d425-617a-52ca-90a5-5e0d87f96cf9	EGA	EGAD50000000600	https://ega-archive.org/datasets/EGAD50000000600	41544627	R01CA288696	RESOLVES	EGA:EGAD50000000600	paper only (repository record not read)		2	no	https://europepmc.org/article/PMC/PMC13418108	For the methylome raw data, the accession number is EGAD00010002669; for newly generated bulk RNA-seq raw data, the accession number is EGAD50000000600.
dataset	5110c656-2e68-5d49-86d4-3712a9558fa3	EGA	EGAD50000000982	https://ega-archive.org/datasets/EGAD50000000982	40064858	R01CA285772	RESOLVES	EGA:EGAS50000000702	paper only (repository record not read)		2	no	https://europepmc.org/article/PMC/PMC11893795	The mapped RNA-sequencing data in BAM format have been deposited under study EGAS50000000702 <https://ega-archive.org/studies/EGAS50000000702> with accession number EGAD50000000982 <https://ega-archive.org/datasets/EGAD50000000982> .
dataset	26f914e6-6e79-5207-a33d-2947e6a696a8	EGA	EGAD50000001626	https://ega-archive.org/datasets/EGAD50000001626	41038821	R01CA285772	RESOLVES	EGA:EGAS50000001132	paper only (repository record not read)		2	no	https://europepmc.org/article/PMC/PMC12491615	The additional 70 SAPCS germline whole genome data has been deposited under the overarching study EGAS50000001132 [https://submission.ega-archive.org/submissions/EGA50000001053] and dataset EGAD50000001626 [https://submission.ega-archive.org/submissions/EGA50000001053/datasets].
dataset	c7145365-6b40-5f4d-8aa5-d4c79de01b34	EGA	EGAS00001002876	https://ega-archive.org/studies/EGAS00001002876	42716948	R01CA285772	RESOLVES	EGA:EGAS00001002876	paper only (repository record not read)		2	no	https://europepmc.org/article/PMC/PMC13558581	Raw genome sequencing data have been deposited in the European Genome-Phenome 1360 Archive (EGA) under the study ID EGAS00001002876 <https://ega-archive.org/studies/EGAS00001002876> and is described in the Reporting Summary and our companion manuscript 29 .
dataset	23d789ad-2e27-557b-b04e-e849f9d20296	EGA	EGAS00001003333	https://ega-archive.org/studies/EGAS00001003333	41728338	R01CA283333	RESOLVES	EGA:EGAS00001003333	paper only (repository record not read)		2	no	https://europepmc.org/article/PMC/PMC12919121	The RNA-seq data are deposited in the European Genome Phenome Archive (EGA) under dataset ID: EGAS00001003333.
dataset	65d0cf7c-5c37-5113-87f4-e34afe64e4f1	EGA	EGAS00001004942	https://ega-archive.org/studies/EGAS00001004942	39020220	R01CA282005	RESOLVES	EGA:EGAS00001004942	paper only (repository record not read)		2	no	https://europepmc.org/article/PMC/PMC11319208	EGAS00001004942 <https://ega-archive.org/studies/EGAS00001004942> , EGAS00001006604 <https://ega-archive.org/studies/EGAS00001006604> , EGAD00001008487 <https://ega-archive.org/datasets/EGAD00001008487> , EGAS00001006649 <https://ega-archive.org/studies/EGAS00001006649> and EGAD00001009065 <https:/…
dataset	37b1a7e8-f023-58b0-9805-fcfecc4134a2	EGA	EGAS00001006604	https://ega-archive.org/studies/EGAS00001006604	39020220	R01CA282005	RESOLVES	EGA:EGAS00001006604	paper only (repository record not read)		2	no	https://europepmc.org/article/PMC/PMC11319208	EGAS00001004942 <https://ega-archive.org/studies/EGAS00001004942> , EGAS00001006604 <https://ega-archive.org/studies/EGAS00001006604> , EGAD00001008487 <https://ega-archive.org/datasets/EGAD00001008487> , EGAS00001006649 <https://ega-archive.org/studies/EGAS00001006649> and EGAD00001009065 <https:/…
dataset	601604eb-047d-5ef1-a101-ae028f69fb1c	EGA	EGAS00001006649	https://ega-archive.org/studies/EGAS00001006649	39020220	R01CA282005	RESOLVES	EGA:EGAS00001006649	paper only (repository record not read)		2	no	https://europepmc.org/article/PMC/PMC11319208	EGAS00001004942 <https://ega-archive.org/studies/EGAS00001004942> , EGAS00001006604 <https://ega-archive.org/studies/EGAS00001006604> , EGAD00001008487 <https://ega-archive.org/datasets/EGAD00001008487> , EGAS00001006649 <https://ega-archive.org/studies/EGAS00001006649> and EGAD00001009065 <https:/…
dataset	a60a76ea-9c60-5c42-8610-b47f915ae929	EGA	EGAS50000000702	https://ega-archive.org/studies/EGAS50000000702	40064858	R01CA285772	RESOLVES	EGA:EGAS50000000702	paper only (repository record not read)		2	no	https://europepmc.org/article/PMC/PMC11893795	The mapped RNA-sequencing data in BAM format have been deposited under study EGAS50000000702 <https://ega-archive.org/studies/EGAS50000000702> with accession number EGAD50000000982 <https://ega-archive.org/datasets/EGAD50000000982> .
dataset	58dd2972-e52b-5901-808b-ccea94e1a95a	EGA	EGAS50000001132	https://ega-archive.org/studies/EGAS50000001132	41038821	R01CA285772	RESOLVES	EGA:EGAS50000001132	paper only (repository record not read)		2	no	https://europepmc.org/article/PMC/PMC12491615	The additional 70 SAPCS germline whole genome data has been deposited under the overarching study EGAS50000001132 [https://submission.ega-archive.org/submissions/EGA50000001053] and dataset EGAD50000001626 [https://submission.ega-archive.org/submissions/EGA50000001053/datasets].
dataset	72fd6145-a66a-5235-b9bc-502be6fa6e55	EGA	EGAS50000001457	https://ega-archive.org/studies/EGAS50000001457	41791379	R01CA259372	RESOLVES	EGA:EGAS50000001457	paper only (repository record not read)		2	no	https://europepmc.org/article/PMC/PMC13123407	Single-nuclei/cell RNA-seq, bulk RNA-seq, ATAC-seq, and array-based DNA methylation datasets described in this study have been deposited and are publicly available in EGA or GEO under the accession codes EGAS50000001457, GSE273440, GSE275306, GSE318234, GSE312950.
dataset	d6e8ec47-68cf-5bc5-b63e-6d769f8d163b	EGA	EGAS50000001596	https://ega-archive.org/studies/EGAS50000001596	41671559	R01CA279391	RESOLVES	EGA:EGAS50000001596	paper only (repository record not read)		2	no	https://europepmc.org/article/PMC/PMC13179055	The single-cell RNA, BCR, and TCR sequencing data generated in this study have been deposited in the European Genome-phenome Archive (EGA; https://ega-archive.org/) under accession number EGAS50000001596.
dataset	9eab76db-30b6-59e8-af4b-7aaf8bca45d3	Figshare	figshare.com/s/b5652eb7712fa83cf8bc	https://figshare.com/s/b5652eb7712fa83cf8bc	41662167	R01CA297843	RESOLVES	Figshare:figshare.com/s/b5652eb7712fa83cf8bc	paper only		2	no	https://europepmc.org/article/PMC/PMC13055434	Protein-based immune histochemistry and Immunofluorescent intensity (x,y) coordinate point cloud data have been uploaded to Figshare: (https://figshare.com/s/b5652eb7712fa83cf8bc) as previously described ( 22 ).
dataset	de377c68-8ace-561b-b629-dfdba4fee013	Figshare	figshare.com/s/f39c893a85928aefd10c	https://figshare.com/s/f39c893a85928aefd10c	41034556	R01CA291771	RESOLVES	Figshare:figshare.com/s/f39c893a85928aefd10c	paper only		2	no	https://europepmc.org/article/PMC/PMC12488850	The basecalling sequencing summary files were uploaded to Figshare: https://figshare.com/s/f39c893a85928aefd10c, (10.25422/azu.data.29429399.v1) and the associated metadata is provided in Table S4 .
dataset	9cd5bd3d-a115-569b-9d9c-c1e9308f7b15	GEO	GSE199785	https://www.ncbi.nlm.nih.gov/geo/query/acc.cgi?acc=GSE199785	40049163	R01CA280279	RESOLVES	GEO:GSE199785	paper only		2	no	https://europepmc.org/article/PMC/PMC12014391	Bulk RNA-seq data have been deposited at GEO at GSE199785 and are publicly available as of the date of publication.
dataset	8238c369-ea26-5732-8e4a-4c15f8ed5270	GEO	GSE203296	https://www.ncbi.nlm.nih.gov/geo/query/acc.cgi?acc=GSE203296	40372253	R01CA292658	RESOLVES	GEO:GSE203296	paper only		2	no	https://europepmc.org/article/PMC/PMC12167933	The RNA-seq data generated in this study are publicly available in the Gene Expression Omnibus at GSE203296. 4T1-4T07 CRISPR screens’ data are provided in Supplementary Tables S2-S5.
dataset	add6d36e-067b-573a-939d-2ac060381d3c	GEO	GSE211691	https://www.ncbi.nlm.nih.gov/geo/query/acc.cgi?acc=GSE211691	38518774	R01CA288403	RESOLVES	GEO:GSE211691	paper only		2	no	https://europepmc.org/article/PMC/PMC11756590	The data reported in this paper are deposited in the Gene Expression Omnibus (GEO) database under accession number GSE211691.
dataset	9d9bcfdd-40ad-5379-97c0-cafe16e4381e	GEO	GSE254285	https://www.ncbi.nlm.nih.gov/geo/query/acc.cgi?acc=GSE254285	39893171	R01CA286160	RESOLVES	GEO:GSE261822	paper only		2	no	https://europepmc.org/article/PMC/PMC11787332	The RNA-seq (GSE261798 <https://www.ncbi.nlm.nih.gov/geo/query/acc.cgi?acc=GSE261798> ) and scRNA-seq (GSE254285 <https://www.ncbi.nlm.nih.gov/geo/query/acc.cgi?acc=GSE254285> for mouse cells and GSE276130 <https://www.ncbi.nlm.nih.gov/geo/query/acc.cgi?acc=GSE276130> for human cells) data generate…
dataset	97a97f4f-cd4c-5c38-b255-b7135e566ec3	GWAS Catalog	GCST90429846	https://www.ebi.ac.uk/gwas/studies/GCST90429846	39753771	R01CA293996	RESOLVES	GWAS Catalog:GCST90429846	paper only (repository record not read)		2	no	https://europepmc.org/article/PMC/PMC12184877	Summary-level statistics data from AABC have been uploaded to the GWAS Catalog (GCST90429846 for overall breast cancer, GCST90429847 for ER+ breast cancer, and GCST90429848 for ER− breast cancer).
dataset	15585b7e-36b6-52da-ab18-192b97c2937b	GWAS Catalog	GCST90429848	https://www.ebi.ac.uk/gwas/studies/GCST90429848	39753771	R01CA293996	RESOLVES	GWAS Catalog:GCST90429848	paper only (repository record not read)		2	no	https://europepmc.org/article/PMC/PMC12184877	Summary-level statistics data from AABC have been uploaded to the GWAS Catalog (GCST90429846 for overall breast cancer, GCST90429847 for ER+ breast cancer, and GCST90429848 for ER− breast cancer).
dataset	dac2ad23-c313-51bd-aa95-a75688dd1a30	MassIVE	MSV000087743	https://massive.ucsd.edu/ProteoSAFe/QueryMSV?id=MSV000087743	40023154	R01CA279391	RESOLVES	MassIVE:MSV000087743	paper only (repository record not read)		2	no	https://europepmc.org/article/PMC/PMC11988688	The original mass spectra for RCC tumor samples 101, 102, 104, and 105 were deposited in the public proteomics repository MassIVE (http://massive.ucsd.edu <http://massive.ucsd.edu/> ) and are accessible at ftp://massive.ucsd.edu/v01/MSV000087743/ <https://massive.ucsd.edu/v01/MSV000087743/> .
dataset	d7da4601-4313-59bd-a249-d725fc2d5a0e	MassIVE	MSV000092440	https://massive.ucsd.edu/ProteoSAFe/QueryMSV?id=MSV000092440	38236773	R01CA279997	RESOLVES	MassIVE:MSV000092440	paper only (repository record not read)		2	no	https://europepmc.org/article/PMC/PMC10964278	The proximity biotinylation mass spectrometry proteomics and phosphoproteomics data have been deposited to MassIVE with the identifier MSV000092440 (ftp://massive.ucsd.edu/MSV000092440/ <https://massive.ucsd.edu/MSV000092440/> ) and are available as of the date of publication.
dataset	48799198-b5b3-50b8-ab9d-3147541f532a	MassIVE	MSV000092521	https://massive.ucsd.edu/ProteoSAFe/QueryMSV?id=MSV000092521	38843833	R01CA279546	RESOLVES	MassIVE:MSV000092521	paper only (repository record not read)		2	no	https://europepmc.org/article/PMC/PMC11246228	Raw mass spectrometry data associated with Tables S1 - S4 have been deposited to the MassIVE repository and are publicly available as of the date of publication with the dataset identifier MSV000092521.
dataset	8e085187-f4fe-54cf-b381-023153995fdf	MassIVE	MSV000092910	https://massive.ucsd.edu/ProteoSAFe/QueryMSV?id=MSV000092910	38381834	R01CA279997	RESOLVES	MassIVE:MSV000092910	paper only (repository record not read)		2	no	https://europepmc.org/article/PMC/PMC10881042	The proximity biotinylation mass spectrometry proteomics data have been deposited with open access to MassIVE with the identifier MSV000092910.
dataset	fbca274d-6986-5577-8810-824f4fe23f06	MassIVE	MSV000095917	https://massive.ucsd.edu/ProteoSAFe/QueryMSV?id=MSV000095917	40321620	R01CA279357	RESOLVES	MassIVE:MSV000095917	paper only (repository record not read)		2	no	https://europepmc.org/article/PMC/PMC12048878	Proteomic data generated in this study have been deposited to MassIVE (identifier: MSV000095917).
dataset	c7943acc-d692-5e9b-916b-f799c7dd8fef	MassIVE	MSV000096121	https://massive.ucsd.edu/ProteoSAFe/QueryMSV?id=MSV000096121	40902594	R01CA284565	RESOLVES	MassIVE:MSV000096121	paper only (repository record not read)		2	no	https://europepmc.org/article/PMC/PMC13078789	The mass spectrometry data files generated in this study are available in the MassIVE public repository under accession code: MSV000096121.
dataset	da7d8dbf-9291-5261-b478-2f9826e4f018	MassIVE	MSV000096296	https://massive.ucsd.edu/ProteoSAFe/QueryMSV?id=MSV000096296	39892392	R01CA279391	RESOLVES	MassIVE:MSV000096296	paper only (repository record not read)		2	no	https://europepmc.org/article/PMC/PMC11925124	The mass spectrometry data files generated in this study are available in the MassIVE public repository (https://massive.ucsd.edu <https://massive.ucsd.edu/> ) under accession code: MassIVE: MSV000096296.
dataset	8074e6cc-baa6-5926-bbaf-8aef28ccf1f9	MassIVE	MSV000096406	https://massive.ucsd.edu/ProteoSAFe/QueryMSV?id=MSV000096406	40023154	R01CA279391	RESOLVES	MassIVE:MSV000096406	paper only (repository record not read)		2	no	https://europepmc.org/article/PMC/PMC11988688	The original mass spectra for samples newly reported here, as well as peptide spectrum matches, and protein sequence databases used for searches of all samples described here were deposited at MassIVE (https://massive.ucsd.edu <https://massive.ucsd.edu/> ) and are accessible at ftp://MSV000096406@m…
dataset	8ee3d01f-3b71-534c-800f-a72e4225e1b4	MassIVE	MSV000096493	https://massive.ucsd.edu/ProteoSAFe/QueryMSV?id=MSV000096493	40435263	R01CA279997	RESOLVES	MassIVE:MSV000096493	paper only (repository record not read)		2	no	https://europepmc.org/article/PMC/PMC12118637	The data for this study have been deposited in the database GEO (GSE291658), MassIVE (MSV000096493), and ProteomeXchange (PXD058152).
dataset	2c237a9c-f038-50bb-b3e7-24ea8df3fc19	MassIVE	MSV000096912	https://massive.ucsd.edu/ProteoSAFe/QueryMSV?id=MSV000096912	40140582	R01CA279173;R01CA285415	RESOLVES	MassIVE:MSV000096912	paper only (repository record not read)		2	no	https://europepmc.org/article/PMC/PMC13005050	Plasma membrane proteomics were deposited in the UCSD MassIVE Database (MSV000096912, https://doi.org/doi:10.25345/C58P5VN52;
dataset	7f986dd6-c0cc-58b7-a8c7-8d2c902813a8	MassIVE	MSV000097432	https://massive.ucsd.edu/ProteoSAFe/QueryMSV?id=MSV000097432	41196949	R01CA285336	RESOLVES	MassIVE:MSV000097432	paper only (repository record not read)		2	no	https://europepmc.org/article/PMC/PMC12853130	Raw proteomics data have been deposited in MassIVE (accession number: MSV000097432).
dataset	226ea823-8225-57e3-af48-d016dbb5e147	MassIVE	MSV000098387	https://massive.ucsd.edu/ProteoSAFe/QueryMSV?id=MSV000098387	40709276;41315961	R01CA279357	RESOLVES	MassIVE:MSV000098387	paper only (repository record not read)		2	no	https://europepmc.org/article/PMC/PMC12288533	Proteomic data generated in this study have been deposited to MassIVE (MSV000098387).
dataset	eec14257-eb17-5b43-9a14-31efdf30d872	MassIVE	MSV000098883	https://massive.ucsd.edu/ProteoSAFe/QueryMSV?id=MSV000098883	41193800	R01CA262562;R01CA283049	RESOLVES	MassIVE:MSV000098883	paper only (repository record not read)		2	no	https://europepmc.org/article/PMC/PMC12779550	Raw lipidomic data have been deposited in the MassIVE data base (https://massive.ucsd.edu/) under accession number MSV000098883 <https://massive.ucsd.edu/ProteoSAFe/QueryMSV?id=MSV000098883> .
dataset	bc260c60-2c37-5f04-a2f3-65b6d1be17ff	MassIVE	MSV000100015	https://massive.ucsd.edu/ProteoSAFe/QueryMSV?id=MSV000100015	41512056	R01CA286043	RESOLVES	MassIVE:MSV000100015	paper only (repository record not read)		2	no	https://europepmc.org/article/PMC/PMC12787525	The metabolomics data were deposited into the MassIVE database, with the accession numbers MSV000100015.
dataset	dbdd670a-0191-5317-8aee-2a54b6748a38	MassIVE	MSV000100699	https://massive.ucsd.edu/ProteoSAFe/QueryMSV?id=MSV000100699	42153914	R01CA279707	RESOLVES	MassIVE:MSV000100699	paper only (repository record not read)		2	no	https://europepmc.org/article/PMC/PMC13362442	All raw data from the MS analysis has been deposited in Center for Computational Mass Spectrometry MassIVE spectral database under accession number MSV000100699 (https://massive.ucsd.edu/ProteoSAFe/static/massive.jsp).
dataset	dfd9e3b1-b07a-531c-b9f1-16bdc2745f5f	Mendeley Data	10.17632/4mvyxxc3gk.1	https://doi.org/10.17632/4mvyxxc3gk.1	39413792	R01CA280720	RESOLVES	Mendeley Data:10.17632/4mvyxxc3gk.1	paper only		2	no	https://europepmc.org/article/PMC/PMC11560529	Raw image data have been deposited at Mendeley (https://doi.org/10.17632/4mvyxxc3gk.1).
dataset	ab27d146-4eaa-56b8-a574-404c52df4584	Mendeley Data	10.17632/vf4g4tjc9j.1	https://doi.org/10.17632/vf4g4tjc9j.1	40773679	R01CA285926	RESOLVES	Mendeley Data:10.17632/vf4g4tjc9j.1	paper only		2	no	https://europepmc.org/article/PMC/PMC12395851	Original western blot images are publicly available: https://data.mendeley.com/datasets/vf4g4tjc9j/1
dataset	d6988a87-9cf5-5e62-bd72-83f2a28108a4	MetaboLights	MTBLS14754	https://www.ebi.ac.uk/metabolights/MTBLS14754	42556344	R01CA288696	RESOLVES	MetaboLights:MTBLS14754	paper only (repository record not read)		2	no	https://europepmc.org/article/PMC/PMC13522764	Datasets used for image and mass spectroscopy (MALDI) analysis are available and deposited in Harvard Dataverse: https://doi.org/10.7910/DVN/ISYQVC and in MetaboLights: MTBLS14754 (also listed in the STAR Methods key resources table ).
dataset	589d226a-506e-5839-8885-a657f3df888f	MetaboLights	MTBLS6000	https://www.ebi.ac.uk/metabolights/MTBLS6000	37380658	R01CA287672	RESOLVES	MetaboLights:MTBLS6000	paper only (repository record not read)		2	no	https://europepmc.org/article/PMC/PMC10307839	Metabolomics data have been deposited in the EMBL-EBI MetaboLights database with accession no. MTBLS6000.
dataset	7b4334e0-66b9-58a4-81b0-472f42f568e0	Metabolomics Workbench	ST003819	https://www.metabolomicsworkbench.org/data/DRCCMetadata.php?Mode=Study&StudyID=ST003819	42185479	R01CA282477	RESOLVES	Metabolomics Workbench:ST003819	paper only (repository record not read)		2	no	https://europepmc.org/article/PMC/PMC13618977	Raw mass spectrometry data generated as part of this study is deposited at Metabolomics Workbench 74 (Study numbers #:ST003819, ST003820, ST003821, ST003832, ST003822, ST003823, ST003824, ST003825, ST003826, ST003827, ST003831, and ST003838; additional study IDs are pending).
dataset	0ca7871f-2af5-5282-9e31-9e7f7fe24ec7	Metabolomics Workbench	ST003820	https://www.metabolomicsworkbench.org/data/DRCCMetadata.php?Mode=Study&StudyID=ST003820	42185479	R01CA282477	RESOLVES	Metabolomics Workbench:ST003820	paper only (repository record not read)		2	no	https://europepmc.org/article/PMC/PMC13618977	Raw mass spectrometry data generated as part of this study is deposited at Metabolomics Workbench 74 (Study numbers #:ST003819, ST003820, ST003821, ST003832, ST003822, ST003823, ST003824, ST003825, ST003826, ST003827, ST003831, and ST003838; additional study IDs are pending).
dataset	e0a7e77e-38ec-5803-9123-3d48b61ae008	Metabolomics Workbench	ST003821	https://www.metabolomicsworkbench.org/data/DRCCMetadata.php?Mode=Study&StudyID=ST003821	42185479	R01CA282477	RESOLVES	Metabolomics Workbench:ST003821	paper only (repository record not read)		2	no	https://europepmc.org/article/PMC/PMC13618977	Raw mass spectrometry data generated as part of this study is deposited at Metabolomics Workbench 74 (Study numbers #:ST003819, ST003820, ST003821, ST003832, ST003822, ST003823, ST003824, ST003825, ST003826, ST003827, ST003831, and ST003838; additional study IDs are pending).
dataset	3fb8c75a-ea46-59a0-a0ad-ba843aea0398	Metabolomics Workbench	ST003822	https://www.metabolomicsworkbench.org/data/DRCCMetadata.php?Mode=Study&StudyID=ST003822	42185479	R01CA282477	RESOLVES	Metabolomics Workbench:ST003822	paper only (repository record not read)		2	no	https://europepmc.org/article/PMC/PMC13618977	Raw mass spectrometry data generated as part of this study is deposited at Metabolomics Workbench 74 (Study numbers #:ST003819, ST003820, ST003821, ST003832, ST003822, ST003823, ST003824, ST003825, ST003826, ST003827, ST003831, and ST003838; additional study IDs are pending).
dataset	a1ae2ddd-74fd-5129-a4c2-c38c02d83a04	Metabolomics Workbench	ST003823	https://www.metabolomicsworkbench.org/data/DRCCMetadata.php?Mode=Study&StudyID=ST003823	42185479	R01CA282477	RESOLVES	Metabolomics Workbench:ST003823	paper only (repository record not read)		2	no	https://europepmc.org/article/PMC/PMC13618977	Raw mass spectrometry data generated as part of this study is deposited at Metabolomics Workbench 74 (Study numbers #:ST003819, ST003820, ST003821, ST003832, ST003822, ST003823, ST003824, ST003825, ST003826, ST003827, ST003831, and ST003838; additional study IDs are pending).
dataset	a9fbd08f-dad4-5e50-856a-27ca3de71cd6	Metabolomics Workbench	ST003824	https://www.metabolomicsworkbench.org/data/DRCCMetadata.php?Mode=Study&StudyID=ST003824	42185479	R01CA282477	RESOLVES	Metabolomics Workbench:ST003824	paper only (repository record not read)		2	no	https://europepmc.org/article/PMC/PMC13618977	Raw mass spectrometry data generated as part of this study is deposited at Metabolomics Workbench 74 (Study numbers #:ST003819, ST003820, ST003821, ST003832, ST003822, ST003823, ST003824, ST003825, ST003826, ST003827, ST003831, and ST003838; additional study IDs are pending).
dataset	3ebedd55-9a1e-5efc-8119-ff42d3cbe5d4	Metabolomics Workbench	ST003825	https://www.metabolomicsworkbench.org/data/DRCCMetadata.php?Mode=Study&StudyID=ST003825	42185479	R01CA282477	RESOLVES	Metabolomics Workbench:ST003825	paper only (repository record not read)		2	no	https://europepmc.org/article/PMC/PMC13618977	Raw mass spectrometry data generated as part of this study is deposited at Metabolomics Workbench 74 (Study numbers #:ST003819, ST003820, ST003821, ST003832, ST003822, ST003823, ST003824, ST003825, ST003826, ST003827, ST003831, and ST003838; additional study IDs are pending).
dataset	c94d2098-4593-5a3d-be89-e1a6073a0b0e	Metabolomics Workbench	ST003826	https://www.metabolomicsworkbench.org/data/DRCCMetadata.php?Mode=Study&StudyID=ST003826	42185479	R01CA282477	RESOLVES	Metabolomics Workbench:ST003826	paper only (repository record not read)		2	no	https://europepmc.org/article/PMC/PMC13618977	Raw mass spectrometry data generated as part of this study is deposited at Metabolomics Workbench 74 (Study numbers #:ST003819, ST003820, ST003821, ST003832, ST003822, ST003823, ST003824, ST003825, ST003826, ST003827, ST003831, and ST003838; additional study IDs are pending).
dataset	17806490-e80c-5701-b31b-6b2404091ff9	Metabolomics Workbench	ST003827	https://www.metabolomicsworkbench.org/data/DRCCMetadata.php?Mode=Study&StudyID=ST003827	42185479	R01CA282477	RESOLVES	Metabolomics Workbench:ST003827	paper only (repository record not read)		2	no	https://europepmc.org/article/PMC/PMC13618977	Raw mass spectrometry data generated as part of this study is deposited at Metabolomics Workbench 74 (Study numbers #:ST003819, ST003820, ST003821, ST003832, ST003822, ST003823, ST003824, ST003825, ST003826, ST003827, ST003831, and ST003838; additional study IDs are pending).
dataset	e9b3af96-890b-51fe-91ed-dc7a0347d0e6	Metabolomics Workbench	ST003831	https://www.metabolomicsworkbench.org/data/DRCCMetadata.php?Mode=Study&StudyID=ST003831	42185479	R01CA282477	RESOLVES	Metabolomics Workbench:ST003831	paper only (repository record not read)		2	no	https://europepmc.org/article/PMC/PMC13618977	Raw mass spectrometry data generated as part of this study is deposited at Metabolomics Workbench 74 (Study numbers #:ST003819, ST003820, ST003821, ST003832, ST003822, ST003823, ST003824, ST003825, ST003826, ST003827, ST003831, and ST003838; additional study IDs are pending).
dataset	178a4dff-a424-55af-b58e-27270e1d6009	Metabolomics Workbench	ST003832	https://www.metabolomicsworkbench.org/data/DRCCMetadata.php?Mode=Study&StudyID=ST003832	42185479	R01CA282477	RESOLVES	Metabolomics Workbench:ST003832	paper only (repository record not read)		2	no	https://europepmc.org/article/PMC/PMC13618977	Raw mass spectrometry data generated as part of this study is deposited at Metabolomics Workbench 74 (Study numbers #:ST003819, ST003820, ST003821, ST003832, ST003822, ST003823, ST003824, ST003825, ST003826, ST003827, ST003831, and ST003838; additional study IDs are pending).
dataset	d533b324-e33e-5ad9-a373-a8acbc411995	Metabolomics Workbench	ST003838	https://www.metabolomicsworkbench.org/data/DRCCMetadata.php?Mode=Study&StudyID=ST003838	42185479	R01CA282477	RESOLVES	Metabolomics Workbench:ST003838	paper only (repository record not read)		2	no	https://europepmc.org/article/PMC/PMC13618977	Raw mass spectrometry data generated as part of this study is deposited at Metabolomics Workbench 74 (Study numbers #:ST003819, ST003820, ST003821, ST003832, ST003822, ST003823, ST003824, ST003825, ST003826, ST003827, ST003831, and ST003838; additional study IDs are pending).
dataset	47e9dd74-e20d-5eda-95bf-518df5f8132b	PRIDE/ProteomeXchange	PXD035589	https://proteomecentral.proteomexchange.org/cgi/GetDataset?ID=PXD035589	42239335	R01CA290875	RESOLVES	PRIDE/ProteomeXchange:PXD035589	paper only		2	no	https://europepmc.org/article/PMC/PMC13228367	The raw files of the proteomic data along with the supporting processed data generated for this article here have been deposited at the ProteomeXchange/PRIDE repository with accession numbers PXD059495, PXD035589, and PXD035591.
dataset	ddaec9ea-ab4f-5d29-9518-3eed55db6c0e	PRIDE/ProteomeXchange	PXD066112	https://proteomecentral.proteomexchange.org/cgi/GetDataset?ID=PXD066112	41241675	R01CA290004	RESOLVES	PRIDE/ProteomeXchange:PXD066112	paper only		2	no	https://europepmc.org/article/PMC/PMC12619835	The mass spectrometry data have been deposited to the ProteomeXchange Consortium via the PRIDE partner repository with the dataset identifier PXD066112 <https://proteomecentral.proteomexchange.org/cgi/GetDataset?ID=PXD066112> .
dataset	a3cc7860-1aa9-5739-adaa-a47e969395ae	SRA/BioProject	PRJEB107007	https://www.ncbi.nlm.nih.gov/bioproject/PRJEB107007	42161273	R01CA289435	RESOLVES	SRA/BioProject:PRJEB107007	paper only		2	no	https://europepmc.org/article/PMC/PMC13193222	Single-cell RNA sequencing data have been deposited in the European Nucleotide Archive (ENA) at EMBL-EBI under accession number PRJEB107007.
dataset	27d5189e-f069-5210-88e3-c4025c6d716c	SRA/BioProject	PRJEB114979	https://www.ncbi.nlm.nih.gov/bioproject/PRJEB114979	42465403	R01CA289435;R01CA294636	RESOLVES	SRA/BioProject:PRJEB114979	paper only		2	no	https://europepmc.org/article/PMC/PMC13371068	WGS data generated in this study have been deposited in the European Nucleotide Archive (ENA) at EMBL-EBI under accession number PRJEB114979.
dataset	20c8f02d-7653-5f8f-86e5-989932f38936	SRA/BioProject	PRJEB64431	https://www.ncbi.nlm.nih.gov/bioproject/PRJEB64431	38965240	R01CA289435	RESOLVES	SRA/BioProject:PRJEB64431	paper only		2	no	https://europepmc.org/article/PMC/PMC11224358	Whole-genome sequencing data presented in this manuscript have been deposited at the European Nucleotide Archive under Project Accession ID PRJEB64431 <https://www.ebi.ac.uk/ena/browser/view/PRJEB64431> .
dataset	b939eada-7f48-572b-9fce-6c71e5b1f160	SRA/BioProject	PRJEB82511	https://www.ncbi.nlm.nih.gov/bioproject/PRJEB82511	39763896	R01CA282467	RESOLVES	SRA/BioProject:PRJEB82511	paper only		2	no	https://europepmc.org/article/PMC/PMC11703271	All data generated in this project, including raw sequencing and CELL files resulting from whole exome sequencing, targeted panel (Texas Children’s Pediatric Solid Tumor Cancer Mutation Panel), Affymetrix OncoScan, and single-nuclei RNA sequencing, single-cell RNA sequencing, and single-nuclei DNA…
dataset	4e5a0272-ba5e-564c-acb3-5e75473920a1	SRA/BioProject	PRJEB94535	https://www.ncbi.nlm.nih.gov/bioproject/PRJEB94535	41057544	R01CA285772	RESOLVES	SRA/BioProject:PRJEB94535	paper only		2	no	https://europepmc.org/article/PMC/PMC12673094	Ancestry informative variant data and SNP-filtering reference data have been uploaded to the European Variation Archive (EVA, www.ebi.ac.uk/eva <http://www.ebi.ac.uk/eva> ) under accession code PRJEB94535 <https://www.ebi.ac.uk/ena/data/view/PRJEB94535> (https://url.au.m.mimecastprotect.com/s/hVI4C…
dataset	adaf8c7c-3470-50de-9004-d23408a12de2	SRA/BioProject	PRJNA1017867	https://www.ncbi.nlm.nih.gov/bioproject/PRJNA1017867	39068148	R01CA276470	RESOLVES	SRA/BioProject:PRJNA1017867	paper only		2	no	https://europepmc.org/article/PMC/PMC11283463	RNA-seq data has been deposited in Sequence Read Archive (SRA) with the Bioproject accession number PRJNA31257) [https://www.ncbi.nlm.nih.gov/bioproject/?term=PRJNA1017867].
dataset	4a21379a-d1d6-5d55-b8f0-d26f4122a122	SRA/BioProject	PRJNA1049400	https://www.ncbi.nlm.nih.gov/bioproject/PRJNA1049400	38459027	R01CA284604	RESOLVES	SRA/BioProject:PRJNA1049400	paper only		2	no	https://europepmc.org/article/PMC/PMC10924104	Whole exome sequencing data and RNA sequencing data have been deposited on the Sequence Read Archive (SRA) available on the National Institutes for Health (NIH) National Centre for Biotechnology Information (NCBI) website, with the accession number PRJNA1049400 <https://www.ncbi.nlm.nih.gov/sra/?te…
dataset	41eb38b6-df73-5e7a-949f-ed5b4c7c0a7c	SRA/BioProject	PRJNA1065471	https://www.ncbi.nlm.nih.gov/bioproject/PRJNA1065471	41131337	R01CA292936	RESOLVES	SRA/BioProject:PRJNA1065471	paper only		2	no	https://europepmc.org/article/PMC/PMC12819156	WGS has been deposited under PRJNA1065471 <http://www.ncbi.nlm.nih.gov/bioproject/?term=PRJNA1065471> .
dataset	978a86fd-cd2c-56c4-9085-d64fe942b73c	SRA/BioProject	PRJNA1124061	https://www.ncbi.nlm.nih.gov/bioproject/PRJNA1124061	39055715	R01CA282074	RESOLVES	SRA/BioProject:PRJNA1124061	paper only		2	no	https://europepmc.org/article/PMC/PMC11269233	The WES data presented in the study are publicly available and deposited in NCBI Sequence Read Archive (SRA) (BioProject: PRJNA1124061).
dataset	caa093f7-d59f-56cd-8689-ea938ed87fc4	SRA/BioProject	PRJNA1137952	https://www.ncbi.nlm.nih.gov/bioproject/PRJNA1137952	40073054	R01CA289574	RESOLVES	SRA/BioProject:PRJNA1137952	paper only		2	no	https://europepmc.org/article/PMC/PMC11929499	RNA seq data have been deposited in NCBI (PRJNA1137952 <http://www.ncbi.nlm.nih.gov/bioproject?term=PRJNA1137952> ) ( 63 ).
dataset	05d3daa3-938c-5601-b9b0-1b5de1208ef8	SRA/BioProject	PRJNA1139184	https://www.ncbi.nlm.nih.gov/bioproject/PRJNA1139184	40083807	R01CA262874	RESOLVES	SRA/BioProject:PRJNA1139184	paper only		2	no	https://europepmc.org/article/PMC/PMC11897869	The DNA sequences are submitted to SRA with the BioProject : PRJNA1139184.
dataset	f5d0f4eb-e8b8-531a-8c2b-abbc755070f9	SRA/BioProject	PRJNA1145324	https://www.ncbi.nlm.nih.gov/bioproject/PRJNA1145324	39177583	R01CA286127	RESOLVES	SRA/BioProject:PRJNA1145324	paper only		2	no	https://europepmc.org/article/PMC/PMC11743868	The EM-seq whole genome methylation data generated in this study are publicly available from the Sequence Read Archive (SRA) under accession number ID PRJNA1145324.
dataset	dd42a389-2c05-54e7-9bd9-7f681f5139d1	SRA/BioProject	PRJNA1154950	https://www.ncbi.nlm.nih.gov/bioproject/PRJNA1154950	39345391	R01CA291771	RESOLVES	SRA/BioProject:PRJNA1154950	paper only		2	no	https://europepmc.org/article/PMC/PMC11429927	The curlcake nanopore sequencing data was deposited at NCBI under the BioProject PRJNA1154950 (https://dataview.ncbi.nlm.nih.gov/object/PRJNA1154950?reviewer=koot1fburqsrjg1d0t426sk92s).
dataset	e50bdfdb-59de-54c1-8e3a-c0f9ba981a23	SRA/BioProject	PRJNA1155679	https://www.ncbi.nlm.nih.gov/bioproject/PRJNA1155679	39345391;39345479;41034556	R01CA291771	RESOLVES	SRA/BioProject:PRJNA1155679	paper only		2	no	https://europepmc.org/article/PMC/PMC11429927	The BioRNA nanopore sequencing data was deposited at NCBI under the BioProject PRJNA1155679 (reviewer link: https://dataview.ncbi.nlm.nih.gov/object/PRJNA1155679?reviewer=tmp2haiuk3d28bd7q25p15ula0).
dataset	70749a7b-163a-5c68-93a0-633a1e97967e	SRA/BioProject	PRJNA1167795	https://www.ncbi.nlm.nih.gov/bioproject/PRJNA1167795	40608826	R01CA293055	RESOLVES	SRA/BioProject:PRJNA1167795	paper only		2	no	https://europepmc.org/article/PMC/PMC12279395	The fecal and tissue 16s rRNA gene sequencing data have been deposited in the NCBI Sequence Read Archive (SRA) under accession numbers PRJNA1167795 and PRJNA1249949, respectively.
dataset	11560700-0545-5526-b213-51c3dc4cd634	SRA/BioProject	PRJNA1177514	https://www.ncbi.nlm.nih.gov/bioproject/PRJNA1177514	39642218	R01CA287524	RESOLVES	SRA/BioProject:PRJNA1177514	paper only		2	no	https://europepmc.org/article/PMC/PMC11623276	The scRNA-seq data have been deposited in the SRA database of NCBI under the accession number PRJNA1177514.
dataset	a8720643-7f2e-5045-8186-56cd0609e9fb	SRA/BioProject	PRJNA1225422	https://www.ncbi.nlm.nih.gov/bioproject/PRJNA1225422	40211002	R01CA292936	RESOLVES	SRA/BioProject:PRJNA1225422	paper only		2	no	https://europepmc.org/article/PMC/PMC12074983	Raw sequencing data have been deposited into the NCBI Sequence Read Archive database under accession no. PRJNA1225422 <https://www.ncbi.nlm.nih.gov/bioproject/PRJNA1225422> .
dataset	1447c9ce-2f2e-5e22-b10c-047482a6f292	SRA/BioProject	PRJNA1233597	https://www.ncbi.nlm.nih.gov/bioproject/PRJNA1233597	40404992	R01CA287524	RESOLVES	SRA/BioProject:PRJNA1233597	paper only		2	no	https://europepmc.org/article/PMC/PMC12217037	The datasets produced in this study are available as: PRJNA1233597 <https://www.ncbi.nlm.nih.gov/sra/PRJNA1233597> .
dataset	c206c3e8-9566-5c72-b2bd-fb5f51518abd	SRA/BioProject	PRJNA1248580	https://www.ncbi.nlm.nih.gov/bioproject/PRJNA1248580	41533569	R01CA294646	RESOLVES	SRA/BioProject:PRJNA1248580	paper only		2	no	https://europepmc.org/article/PMC/PMC12802942	CRISPR screening results (raw reads) have been deposited in the Sequence Read Archive under project number PRJNA1248580.
dataset	196c32b1-884f-54ba-97e0-139bb50a9343	SRA/BioProject	PRJNA1249949	https://www.ncbi.nlm.nih.gov/bioproject/PRJNA1249949	40608826	R01CA293055	RESOLVES	SRA/BioProject:PRJNA1249949	paper only		2	no	https://europepmc.org/article/PMC/PMC12279395	The fecal and tissue 16s rRNA gene sequencing data have been deposited in the NCBI Sequence Read Archive (SRA) under accession numbers PRJNA1167795 and PRJNA1249949, respectively.
dataset	624fab94-1423-5c80-a61f-0fffa24a7dce	SRA/BioProject	PRJNA1250745	https://www.ncbi.nlm.nih.gov/bioproject/PRJNA1250745	41637523	R01CA289500	RESOLVES	SRA/BioProject:PRJNA1250745	paper only		2	no	https://europepmc.org/article/PMC/PMC13109965	The Mouse RNA-seq data was deposited to NCBI SRA with accession number PRJNA1250745.
dataset	3839b3f5-aa2b-5d67-af91-d850ee90addb	SRA/BioProject	PRJNA1292859	https://www.ncbi.nlm.nih.gov/bioproject/PRJNA1292859	42623301	R01CA282786	RESOLVES	SRA/BioProject:PRJNA1292859	paper only		2	no	https://europepmc.org/article/PMC/PMC13589411	RNA-sequencing and 16S rRNA sequencing data have been deposited in the NCBI SRA under BioProject PRJNA1514747 (GSE344191) and PRJNA1292859.
dataset	b2ecd50b-69a6-56f2-b8eb-52834598290c	SRA/BioProject	PRJNA1299110	https://www.ncbi.nlm.nih.gov/bioproject/PRJNA1299110	41055979	R01CA285780	RESOLVES	SRA/BioProject:PRJNA1299110	paper only		2	no	https://europepmc.org/article/PMC/PMC12541443	WES data have been deposited in the NIH NCBI SRA (PRJNA1299110 <http://www.ncbi.nlm.nih.gov/bioproject/1299110> ) ( 65 ).
dataset	a61220b8-7151-51dd-b6be-7aa6459ff208	SRA/BioProject	PRJNA1306157	https://www.ncbi.nlm.nih.gov/bioproject/PRJNA1306157	41205756	R01CA285544;R01CA289041	RESOLVES	SRA/BioProject:PRJNA1306157	paper only		2	no	https://europepmc.org/article/PMC/PMC13150750	The whole-exome sequencing data have been deposited in the NCBI Sequence Read Archive (SRA) under BioProject accession number PRJNA1306157.
dataset	11ac4726-782c-5e9a-940f-600e7dbc5d85	SRA/BioProject	PRJNA1328925	https://www.ncbi.nlm.nih.gov/bioproject/PRJNA1328925	41540267	R01CA292941	RESOLVES	SRA/BioProject:PRJNA1328925	paper only		2	no	https://europepmc.org/article/PMC/PMC12864045	BCR-sequencing data have been deposited on SRA (PRJNA1328925 <http://www.ncbi.nlm.nih.gov/bioproject/?term=PRJNA1328925> ) and are available as of publication.
dataset	68d5acbc-8447-53e0-8a50-c85490b96389	SRA/BioProject	PRJNA1336807	https://www.ncbi.nlm.nih.gov/bioproject/PRJNA1336807	42669685	R01CA289390	RESOLVES	SRA/BioProject:PRJNA1336807	paper only		2	no	https://europepmc.org/article/PMC/PMC13526784	DNA sequencing data has been deposited to NCBI’s Sequencing Read Archive (SRA) under the BioProject accession code PRJNA1336807 [https://www.ncbi.nlm.nih.gov/bioproject/1336807].
dataset	4b847aa7-e2e4-5709-80a0-9281b2e77269	SRA/BioProject	PRJNA1425487	https://www.ncbi.nlm.nih.gov/bioproject/PRJNA1425487	42457686	R01CA292664	RESOLVES	SRA/BioProject:PRJNA1425487	paper only		2	no	https://europepmc.org/article/PMC/PMC13490547	Single-cell RNA-seq data that support the findings of this study have been deposited in the Sequence Read Archive database under accession code PRJNA1425487 <https://www.ncbi.nlm.nih.gov/bioproject/PRJNA1425487/> and are publicly available.
dataset	0dd77c45-ae8b-54b4-be27-76e6fe63bcf7	SRA/BioProject	PRJNA1459483	https://www.ncbi.nlm.nih.gov/bioproject/PRJNA1459483	42465401	R01CA276771	RESOLVES	SRA/BioProject:PRJNA1459483	paper only		2	no	https://europepmc.org/article/PMC/PMC13371077	Bioinformatic data generated in this study are publicly available in SRA under BioProject accession number PRJNA1459483.
dataset	ca6d4456-71e2-53fc-8284-05bc7bcf6c3a	SRA/BioProject	PRJNA1465411	https://www.ncbi.nlm.nih.gov/bioproject/PRJNA1465411	42706261	R01CA289703	RESOLVES	SRA/BioProject:PRJNA1465411	paper only		2	no	https://europepmc.org/article/PMC/PMC13550535	Raw exome sequencing data have been deposited in the SRA database under accession code PRJNA1465411 <https://www.ncbi.nlm.nih.gov/sra/PRJNA1465411> .
dataset	c893e7c2-7875-52a6-95f3-b29fe68da603	SRA/BioProject	PRJNA610037	https://www.ncbi.nlm.nih.gov/bioproject/PRJNA610037	42393054	R01CA276349	RESOLVES	SRA/BioProject:PRJNA610037	paper only		2	no	https://europepmc.org/article/PMC/PMC13462549	RNA-seq, PRO-seq, ATAC-seq, and Cut&Run data were generated for this study and can be accessed on the Gene Expression Omnibus (GEO) database with accession numbers GSE305144 <https://www.ncbi.nlm.nih.gov/geo/query/acc.cgi?acc=GSE305144> and GSE303985 <https://www.ncbi.nlm.nih.gov/geo/query/acc.cgi?…
dataset	fe107544-fe72-55e4-8138-550e2d40d874	SRA/BioProject	PRJNA699369	https://www.ncbi.nlm.nih.gov/bioproject/PRJNA699369	38336745	R01CA288392	RESOLVES	SRA/BioProject:PRJNA699369	paper only		2	no	https://europepmc.org/article/PMC/PMC10858246	RNA transcripts per million (TPM) data for mCRPC patients (total 210 samples from the West Coast Dream Team) were downloaded from https://quigleylab.ucsf.edu/data. scRNA-seq datasets from both human naïve primary PCa and ADT-treated mCRPC tissues, which have been deposited in NCBI’s SRA database an…
dataset	eaea7534-f263-59d5-a246-19f0987334ed	SRA/BioProject	PRJNA945030	https://www.ncbi.nlm.nih.gov/bioproject/PRJNA945030	41632514	R01CA285598	RESOLVES	SRA/BioProject:PRJNA945030	paper only		2	no	https://europepmc.org/article/PMC/PMC12867483	Raw sequencing data have been deposited in NCBI BioProject under accession PRJNA945030.
dataset	0d1eaae0-782c-5dc6-8284-c4b004992eaf	SRA/BioProject	SRR33570754	https://www.ncbi.nlm.nih.gov/sra/SRR33570754	40970704	R01CA290034	RESOLVES	SRA/BioProject:SRR33570754	paper only		2	no	https://europepmc.org/article/PMC/PMC12509524	SB208 raw sequencing reads (SRR33570754 <https://www.ncbi.nlm.nih.gov/sra/SRR33570754> ) and assembled genome (CP096601.1 <https://www.ncbi.nlm.nih.gov/nuccore/CP096601.1/> ) were deposited at the National Center for Biotechnology Information under BioSample number SAMN27745308 <https://www.ncbi.nl…
dataset	8ca4c34a-a270-5a4a-9ac2-79517604397c	Synapse	syn65855101	https://www.synapse.org/#!Synapse:syn65855101	41162698	R01CA285454	RESOLVES	Synapse:syn65855101	paper only		2	no	https://europepmc.org/article/PMC/PMC12711569	Proteomics raw data have been deposited to the ELITE portal at Sage Bionetworks via Synapse (https://www.synapse.org) under the following dataset IDs: bowhead whale: syn69822201 <http://doi.org/10.7303/syn69822201> , syn69822202 <http://doi.org/10.7303/syn69822202> , syn69822206 <http://doi.org/10.…
dataset	13d319ba-1a9e-56c5-9e55-663b44e7074a	Synapse	syn65855170	https://www.synapse.org/#!Synapse:syn65855170	41162698	R01CA285454	RESOLVES	Synapse:syn65855170	paper only		2	no	https://europepmc.org/article/PMC/PMC12711569	Proteomics raw data have been deposited to the ELITE portal at Sage Bionetworks via Synapse (https://www.synapse.org) under the following dataset IDs: bowhead whale: syn69822201 <http://doi.org/10.7303/syn69822201> , syn69822202 <http://doi.org/10.7303/syn69822202> , syn69822206 <http://doi.org/10.…
dataset	6ecd9989-cbc1-5feb-827f-ecd7f1ff936e	Synapse	syn65855200	https://www.synapse.org/#!Synapse:syn65855200	41162698	R01CA285454	RESOLVES	Synapse:syn65855200	paper only		2	no	https://europepmc.org/article/PMC/PMC12711569	Proteomics raw data have been deposited to the ELITE portal at Sage Bionetworks via Synapse (https://www.synapse.org) under the following dataset IDs: bowhead whale: syn69822201 <http://doi.org/10.7303/syn69822201> , syn69822202 <http://doi.org/10.7303/syn69822202> , syn69822206 <http://doi.org/10.…
dataset	2831ab03-1564-50db-9d6b-bc63c3093f57	Synapse	syn65855231	https://www.synapse.org/#!Synapse:syn65855231	41162698	R01CA285454	RESOLVES	Synapse:syn65855231	paper only		2	no	https://europepmc.org/article/PMC/PMC12711569	Proteomics raw data have been deposited to the ELITE portal at Sage Bionetworks via Synapse (https://www.synapse.org) under the following dataset IDs: bowhead whale: syn69822201 <http://doi.org/10.7303/syn69822201> , syn69822202 <http://doi.org/10.7303/syn69822202> , syn69822206 <http://doi.org/10.…
dataset	d66cdde0-2251-57e6-9d9d-b90402bd5b24	Synapse	syn65855263	https://www.synapse.org/#!Synapse:syn65855263	41162698	R01CA285454	RESOLVES	Synapse:syn65855263	paper only		2	no	https://europepmc.org/article/PMC/PMC12711569	Proteomics raw data have been deposited to the ELITE portal at Sage Bionetworks via Synapse (https://www.synapse.org) under the following dataset IDs: bowhead whale: syn69822201 <http://doi.org/10.7303/syn69822201> , syn69822202 <http://doi.org/10.7303/syn69822202> , syn69822206 <http://doi.org/10.…
dataset	5374ca7c-b758-55e5-812f-ddb77b67c3c9	Synapse	syn65855292	https://www.synapse.org/#!Synapse:syn65855292	41162698	R01CA285454	RESOLVES	Synapse:syn65855292	paper only		2	no	https://europepmc.org/article/PMC/PMC12711569	Proteomics raw data have been deposited to the ELITE portal at Sage Bionetworks via Synapse (https://www.synapse.org) under the following dataset IDs: bowhead whale: syn69822201 <http://doi.org/10.7303/syn69822201> , syn69822202 <http://doi.org/10.7303/syn69822202> , syn69822206 <http://doi.org/10.…
dataset	14a6f4d5-86e5-54e3-867d-20d4c261036c	Synapse	syn65855322	https://www.synapse.org/#!Synapse:syn65855322	41162698	R01CA285454	RESOLVES	Synapse:syn65855322	paper only		2	no	https://europepmc.org/article/PMC/PMC12711569	Proteomics raw data have been deposited to the ELITE portal at Sage Bionetworks via Synapse (https://www.synapse.org) under the following dataset IDs: bowhead whale: syn69822201 <http://doi.org/10.7303/syn69822201> , syn69822202 <http://doi.org/10.7303/syn69822202> , syn69822206 <http://doi.org/10.…
dataset	f6bfbc39-320f-54b7-969c-e6f215c1119e	Synapse	syn65855353	https://www.synapse.org/#!Synapse:syn65855353	41162698	R01CA285454	RESOLVES	Synapse:syn65855353	paper only		2	no	https://europepmc.org/article/PMC/PMC12711569	Proteomics raw data have been deposited to the ELITE portal at Sage Bionetworks via Synapse (https://www.synapse.org) under the following dataset IDs: bowhead whale: syn69822201 <http://doi.org/10.7303/syn69822201> , syn69822202 <http://doi.org/10.7303/syn69822202> , syn69822206 <http://doi.org/10.…
dataset	fd8e3a25-919f-5f77-87b9-9357bb402f43	Synapse	syn65855386	https://www.synapse.org/#!Synapse:syn65855386	41162698	R01CA285454	RESOLVES	Synapse:syn65855386	paper only		2	no	https://europepmc.org/article/PMC/PMC12711569	Proteomics raw data have been deposited to the ELITE portal at Sage Bionetworks via Synapse (https://www.synapse.org) under the following dataset IDs: bowhead whale: syn69822201 <http://doi.org/10.7303/syn69822201> , syn69822202 <http://doi.org/10.7303/syn69822202> , syn69822206 <http://doi.org/10.…
dataset	38feae0f-8a58-5a31-acdd-ad4ca2f01809	Synapse	syn65855420	https://www.synapse.org/#!Synapse:syn65855420	41162698	R01CA285454	RESOLVES	Synapse:syn65855420	paper only		2	no	https://europepmc.org/article/PMC/PMC12711569	Proteomics raw data have been deposited to the ELITE portal at Sage Bionetworks via Synapse (https://www.synapse.org) under the following dataset IDs: bowhead whale: syn69822201 <http://doi.org/10.7303/syn69822201> , syn69822202 <http://doi.org/10.7303/syn69822202> , syn69822206 <http://doi.org/10.…
dataset	f3704d81-5626-590c-ba85-9a21f1a9c990	Synapse	syn65855451	https://www.synapse.org/#!Synapse:syn65855451	41162698	R01CA285454	RESOLVES	Synapse:syn65855451	paper only		2	no	https://europepmc.org/article/PMC/PMC12711569	Proteomics raw data have been deposited to the ELITE portal at Sage Bionetworks via Synapse (https://www.synapse.org) under the following dataset IDs: bowhead whale: syn69822201 <http://doi.org/10.7303/syn69822201> , syn69822202 <http://doi.org/10.7303/syn69822202> , syn69822206 <http://doi.org/10.…
dataset	25afa584-24f6-56bb-9e6a-8bc32ba3c221	Synapse	syn65855584	https://www.synapse.org/#!Synapse:syn65855584	41162698	R01CA285454	RESOLVES	Synapse:syn65855584	paper only		2	no	https://europepmc.org/article/PMC/PMC12711569	Proteomics raw data have been deposited to the ELITE portal at Sage Bionetworks via Synapse (https://www.synapse.org) under the following dataset IDs: bowhead whale: syn69822201 <http://doi.org/10.7303/syn69822201> , syn69822202 <http://doi.org/10.7303/syn69822202> , syn69822206 <http://doi.org/10.…
dataset	0f9cdbf8-2a57-54c3-a358-078a447029e4	Synapse	syn65855617	https://www.synapse.org/#!Synapse:syn65855617	41162698	R01CA285454	RESOLVES	Synapse:syn65855617	paper only		2	no	https://europepmc.org/article/PMC/PMC12711569	Proteomics raw data have been deposited to the ELITE portal at Sage Bionetworks via Synapse (https://www.synapse.org) under the following dataset IDs: bowhead whale: syn69822201 <http://doi.org/10.7303/syn69822201> , syn69822202 <http://doi.org/10.7303/syn69822202> , syn69822206 <http://doi.org/10.…
dataset	5a04835f-8acb-5053-96ea-3c9712d81a28	Synapse	syn65855648	https://www.synapse.org/#!Synapse:syn65855648	41162698	R01CA285454	RESOLVES	Synapse:syn65855648	paper only		2	no	https://europepmc.org/article/PMC/PMC12711569	Proteomics raw data have been deposited to the ELITE portal at Sage Bionetworks via Synapse (https://www.synapse.org) under the following dataset IDs: bowhead whale: syn69822201 <http://doi.org/10.7303/syn69822201> , syn69822202 <http://doi.org/10.7303/syn69822202> , syn69822206 <http://doi.org/10.…
dataset	f48e4b38-a880-59a7-b3d4-ec4236b5db70	Synapse	syn65855679	https://www.synapse.org/#!Synapse:syn65855679	41162698	R01CA285454	RESOLVES	Synapse:syn65855679	paper only		2	no	https://europepmc.org/article/PMC/PMC12711569	Proteomics raw data have been deposited to the ELITE portal at Sage Bionetworks via Synapse (https://www.synapse.org) under the following dataset IDs: bowhead whale: syn69822201 <http://doi.org/10.7303/syn69822201> , syn69822202 <http://doi.org/10.7303/syn69822202> , syn69822206 <http://doi.org/10.…
dataset	070a2556-5096-5661-a1ee-b2e3747490c3	Synapse	syn65855711	https://www.synapse.org/#!Synapse:syn65855711	41162698	R01CA285454	RESOLVES	Synapse:syn65855711	paper only		2	no	https://europepmc.org/article/PMC/PMC12711569	Proteomics raw data have been deposited to the ELITE portal at Sage Bionetworks via Synapse (https://www.synapse.org) under the following dataset IDs: bowhead whale: syn69822201 <http://doi.org/10.7303/syn69822201> , syn69822202 <http://doi.org/10.7303/syn69822202> , syn69822206 <http://doi.org/10.…
dataset	1484f2d3-d10e-50ff-a2eb-83a0df528ea8	Synapse	syn65855749	https://www.synapse.org/#!Synapse:syn65855749	41162698	R01CA285454	RESOLVES	Synapse:syn65855749	paper only		2	no	https://europepmc.org/article/PMC/PMC12711569	Proteomics raw data have been deposited to the ELITE portal at Sage Bionetworks via Synapse (https://www.synapse.org) under the following dataset IDs: bowhead whale: syn69822201 <http://doi.org/10.7303/syn69822201> , syn69822202 <http://doi.org/10.7303/syn69822202> , syn69822206 <http://doi.org/10.…
dataset	86a05db8-4d87-5166-928f-37c7f0062257	Synapse	syn65855780	https://www.synapse.org/#!Synapse:syn65855780	41162698	R01CA285454	RESOLVES	Synapse:syn65855780	paper only		2	no	https://europepmc.org/article/PMC/PMC12711569	Proteomics raw data have been deposited to the ELITE portal at Sage Bionetworks via Synapse (https://www.synapse.org) under the following dataset IDs: bowhead whale: syn69822201 <http://doi.org/10.7303/syn69822201> , syn69822202 <http://doi.org/10.7303/syn69822202> , syn69822206 <http://doi.org/10.…
dataset	9382f28e-c29c-5293-a93e-a67243cee75b	Synapse	syn65855818	https://www.synapse.org/#!Synapse:syn65855818	41162698	R01CA285454	RESOLVES	Synapse:syn65855818	paper only		2	no	https://europepmc.org/article/PMC/PMC12711569	Proteomics raw data have been deposited to the ELITE portal at Sage Bionetworks via Synapse (https://www.synapse.org) under the following dataset IDs: bowhead whale: syn69822201 <http://doi.org/10.7303/syn69822201> , syn69822202 <http://doi.org/10.7303/syn69822202> , syn69822206 <http://doi.org/10.…
dataset	7a8301b9-adc8-5e3d-b612-0ff1e505c992	Synapse	syn65855849	https://www.synapse.org/#!Synapse:syn65855849	41162698	R01CA285454	RESOLVES	Synapse:syn65855849	paper only		2	no	https://europepmc.org/article/PMC/PMC12711569	Proteomics raw data have been deposited to the ELITE portal at Sage Bionetworks via Synapse (https://www.synapse.org) under the following dataset IDs: bowhead whale: syn69822201 <http://doi.org/10.7303/syn69822201> , syn69822202 <http://doi.org/10.7303/syn69822202> , syn69822206 <http://doi.org/10.…
dataset	d260f633-4a99-560a-af35-f1a14cc86b66	Synapse	syn65856666	https://www.synapse.org/#!Synapse:syn65856666	41162698	R01CA285454	RESOLVES	Synapse:syn65856666	paper only		2	no	https://europepmc.org/article/PMC/PMC12711569	Proteomics raw data have been deposited to the ELITE portal at Sage Bionetworks via Synapse (https://www.synapse.org) under the following dataset IDs: bowhead whale: syn69822201 <http://doi.org/10.7303/syn69822201> , syn69822202 <http://doi.org/10.7303/syn69822202> , syn69822206 <http://doi.org/10.…
dataset	8bad1b24-a6d1-549b-9cc5-d906174281c2	Synapse	syn65856668	https://www.synapse.org/#!Synapse:syn65856668	41162698	R01CA285454	RESOLVES	Synapse:syn65856668	paper only		2	no	https://europepmc.org/article/PMC/PMC12711569	Proteomics raw data have been deposited to the ELITE portal at Sage Bionetworks via Synapse (https://www.synapse.org) under the following dataset IDs: bowhead whale: syn69822201 <http://doi.org/10.7303/syn69822201> , syn69822202 <http://doi.org/10.7303/syn69822202> , syn69822206 <http://doi.org/10.…
dataset	cfde7152-fccd-55c9-8e2f-11754db49ef0	TCIA	10.7937/jc8x-9874	https://doi.org/10.7937/jc8x-9874	40628696	R01CA277728	RESOLVES	TCIA:10.7937/jc8x-9874	paper only		2	no	https://europepmc.org/article/PMC/PMC12238412	The training and validation data of the FeTS challenge have been deposited in the Synapse platform under accession code syn29264504 [https://www.synapse.org/Synapse:syn29264504] (registration required for download) and, as they are identical to the BraTS 2021 data, are also available via TCIA under…
dataset	c8e83fa3-d635-5de1-97f5-1103ec395bef	TCIA/IDC link	www.cancerimagingarchive.net/analysis-result/rsna-asnr-miccai-brats-2021/	https://www.cancerimagingarchive.net/analysis-result/rsna-asnr-miccai-brats-2021/	40628696	R01CA277728	RESOLVES	TCIA/IDC link:www.cancerimagingarchive.net/analysis-result/rsna-asnr-miccai-brats-2021/	paper only (repository record not read)		2	no	https://europepmc.org/article/PMC/PMC12238412	The training and validation data of the FeTS challenge have been deposited in the Synapse platform under accession code syn29264504 [https://www.synapse.org/Synapse:syn29264504] (registration required for download) and, as they are identical to the BraTS 2021 data, are also available via TCIA under…
dataset	567db000-122c-5d0b-b012-55f05732c3eb	Zenodo	10.5281/zenodo.10520022	https://doi.org/10.5281/zenodo.10520022	39893178;40074951	R01CA274251	RESOLVES	Zenodo:10.5281/zenodo.10520022	paper only		2	no	https://europepmc.org/article/PMC/PMC11787294	CosMx for mouse brain is available at the Zenodo data repository under record number 10520022 <https://zenodo.org/records/10520022> .
dataset	b3b08650-8289-5817-9c34-a10aa22a14f9	Zenodo	10.5281/zenodo.19714093	https://doi.org/10.5281/zenodo.19714093	42380152	R01CA278889	RESOLVES	Zenodo:10.5281/zenodo.19714093	paper only		2	no	https://europepmc.org/article/PMC/PMC13473601	The lipidomic profiling data are available in Supplementary Data 1 and have been deposited in the Zenodo database under accession 19714093 <https://zenodo.org/records/19714093> .
dataset	eea8554d-c92d-5726-8981-b2ad3b357e89	ArrayExpress	E-MTAB-11710	https://www.ebi.ac.uk/biostudies/studies/E-MTAB-11710	40315298	R01CA278976	RESOLVES	ArrayExpress:E-MTAB-11710	paper only (repository record not read)		3	no	https://europepmc.org/article/PMC/PMC12646167	The scRNAseq data is available under the accession codes E-MTAB-11710 and E-MTAB-13857 and the spatial transcriptomics data is available under E-MTAB-13861.
dataset	5ddba3e4-9ac5-5143-aa34-245b7f5bdce0	ArrayExpress	E-MTAB-13857	https://www.ebi.ac.uk/biostudies/studies/E-MTAB-13857	40315298	R01CA278976	RESOLVES	ArrayExpress:E-MTAB-13857	paper only (repository record not read)		3	no	https://europepmc.org/article/PMC/PMC12646167	The scRNAseq data is available under the accession codes E-MTAB-11710 and E-MTAB-13857 and the spatial transcriptomics data is available under E-MTAB-13861.
dataset	7315bb0c-759b-50ec-80af-e1813bbb9ab6	ArrayExpress	E-MTAB-13861	https://www.ebi.ac.uk/biostudies/studies/E-MTAB-13861	40315298	R01CA278976	RESOLVES	ArrayExpress:E-MTAB-13861	paper only (repository record not read)		3	no	https://europepmc.org/article/PMC/PMC12646167	The scRNAseq data is available under the accession codes E-MTAB-11710 and E-MTAB-13857 and the spatial transcriptomics data is available under E-MTAB-13861.
dataset	b566aaeb-d400-5d3b-93a0-54a6e245aa2a	ArrayExpress	E-MTAB-6967	https://www.ebi.ac.uk/biostudies/studies/E-MTAB-6967	41145665	R01CA283317	RESOLVES	ArrayExpress:E-MTAB-6967	paper only (repository record not read)		3	no	https://europepmc.org/article/PMC/PMC12615260	Five expression datasets covering mouse embryogenesis periods from implantation to organogenesis are accessible from GEO or ArrayExpress with the following accessions: GSE100597 <https://www.ncbi.nlm.nih.gov/geo/query/acc.cgi?acc=GSE100597> (‘Implantation (E3.5-E6.5)’), GSE109071 <https://www.ncbi.…
dataset	65359f47-a433-5ba7-a3f4-7d84a287948b	CELLxGENE	cellxgene.cziscience.com/collections/31937775-0602-4e52-a799-b6acdd2bac2e	https://cellxgene.cziscience.com/collections/31937775-0602-4e52-a799-b6acdd2bac2e	41000972;41256547	R01CA287114;R01CA288696	RESOLVES	CELLxGENE:cellxgene.cziscience.com/collections/31937775-0602-4e52-a799-b6acdd2bac2e	paper only (repository record not read)		3	no	https://europepmc.org/article/PMC/PMC12458121	Mouse Frontal Cortex data by MERFISH are available at https://cellxgene.cziscience.com/collections/31937775-0602-4e52-a799-b6acdd2bac2e, with snRNA-seq reference data at https://cellxgene.cziscience.com/collections/31937775-0602-4e52-a799-b6acdd2bac2e;
dataset	b4fa9634-2f72-542f-8aa5-ddb50bd79fc3	CELLxGENE	cellxgene.cziscience.com/collections/e3aa612b-0d7d-4d3f-bbea-b8972a74dd4b	https://cellxgene.cziscience.com/collections/e3aa612b-0d7d-4d3f-bbea-b8972a74dd4b	41000972	R01CA288696	RESOLVES	CELLxGENE:cellxgene.cziscience.com/collections/e3aa612b-0d7d-4d3f-bbea-b8972a74dd4b	paper only (repository record not read)		3	no	https://europepmc.org/article/PMC/PMC12458121	Mouse Somatosensory Cortex data by osmFISH are available at https://linnarssonlab.org/osmFISH/availability/, and Mouse Primary Visual Area data by BaristaSeq are available at https://spacetx.github.io/data.html, with same scRNA-seq reference data available at https://cellxgene.cziscience.com/collec…
dataset	61e22d8f-0553-5de8-b7bf-48b6ad4b8e42	EGA	EGAD00001003582	https://ega-archive.org/datasets/EGAD00001003582	41241675	R01CA290004	RESOLVES	EGA:EGAD00001003582	paper only (repository record not read)		3	no	https://europepmc.org/article/PMC/PMC12619835	Transcriptomic analysis of patient samples was performed using normalized count data (Bailey et al. 11 ) or raw sequencing reads deposited to GSE93326 20 , EGAD00001003582 54 , or EGAD00001005799 13 .
dataset	f9c509f3-c910-5d36-a9e9-4cdf4cba4a03	EGA	EGAD00001005799	https://ega-archive.org/datasets/EGAD00001005799	41241675	R01CA290004	RESOLVES	EGA:EGAD00001005799	paper only (repository record not read)		3	no	https://europepmc.org/article/PMC/PMC12619835	Transcriptomic analysis of patient samples was performed using normalized count data (Bailey et al. 11 ) or raw sequencing reads deposited to GSE93326 20 , EGAD00001003582 54 , or EGAD00001005799 13 .
dataset	888351fc-c277-5415-b54c-9b81a2838c3b	EGA	EGAD00001009066	https://ega-archive.org/datasets/EGAD00001009066	40328947;41282084	R01CA285772	RESOLVES	EGA:EGAS00001006425	paper only (repository record not read)		3	no	https://europepmc.org/article/PMC/PMC12056225	The sequence data were made accessible through the European Genome-Phenome Archive (EGA) accession EGAS00001006425 <https://www.ega-archive.org/studies/EGAS00001006425> and derived from the Southern African Prostate Cancer Study (SAPCS) Dataset (EGAD00001009067; https://www.ega-archive.org/datasets…
dataset	d7eb3282-66f7-5b91-a7b6-5c3bb8cebbd7	EGA	EGAD00001009067	https://ega-archive.org/datasets/EGAD00001009067	40328947;41282084	R01CA285772	RESOLVES	EGA:EGAS00001006425	paper only (repository record not read)		3	no	https://europepmc.org/article/PMC/PMC12056225	The sequence data were made accessible through the European Genome-Phenome Archive (EGA) accession EGAS00001006425 <https://www.ega-archive.org/studies/EGAS00001006425> and derived from the Southern African Prostate Cancer Study (SAPCS) Dataset (EGAD00001009067; https://www.ega-archive.org/datasets…
dataset	269254ab-0e8b-5fff-b290-5e6271871b89	EGA	EGAD00001011082	https://ega-archive.org/datasets/EGAD00001011082	39276774	R01CA293908	RESOLVES	EGA:EGAS00001007356	paper only (repository record not read)		3	no	https://europepmc.org/article/PMC/PMC11623344	Human bulk RNA-sequencing and ID data are available at EGA: EGAS00001007356 and EGAD00001011082, respectively.
dataset	762640c1-bb3a-5bf9-afac-206c9c2efef4	EGA	EGAS00001004443	https://ega-archive.org/studies/EGAS00001004443	38411616	R01CA278967;R01CA278971	RESOLVES	EGA:EGAS00001004443	paper only (repository record not read)		3	no	https://europepmc.org/article/PMC/PMC10899090	The accession number for the scRNA-seq data set of 19 DGAC patients’ samples ( Figs. 1 , 2 , 5 , S1 , S2 , and S5 ) is European Genome-phenome Archive EGAS00001004443.
dataset	cce85c1d-50e1-57a1-bed6-85a94a95df7a	EGA	EGAS00001005760	https://ega-archive.org/studies/EGAS00001005760	40700635	R01CA285272	RESOLVES	EGA:EGAS00001005760	paper only (repository record not read)		3	no	https://europepmc.org/article/PMC/PMC12783529	CUT&RUN, n = 64) and undeposited data from previous studies (RNAseq, n = 3) have been deposited in the European Genome-Phenome Archive (EGA), which is hosted by the European Bioinformatics Institute (accession number EGAS00001005760 <https://ega-archive.org/studies/EGAS00001005760> ).
dataset	e3940280-dd57-5ce8-ade1-ea282878070c	EGA	EGAS00001006425	https://ega-archive.org/studies/EGAS00001006425	40328947;41282084	R01CA285772	RESOLVES	EGA:EGAS00001006425	paper only (repository record not read)		3	no	https://europepmc.org/article/PMC/PMC12056225	The sequence data were made accessible through the European Genome-Phenome Archive (EGA) accession EGAS00001006425 <https://www.ega-archive.org/studies/EGAS00001006425> and derived from the Southern African Prostate Cancer Study (SAPCS) Dataset (EGAD00001009067; https://www.ega-archive.org/datasets…
dataset	15abb0d3-6cf1-5672-8031-213cac05081e	EGA	EGAS00001006494	https://ega-archive.org/studies/EGAS00001006494	41851467	R01CA294033	RESOLVES	EGA:EGAS00001006494	paper only (repository record not read)		3	no	https://europepmc.org/article/PMC/PMC13102699	For the TRACERx dataset, the WES data used in this publication are available at the European Genome-phenome Archive (EGA), which is hosted by the European Bioinformatics Institute (EBI) and the Centre for Genomic Regulation (CRG), under the accession code EGAS00001006494 <https://ega-archive.org/st…
dataset	eecd4d09-35a1-51e1-8452-f80198916882	EGA	EGAS00001007356	https://ega-archive.org/studies/EGAS00001007356	39276774	R01CA293908	RESOLVES	EGA:EGAS00001007356	paper only (repository record not read)		3	no	https://europepmc.org/article/PMC/PMC11623344	Human bulk RNA-sequencing and ID data are available at EGA: EGAS00001007356 and EGAD00001011082, respectively.
dataset	9d93b577-aea8-5146-ac98-46103862823e	EGA	EGAS50000001280	https://ega-archive.org/studies/EGAS50000001280	41172996	R01CA285454	RESOLVES	EGA:EGAS50000001280	paper only (repository record not read)		3	no	https://europepmc.org/article/PMC/PMC12711661	Whole exome sequencing data for the RMC discovery and validation cohorts | This paper | European Genome-phenome Archive (EGA) under accession number EGAS50000001280: https://ega-archive.org/studies/EGAS50000001280
dataset	32557d69-55b9-5196-bc9d-174f813fca38	Figshare	10.6084/m9.figshare.28784999	https://doi.org/10.6084/m9.figshare.28784999	42094063	R01CA280482	RESOLVES	Figshare:10.6084/m9.figshare.28784999	paper only		3	no	https://europepmc.org/article/PMC/PMC13142634	Images and tutorials are available on FigShare (10.6084/m9.figshare.28784999 <https://doi.org/10.6084/m9.figshare.28784999> ).
dataset	f609bfa4-f9d9-54c5-844c-004af6c4f4ce	Figshare	figshare.com/projects/Aging_HSCs_2025/235781	https://figshare.com/projects/Aging_HSCs_2025/235781	40949975	R01CA292941	RESOLVES	Figshare:figshare.com/projects/Aging_HSCs_2025/235781	paper only		3	no	https://europepmc.org/article/PMC/PMC12424952	Data are available at https://figshare.com/projects/Aging_HSCs_2025/235781 (under embargo until publication).
dataset	b96859bf-64f2-5eaa-98d1-ea5fc9b500e6	GWAS Catalog	GCST90296719	https://www.ebi.ac.uk/gwas/studies/GCST90296719	39753771	R01CA293996	RESOLVES	GWAS Catalog:GCST90296719	paper only (repository record not read)		3	no	https://europepmc.org/article/PMC/PMC12184877	Summary-level statistics data from AABCG are available in the GWAS Catalog (GCST90296719 for overall breast cancer, GCST90296720 for ER+ breast cancer, GCST90296721 for ER− breast cancer, and GCST90296722 for TNBC).
dataset	d3c527b3-573c-51da-b683-168532861752	GWAS Catalog	GCST90296720	https://www.ebi.ac.uk/gwas/studies/GCST90296720	39753771	R01CA293996	RESOLVES	GWAS Catalog:GCST90296720	paper only (repository record not read)		3	no	https://europepmc.org/article/PMC/PMC12184877	Summary-level statistics data from AABCG are available in the GWAS Catalog (GCST90296719 for overall breast cancer, GCST90296720 for ER+ breast cancer, GCST90296721 for ER− breast cancer, and GCST90296722 for TNBC).
dataset	7d040ba6-3ae2-5ca9-8dd4-e8933c9450a2	GWAS Catalog	GCST90296721	https://www.ebi.ac.uk/gwas/studies/GCST90296721	39753771	R01CA293996	RESOLVES	GWAS Catalog:GCST90296721	paper only (repository record not read)		3	no	https://europepmc.org/article/PMC/PMC12184877	Summary-level statistics data from AABCG are available in the GWAS Catalog (GCST90296719 for overall breast cancer, GCST90296720 for ER+ breast cancer, GCST90296721 for ER− breast cancer, and GCST90296722 for TNBC).
dataset	b41560c2-4f70-55cf-a055-a71e549e2311	GWAS Catalog	GCST90668017	https://www.ebi.ac.uk/gwas/studies/GCST90668017	41125582	R01CA283333	RESOLVES	GWAS Catalog:GCST90668017	paper only (repository record not read)		3	no	https://europepmc.org/article/PMC/PMC12546916	GWAS summary statistics are available in the NHGRI-EBI GWAS Catalog (https://www.ebi.ac.uk/gwas/, data accession: GCST90668017).
dataset	39d74e83-7b11-561f-b95a-b2a18ca5496a	MassIVE	MSV000092965	https://massive.ucsd.edu/ProteoSAFe/QueryMSV?id=MSV000092965	38684783	R01CA279795	RESOLVES	MassIVE:MSV000092965	paper only (repository record not read)		3	no	https://europepmc.org/article/PMC/PMC11804830	Raw mass spectrometry data and metadata can be accessed at ftp://MSV000092965@massive.ucsd.edu <https://MSV000092965@massive.ucsd.edu> .
dataset	87ac7c8b-b6d0-586f-be16-adbebd91f957	MassIVE	MSV000097266	https://massive.ucsd.edu/ProteoSAFe/QueryMSV?id=MSV000097266	40353839	R01CA294689	RESOLVES	MassIVE:MSV000097266	paper only (repository record not read)		3	no	https://europepmc.org/article/PMC/PMC12353624	Raw MS proteomics data can be accessed through the MassIVE data repository (massive.ucsd.edu <http://massive.ucsd.edu> ) under accession number MSV000097266.
dataset	ad6711da-1ab9-56fa-be4c-b7996d0ca6da	MassIVE	MSV000097385	https://massive.ucsd.edu/ProteoSAFe/QueryMSV?id=MSV000097385	41291151	R01CA285515	RESOLVES	MassIVE:MSV000097385	paper only (repository record not read)		3	no	https://europepmc.org/article/PMC/PMC12647206	The raw and processed data from Mass Spectrometry are available through the ProteomeXchange Consortium via the MassIVE partner repository (https://massive.ucsd.edu/ProteoSAFe/static/massive.jsp) under the dataset Identifier MSV000097385.
dataset	38c06a8d-7175-5d27-8d93-9165bf391d7f	Mendeley Data	10.17632/vzfmz6stnc.1	https://doi.org/10.17632/vzfmz6stnc.1	40318637	R01CA289703	RESOLVES	Mendeley Data:10.17632/vzfmz6stnc.1	paper only		3	no	https://europepmc.org/article/PMC/PMC12353364	APMAP TurboID proteomics dataset | This study | In Mendeley Dataset “Paul et al APMAP” doi: 10.17632/vzfmz6stnc.1
dataset	cf629637-3779-503b-b613-2e426ba5911c	Metabolomics Workbench	ST003091	https://www.metabolomicsworkbench.org/data/DRCCMetadata.php?Mode=Study&StudyID=ST003091	39893171	R01CA286160	RESOLVES	Metabolomics Workbench:ST003091	paper only (repository record not read)		3	no	https://europepmc.org/article/PMC/PMC11787332	Metabolomic profiles are available at the NIH Common Fund’s National Metabolomics Data Repository (NMDR) website [http://dev.metabolomicsworkbench.org:22222/data/DRCCMetadata.php?Mode=Study&StudyID=ST003091&Access=HieS7992, The DOI for this project (PR001920) is: 10.21228/M8JB09], the Metabolomics…
dataset	1fef978f-16c8-57e8-8459-03adc1fea6f8	Metabolomics Workbench	ST003870	https://www.metabolomicsworkbench.org/data/DRCCMetadata.php?Mode=Study&StudyID=ST003870	40500442	R01CA285336	RESOLVES	Metabolomics Workbench:ST003870	paper only (repository record not read)		3	no	https://europepmc.org/article/PMC/PMC12320555	Raw metabolomics files for untargeted lipidomics experiment are available at the NIH Common Fund’s National Metabolomics Data Repository website, the Metabolomics Workbench (https://metabolomicsworkbench.org), where they have been assigned project ID ST003870.
dataset	08300ba0-954c-5d8b-9df0-abfb55282077	OSF	osf.io/2cnw7	https://osf.io/2cnw7	39753771	R01CA293996	RESOLVES	OSF:osf.io/2cnw7	paper only (repository record not read)		3	no	https://europepmc.org/article/PMC/PMC12184877	Processed Capture Hi-C data are available from https://osf.io/2cnw7/.Data from EnhancerAtlas are available from http://www.enhanceratlas.org/downloadv2.php.
dataset	f1a5247f-f8b9-5f20-a125-79dc1e676d34	OSF	osf.io/74vfs	https://osf.io/74vfs	40502758;41524987	R01CA277728	RESOLVES	OSF:osf.io/74vfs	paper only (repository record not read)		3	no	https://europepmc.org/article/PMC/PMC12154134	Our MRI and corresponding excel file for risk status of the patients are available at OSF server (NIH supported data sharing platform) at https://osf.io/74vfs/.
dataset	2353744e-06cf-5051-83fd-8a4306c7e125	PDB	7N9J	https://www.rcsb.org/structure/7N9J	38459027	R01CA284604	RESOLVES	PDB:7N9J	paper only		3	no	https://europepmc.org/article/PMC/PMC10924104	The H-2-D b /hβ2M/68YGFRNVVHI binary structure coordinates and structure factors are accessible via Protein Data Bank accession code 7N9J <http://doi.org/10.2210/pdb7N9J/pdb> .
dataset	16709de9-ed68-5e64-aeaa-6f7af773cee2	PDB	7NA5	https://www.rcsb.org/structure/7NA5	38459027	R01CA284604	RESOLVES	PDB:7NA5	paper only		3	no	https://europepmc.org/article/PMC/PMC10924104	The H-2-Db/hβ2M/68YGFRNVVHI:47BE7 ternary complex coordinates and structure factors are accessible via Protein Data Bank accession code 7NA5 <http://doi.org/10.2210/pdb7N5A/pdb> .
dataset	cfb1bb79-e5e0-5fc3-ad0f-f0ca97a2a5b4	SRA/BioProject	PRJDB18962	https://www.ncbi.nlm.nih.gov/bioproject/PRJDB18962	40675146	R01CA288546	RESOLVES	SRA/BioProject:PRJDB18962	paper only		3	no	https://europepmc.org/article/PMC/PMC12379185	Microbiome 16S rRNA sequencing data | This paper | PRJDB18962
dataset	2eef570c-7d65-5f25-86a8-5c4f48d78c3f	SRA/BioProject	PRJEB9660	https://www.ncbi.nlm.nih.gov/bioproject/PRJEB9660	41659404	R01CA282005	RESOLVES	SRA/BioProject:PRJEB9660	paper only		3	no	https://europepmc.org/article/PMC/PMC12873799	The datasets from European Nucleotide Archive can be accessed under the accession number PRJNA523380 22 , 23 and PRJEB9660 24 .
dataset	3629110e-ea83-5a61-b129-0e6bc0a64675	SRA/BioProject	PRJNA1025260	https://www.ncbi.nlm.nih.gov/bioproject/PRJNA1025260	39331712	R01CA276470	RESOLVES	SRA/BioProject:PRJNA1025260	paper only		3	no	https://europepmc.org/article/PMC/PMC11430476	Microbiome sequencing data are available in the Sequence Read Archive (SRA) under the BioProject accession number PRJNA1025260.
dataset	d3c2a66e-b526-5f58-99ef-7b5188f984fc	SRA/BioProject	PRJNA1026650	https://www.ncbi.nlm.nih.gov/bioproject/PRJNA1026650	40259019	R01CA287126	RESOLVES	SRA/BioProject:PRJNA1026650	paper only		3	no	https://europepmc.org/article/PMC/PMC13245241	The raw genome sequencing data are available at the NCBI with accession numbers PRJNA1108738 (P. lymphophilum strains) and PRJNA1026650 (C. scindens strains) respectively.
dataset	933bd826-8c6b-531e-ba35-1d7c81873353	SRA/BioProject	PRJNA1070700	https://www.ncbi.nlm.nih.gov/bioproject/PRJNA1070700	38508137	R01CA285544;R01CA289041	RESOLVES	SRA/BioProject:PRJNA1070700	paper only		3	no	https://europepmc.org/article/PMC/PMC10983114	De-identified patient single-cell sequencing data have been deposited to the Sequence Read Archive at SRA: PRJNA1070700.
dataset	0503247a-1a12-56b8-9e4e-39c8e1ea18ce	SRA/BioProject	PRJNA1108660	https://www.ncbi.nlm.nih.gov/bioproject/PRJNA1108660	40259019	R01CA287126	RESOLVES	SRA/BioProject:PRJNA1108660	paper only		3	no	https://europepmc.org/article/PMC/PMC13245241	The raw RNA-Seq reads are available at the National Center for Biotechnology Information (NCBI) with accession numbers PRJNA1108660 (Experiment one, desF), PRJNA1108687 (Experiment two, desF), and PRJNA1115127 (desG) respectively.
dataset	f52d366b-861c-5877-81e2-4dedccd6556f	SRA/BioProject	PRJNA1108687	https://www.ncbi.nlm.nih.gov/bioproject/PRJNA1108687	40259019	R01CA287126	RESOLVES	SRA/BioProject:PRJNA1108687	paper only		3	no	https://europepmc.org/article/PMC/PMC13245241	The raw RNA-Seq reads are available at the National Center for Biotechnology Information (NCBI) with accession numbers PRJNA1108660 (Experiment one, desF), PRJNA1108687 (Experiment two, desF), and PRJNA1115127 (desG) respectively.
dataset	6cc65a38-f990-5cfd-ad02-3ae444ebdb05	SRA/BioProject	PRJNA1108738	https://www.ncbi.nlm.nih.gov/bioproject/PRJNA1108738	40259019	R01CA287126	RESOLVES	SRA/BioProject:PRJNA1108738	paper only		3	no	https://europepmc.org/article/PMC/PMC13245241	The raw genome sequencing data are available at the NCBI with accession numbers PRJNA1108738 (P. lymphophilum strains) and PRJNA1026650 (C. scindens strains) respectively.
dataset	e5d3a811-a318-5961-953a-7ddfb2d4a027	SRA/BioProject	PRJNA1115127	https://www.ncbi.nlm.nih.gov/bioproject/PRJNA1115127	40259019	R01CA287126	RESOLVES	SRA/BioProject:PRJNA1115127	paper only		3	no	https://europepmc.org/article/PMC/PMC13245241	The raw RNA-Seq reads are available at the National Center for Biotechnology Information (NCBI) with accession numbers PRJNA1108660 (Experiment one, desF), PRJNA1108687 (Experiment two, desF), and PRJNA1115127 (desG) respectively.
dataset	09feb339-4348-5b2b-a70d-977464ad80ae	SRA/BioProject	PRJNA1124001	https://www.ncbi.nlm.nih.gov/bioproject/PRJNA1124001	39636224	R01CA281198	RESOLVES	SRA/BioProject:PRJNA1124001	paper only		3	no	https://europepmc.org/article/PMC/PMC11831110	Raw ST files are available through dbGaP with accession number PRJNA1124001.
dataset	1eed4ac6-3029-51de-b6eb-b4fbc589b466	SRA/BioProject	PRJNA1143454	https://www.ncbi.nlm.nih.gov/bioproject/PRJNA1143454	42370268	R01CA288696	RESOLVES	SRA/BioProject:PRJNA1143454	paper only		3	no	https://europepmc.org/article/PMC/PMC13308402	Raw sequences were submitted to NCBI SRA and can be assessed with BioProject accession number PRJNA1143454.
dataset	67b517e1-6bc1-573b-9009-cb87c339f0cd	SRA/BioProject	PRJNA1147765	https://www.ncbi.nlm.nih.gov/bioproject/PRJNA1147765	39608978	R01CA278941	RESOLVES	SRA/BioProject:PRJNA1147765	paper only		3	no	https://europepmc.org/article/PMC/PMC11603694	RNA-seq data (FASTQ files) have been deposited at Sequence Read Archive with reference PRJNA1147765.
dataset	13625945-fceb-5ece-8748-31a93c8f8391	SRA/BioProject	PRJNA1235703	https://www.ncbi.nlm.nih.gov/bioproject/PRJNA1235703	40323013	R01CA285322	RESOLVES	SRA/BioProject:PRJNA1235703	paper only		3	no	https://europepmc.org/article/PMC/PMC12093302	RNA-seq and WES data are available online using NCBI’s Short Read Archive under project accession number PRJNA1235703.
dataset	63b513ca-ad41-5c8f-9e05-25ced3da429c	SRA/BioProject	PRJNA1235770	https://www.ncbi.nlm.nih.gov/bioproject/PRJNA1235770	41844151	R01CA294646	RESOLVES	SRA/BioProject:PRJNA1235770	paper only		3	no	https://europepmc.org/article/PMC/PMC13345754	Raw sequencing data (site-specific sequencing, nascent strand sequencing, Repli-seq) are available in the NIH Sequence Read Archive (SRA) as BioProject: PRJNA1235770.
dataset	1f7c0d4e-b865-59ef-8da0-031504af4443	SRA/BioProject	PRJNA1254667	https://www.ncbi.nlm.nih.gov/bioproject/PRJNA1254667	40608826	R01CA293055	RESOLVES	SRA/BioProject:PRJNA1254667	paper only		3	no	https://europepmc.org/article/PMC/PMC12279395	BCR profiling data are available in SRA under accession number PRJNA1254667.
dataset	b3a0427d-22c9-5ed8-b2cf-257d411dcb3d	SRA/BioProject	PRJNA1284972	https://www.ncbi.nlm.nih.gov/bioproject/PRJNA1284972	41193657	R01CA290875	RESOLVES	SRA/BioProject:PRJNA1284972	paper only		3	no	https://europepmc.org/article/PMC/PMC12695660	CRISPR screen data are available in the Sequence Read Archive (SRA) under accession PRJNA1284972 <http://www.ncbi.nlm.nih.gov/sra/?term=PRJNA1284972> .
dataset	f22d8b0e-1c23-5d55-ae01-b6207e5b2863	SRA/BioProject	PRJNA1306644	https://www.ncbi.nlm.nih.gov/bioproject/PRJNA1306644	41652062	R01CA282467	RESOLVES	SRA/BioProject:PRJNA1306644	paper only		3	no	https://europepmc.org/article/PMC/PMC12932671	DNA sequencing data are available in the Sequence Read Archive (SRA) under accession number PRJNA1306644.
dataset	93bbe7d4-374f-5f78-96e7-ee16dcfed707	SRA/BioProject	PRJNA1428295	https://www.ncbi.nlm.nih.gov/bioproject/PRJNA1428295	41832292	R01CA284102	RESOLVES	SRA/BioProject:PRJNA1428295	paper only		3	no	https://europepmc.org/article/PMC/PMC13111661	Mouse RNA sequence data is available in the SRA database [BioProject accession: PRJNA1428295].
dataset	e7b59a9b-f0e3-5e0a-b6b8-cea6da452992	SRA/BioProject	PRJNA1433810	https://www.ncbi.nlm.nih.gov/bioproject/PRJNA1433810	42033727	R01CA291437	RESOLVES	SRA/BioProject:PRJNA1433810	paper only		3	no	https://europepmc.org/article/PMC/PMC13274335	RNA and WGS sequencing data | NCBI BioProject database: https://www.ncbi.nlm.nih.gov/bioproject | Accession # is PRJNA1433810
dataset	9fd4e2f0-1f75-5a02-8fea-4e8a7e64065b	SRA/BioProject	PRJNA1460889	https://www.ncbi.nlm.nih.gov/bioproject/PRJNA1460889	42490500	R01CA292936	RESOLVES	SRA/BioProject:PRJNA1460889	paper only		3	no	https://europepmc.org/article/PMC/PMC13464094	All sequencing data generated for this study have been deposited in the NCBI BioProject database and are available at BioProject ID PRJNA1460889.
dataset	783fc945-7dbe-57a5-ac62-ab6db3acff44	SRA/BioProject	PRJNA395701	https://www.ncbi.nlm.nih.gov/bioproject/PRJNA395701	39107299	R01CA282815	RESOLVES	SRA/BioProject:PRJNA395701	paper only		3	no	https://europepmc.org/article/PMC/PMC11303806	Bulk RNA Seq of murine osteoblasts can be accessed through following link: https://www.ncbi.nlm.nih.gov/bioproject/PRJNA395701.
dataset	318f6539-6c48-58d6-a7d8-9913a959df0d	SRA/BioProject	PRJNA544699	https://www.ncbi.nlm.nih.gov/bioproject/PRJNA544699	41851467	R01CA294033	RESOLVES	SRA/BioProject:PRJNA544699	paper only		3	no	https://europepmc.org/article/PMC/PMC13102699	The TRACERx TCR-sequencing FASTQ data are available at the Sequence Read Archive (SRA) under accession code BioProject: PRJNA544699 <https://www.ncbi.nlm.nih.gov/bioproject/?term=PRJNA544699> .
dataset	1a854781-25d6-5daf-b9b9-ce941c2c0c15	SRA/BioProject	PRJNA579178	https://www.ncbi.nlm.nih.gov/bioproject/PRJNA579178	39773563	R01CA282074	RESOLVES	SRA/BioProject:PRJNA579178	paper only		3	no	https://europepmc.org/article/PMC/PMC11748930	Unprocessed FASTQ files for our published single-cell RNA sequencing (scRNAseq) data sets 14 15 are available on the National Center for Biotechnology Information (NCBI) Sequence Read Archive (BioProject ID PRJNA579178 and PRJNA691564).
dataset	16504888-1c79-5e0a-ae96-c297d2262264	SRA/BioProject	PRJNA877775	https://www.ncbi.nlm.nih.gov/bioproject/PRJNA877775	40588523	R01CA285997	RESOLVES	SRA/BioProject:PRJNA877775	paper only		3	no	https://europepmc.org/article/PMC/PMC12331375	The data-set derived from this resource that supports the findings of this study is available in NCBI’s SRA database and accessible with BioProject PRJNA877775 (http://www.ncbi.nlm.nih.gov/bioproject/877775).
dataset	c73fb73f-404a-55d4-b7b7-5b115b136496	SRA/BioProject	PRJNA902789	https://www.ncbi.nlm.nih.gov/bioproject/PRJNA902789	40259019	R01CA287126	RESOLVES	SRA/BioProject:PRJNA902789	paper only		3	no	https://europepmc.org/article/PMC/PMC13245241	C. scindens VPI 12708 genome is available with accession number PRJNA902789.
dataset	a7c6a54f-e351-53f0-9ae5-252374d4c112	SRA/BioProject	PRJNA962598	https://www.ncbi.nlm.nih.gov/bioproject/PRJNA962598	39604728	R01CA286920	RESOLVES	SRA/BioProject:PRJNA962598	paper only		3	no	https://europepmc.org/article/PMC/PMC11733984	Whole genome sequencing data are publicly available in the NCBI SRA under BioProject ID PRJNA962598.
dataset	84eeb535-cc4d-5c2f-b3d2-cc6bd7596ef0	SRA/BioProject	PRJNA962601	https://www.ncbi.nlm.nih.gov/bioproject/PRJNA962601	39604728	R01CA286920	RESOLVES	SRA/BioProject:PRJNA962601	paper only		3	no	https://europepmc.org/article/PMC/PMC11733984	ITS, 16S and RNA sequencing data are publicly available in NCBI Sequence Read Archive (SRA) under the BioProject ID PRJNA962601.
dataset	9ea30311-2d19-5675-9f77-cf7b98c2cd1d	SRA/BioProject	SRP158272	https://www.ncbi.nlm.nih.gov/sra/SRP158272	41662167	R01CA297843	RESOLVES	SRA/BioProject:SRP158272	paper only		3	no	https://europepmc.org/article/PMC/PMC13055434	RNA-seq data are available at SRA archives https://www.ncbi.nlm.nih.gov/sra/SRP158272 ( 22 , 23 ).
dataset	fa5be556-1d1a-5c0e-9adc-c859e5970b18	SRA/BioProject	SRR33832737	https://www.ncbi.nlm.nih.gov/sra/SRR33832737	41106380	R01CA289812;R01CA290034	RESOLVES	SRA/BioProject:SRR33832737	paper only		3	no	https://europepmc.org/article/PMC/PMC12774452	The raw reads have been deposited under the accession number SRR33832737 with NCBI SRA.
dataset	4324ccf5-a618-5034-9b13-9bc498273e56	SRA/BioProject	SRX11836918	https://www.ncbi.nlm.nih.gov/sra/SRX11836918	41343490	R01CA287524	RESOLVES	SRA/BioProject:SRX11836918	paper only		3	no	https://europepmc.org/article/PMC/PMC12677531	The scRNA-seq dataset used for the analysis of TjGal4ts>NICD-OE cells was originally generated and published by our laboratory [ 1 ] and can be accessed in the SRA database (accession: SRX11836918).
dataset	4ba06732-4781-5bb7-8c20-125e11d6d797	SRA/BioProject	SRX29053529	https://www.ncbi.nlm.nih.gov/sra/SRX29053529	41106380	R01CA289812;R01CA290034	RESOLVES	SRA/BioProject:SRX29053529	paper only		3	no	https://europepmc.org/article/PMC/PMC12774452	Short-read sequencing and assembly of B. fragilis genome | This paper | SRX29053529 https://www.ncbi.nlm.nih.gov/sra?linkname=bioproject_sra_all&from_uid=1272131
dataset	950c785c-8d3d-55ce-8b19-4b16dd782cf5	SRA/BioProject	SRX7814226	https://www.ncbi.nlm.nih.gov/sra/SRX7814226	41343490	R01CA287524	RESOLVES	SRA/BioProject:SRX7814226	paper only		3	no	https://europepmc.org/article/PMC/PMC12677531	Similarly, the scRNA-seq dataset used for the analysis of w1118 ovarian cells was also published by our laboratory [ 2 ] and is available in the SRA database (accession: SRX7814226).
dataset	20395816-e9c8-52e6-837c-13f13675e044	Synapse	syn51078766	https://www.synapse.org/#!Synapse:syn51078766	39789181	R01CA287672	RESOLVES	Synapse:syn51078766	paper only		3	no	https://europepmc.org/article/PMC/PMC11779630	The mIHC single-cell phenotype and location data are available at https://www.synapse.org/#!Synapse:syn51078766.
dataset	50928077-4e40-53ac-9349-39d55b1d63d7	TCIA/IDC link	www.cancerimagingarchive.net/collection/cptac-coad/	https://www.cancerimagingarchive.net/collection/cptac-coad/	40389599	R01CA276690	RESOLVES	TCIA/IDC link:www.cancerimagingarchive.net/collection/cptac-coad/	paper only (repository record not read)		3	no	https://europepmc.org/article/PMC/PMC12089473	Whole slide images of the CPATC-COAD cohort are available at https://www.cancerimagingarchive.net/collection/cptac-coad/.
dataset	157c5c61-4d42-5797-b65a-30d3aefa32da	Zenodo	10.5281/zenodo.10569725	https://doi.org/10.5281/zenodo.10569725	42078371	R01CA276771	RESOLVES	Zenodo:10.5281/zenodo.10569725	paper only		3	no	https://europepmc.org/article/PMC/PMC13131743	Data are accessible on Zenodo at https://zenodo.org/records/10569725.
dataset	e5a54db7-7599-51d4-bb70-20aa931edfe5	Zenodo	10.5281/zenodo.14828019	https://doi.org/10.5281/zenodo.14828019	40258833	R01CA293602	RESOLVES	Zenodo:10.5281/zenodo.14828019	paper only		3	no	https://europepmc.org/article/PMC/PMC12012091	wjhlab. wjhlab/Age_Related_CyTOF: CyTOF dataset for Age-related divergence of circulating immune responses in patients with solid tumors treated with immune checkpoint inhibitors. Zenodo 10.5281/ZENODO.14828019 (2025). <10.1038/s41467-025-58512-z> <PMC12012091> <40258833>
dataset	4229ccc1-7bd0-5552-99d8-f4e8f7f2571c	Zenodo	10.5281/zenodo.15151354	https://doi.org/10.5281/zenodo.15151354	40954300	R01CA276690	RESOLVES	Zenodo:10.5281/zenodo.15151354	paper only		3	no	https://europepmc.org/article/PMC/PMC12443328	Eleven 10x Visium spatial transcriptomics samples corresponding to partial tissue regions from adjacent slices and high-resolution H&E image of the full large tissue section (10.5281/zenodo.15151354).
dataset	b0b9c891-5c2d-5615-9215-dd1744863909	Zenodo	10.5281/zenodo.15801301	https://doi.org/10.5281/zenodo.15801301	41256547	R01CA287114	RESOLVES	Zenodo:10.5281/zenodo.15801301	paper only		3	no	https://europepmc.org/article/PMC/PMC12621906	The SAKURA method is implemented with Python and is freely available at its Github repository https://github.com/Yip-Lab/SAKURA 67 and Zenodo https://zenodo.org/records/15801301 68 under the MIT license.
dataset	00574ae8-f8cc-5fac-9004-ec766dbeabd1	Zenodo	10.5281/zenodo.15802140	https://doi.org/10.5281/zenodo.15802140	40845844	R01CA288617	RESOLVES	Zenodo:10.5281/zenodo.15802140	paper only		3	no	https://europepmc.org/article/PMC/PMC12396527	Single cell RNA seq data of CRISPR-edited primary human NK cells | This paper | 10.5281/zenodo.15802140
dataset	59803051-c3b1-58c5-a65c-a1ae41dee81b	Zenodo	10.5281/zenodo.16905223	https://doi.org/10.5281/zenodo.16905223	41034556	R01CA291771	RESOLVES	Zenodo:10.5281/zenodo.16905223	paper only		3	no	https://europepmc.org/article/PMC/PMC12488850	The Taiyaki iterative basecalling framework can be found at: https://github.com/wangziyuan66/iterative-labeling-toolkit-taiyaki (10.5281/zenodo.16905223).
dataset	24031d4a-a3d2-5ce9-ad27-24a17aed3c2b	Zenodo	10.5281/zenodo.16905231	https://doi.org/10.5281/zenodo.16905231	41034556	R01CA291771	RESOLVES	Zenodo:10.5281/zenodo.16905231	paper only		3	no	https://europepmc.org/article/PMC/PMC12488850	The Bonito iterative basecalling framework can be found at: https://github.com/wangziyuan66/iterative-labeling-toolkit-bonito (10.5281/zenodo.16905231).
dataset	d0332c7a-577a-5050-8fd8-502905aba0c1	Zenodo	10.5281/zenodo.17058652	https://doi.org/10.5281/zenodo.17058652	42209493	R01CA280279	RESOLVES	Zenodo:10.5281/zenodo.17058652	paper only		3	no	https://europepmc.org/article/PMC/PMC13388996	It is further available via a DOI at [10.5281/zenodo.17058652].
dataset	f2b4a32c-8e3b-514c-936f-19f40a13df1a	Zenodo	10.5281/zenodo.17832952	https://doi.org/10.5281/zenodo.17832952	41450953	R01CA280279	RESOLVES	Zenodo:10.5281/zenodo.17832952	paper only		3	no	https://europepmc.org/article/PMC/PMC12737868	A. Engler (2025). “englea52/OSCC_Memory: APL Bioengineering manuscript (OSCC_Memory),” Zenodo 10.5281/zenodo.17832952 <10.5281/zenodo.17832952>
dataset	e625a5fa-3f50-5640-b219-bfa5648210e4	dbGaP	phs000637	https://www.ncbi.nlm.nih.gov/projects/gap/cgi-bin/study.cgi?study_id=phs000637	38537633	R01CA292941	RESOLVES	dbGaP:phs000637	paper only (repository record not read)		3	no	https://europepmc.org/article/PMC/PMC11019360	Genotype data for the Children’s Oncology Group (COG)/St. Jude Children’s Research Hospital study ALL patients are available on dbGaP under accession number phs000638.v1.p1 and phs000637.v1.p1.
dataset	18ad36d8-4f44-57f2-8ed2-7089a5bd8276	dbGaP	phs000638	https://www.ncbi.nlm.nih.gov/projects/gap/cgi-bin/study.cgi?study_id=phs000638	37710962;38537633	R01CA292941	RESOLVES	dbGaP:phs000638	paper only (repository record not read)		3	no	https://europepmc.org/article/PMC/PMC10550840	The accession numbers for COG and GERA are phs000638.v1.p1 and phs000788.v1.p2, respectively.
dataset	607a8544-f948-59b9-8e0c-626a8cc35c8c	dbGaP	phs000788	https://www.ncbi.nlm.nih.gov/projects/gap/cgi-bin/study.cgi?study_id=phs000788	37710962;38537633	R01CA292941	RESOLVES	dbGaP:phs000788	paper only (repository record not read)		3	no	https://europepmc.org/article/PMC/PMC10550840	The accession numbers for COG and GERA are phs000638.v1.p1 and phs000788.v1.p2, respectively.
dataset	0c57bdd4-4985-5f7d-81bd-8d366507d3d8	dbGaP	phs000920	https://www.ncbi.nlm.nih.gov/projects/gap/cgi-bin/study.cgi?study_id=phs000920	38537633	R01CA292941	RESOLVES	dbGaP:phs000920	paper only (repository record not read)		3	no	https://europepmc.org/article/PMC/PMC11019360	Whole genome sequencing and whole blood RNA sequencing data from the Genes-environments and Admixture in Latino Asthmatics (GALA II) study and the Study of African Americans, Asthma, Genes, and Environments (SAGE), generated as part of the NHLBI TOPMed program, are available dbGaP under accession n…
dataset	5db62712-9164-5a91-b854-74f8ecfecd9c	dbGaP	phs000921	https://www.ncbi.nlm.nih.gov/projects/gap/cgi-bin/study.cgi?study_id=phs000921	38537633	R01CA292941	RESOLVES	dbGaP:phs000921	paper only (repository record not read)		3	no	https://europepmc.org/article/PMC/PMC11019360	Whole genome sequencing and whole blood RNA sequencing data from the Genes-environments and Admixture in Latino Asthmatics (GALA II) study and the Study of African Americans, Asthma, Genes, and Environments (SAGE), generated as part of the NHLBI TOPMed program, are available dbGaP under accession n…
dataset	0913148e-54c6-5933-ba27-4e11e85e6c16	dbGaP	phs002232	https://www.ncbi.nlm.nih.gov/projects/gap/cgi-bin/study.cgi?study_id=phs002232	41125582	R01CA283333	RESOLVES	dbGaP:phs002232	paper only (repository record not read)		3	no	https://europepmc.org/article/PMC/PMC12546916	Access to individual-level data for ZOE 2.0 study participants 57 are available through dbGaP (https://ncbi.nlm.nih.gov/gap/, data accession: phs002232.v1.p1).
dataset	6451f6fa-52e4-54a2-bee7-2e879b5fc49b	dbGaP	phs003048	https://www.ncbi.nlm.nih.gov/projects/gap/cgi-bin/study.cgi?study_id=phs003048	38641668	R01CA290792	RESOLVES	dbGaP:phs003048	paper only (repository record not read)		3	no	https://europepmc.org/article/PMC/PMC11031574	The raw and processed data from scRNA-seq in this study is available in the NIH dbGAP database with controlled access under the accession number phs003048.v1.p1.
dataset	e6f478c0-fb87-5f7c-a14f-a2173a8b69c0	dbGaP	phs003411	https://www.ncbi.nlm.nih.gov/projects/gap/cgi-bin/study.cgi?study_id=phs003411	41392987	R01CA291963	RESOLVES	dbGaP:phs003411	paper only (repository record not read)		3	no	https://europepmc.org/article/PMC/PMC12700541	RNA-Seq data from MCC tumors are available in the Database of Genotypes and Phenotypes (dbGaP) (accession phs003411.v1.p1; https://www.ncbi.nlm.nih.gov/projects/gap/cgi-bin/study.cgi?study_id=phs003411.v1.p1).
dataset	0f1e07d7-1bbc-5045-b5f7-c1d6963eed90	dbGaP	phs003722	https://www.ncbi.nlm.nih.gov/projects/gap/cgi-bin/study.cgi?study_id=phs003722	39386634	R01CA279054	RESOLVES	dbGaP:phs003722	paper only (repository record not read)		3	no	https://europepmc.org/article/PMC/PMC11463674	Deposition of raw lpWGS and whole exome sequencing data to dbGAP has been initiated; the full data set will be available at the time of publication (preliminary accession ID: phs003722.v1.p1).
